{"type":"FeatureCollection","crs":{"type":"name","properties":{"name":"urn:ogc:def:crs:OGC:1.3:CRS84"}},"features":[{"type":"Feature","properties":{},"geometry":{"type":"MultiPolygon","coordinates":[[[[77.51873419405028,35.48565732389375],[77.519,35.486],[77.522,35.486],[77.529,35.485],[77.532,35.487],[77.536,35.489],[77.54,35.487],[77.543,35.484],[77.548,35.484],[77.553,35.485],[77.558,35.488],[77.563,35.486],[77.568,35.485],[77.574,35.483],[77.583,35.48],[77.586,35.468],[77.591,35.466],[77.596,35.469],[77.601,35.47],[77.605,35.473],[77.613,35.471],[77.618,35.468],[77.623,35.466],[77.626,35.464],[77.63,35.463],[77.634,35.464],[77.637,35.465],[77.638,35.476],[77.638,35.481],[77.64,35.484],[77.643,35.484],[77.646,35.485],[77.649,35.485],[77.653,35.486],[77.656,35.483],[77.666,35.473],[77.669,35.469],[77.673,35.466],[77.678,35.464],[77.682,35.459],[77.686,35.456],[77.688,35.453],[77.692,35.456],[77.694,35.459],[77.698,35.464],[77.704,35.464],[77.707,35.463],[77.712,35.462],[77.718,35.462],[77.727,35.473],[77.729,35.477],[77.731,35.479],[77.734,35.483],[77.738,35.488],[77.741,35.494],[77.748,35.497],[77.754,35.498],[77.756,35.501],[77.76,35.503],[77.764,35.502],[77.769,35.5],[77.775,35.499],[77.782,35.5],[77.783,35.504],[77.786,35.506],[77.791,35.507],[77.794,35.509],[77.799,35.51],[77.801,35.517],[77.803,35.519],[77.806,35.521],[77.81,35.522],[77.815,35.522],[77.818,35.519],[77.82,35.518],[77.822,35.515],[77.822,35.514],[77.823,35.513],[77.823,35.511],[77.824,35.511],[77.824,35.511],[77.824,35.51],[77.825,35.51],[77.825,35.509],[77.826,35.509],[77.826,35.508],[77.826,35.506],[77.827,35.505],[77.827,35.505],[77.83,35.503],[77.834,35.504],[77.836,35.504],[77.837,35.504],[77.839,35.504],[77.84,35.503],[77.841,35.503],[77.841,35.502],[77.841,35.501],[77.842,35.5],[77.843,35.5],[77.843,35.499],[77.844,35.498],[77.844,35.497],[77.845,35.496],[77.846,35.495],[77.848,35.494],[77.85,35.493],[77.853,35.491],[77.86,35.5],[77.875,35.492],[77.882,35.48],[77.893,35.475],[77.901,35.466],[77.913,35.464],[77.918,35.474],[77.921,35.484],[77.924,35.497],[77.929,35.508],[77.932,35.517],[77.937,35.525],[77.931,35.531],[77.933,35.539],[77.931,35.548],[77.939,35.559],[77.946,35.555],[77.952,35.553],[77.96,35.559],[77.966,35.566],[77.973,35.569],[77.979,35.57],[77.987,35.564],[77.991,35.56],[78.0,35.563],[78.005,35.569],[78.01,35.57],[78.018,35.568],[78.026,35.567],[78.032,35.575],[78.03,35.58],[78.031,35.584],[78.045,35.585],[78.052,35.577],[78.06,35.573],[78.07,35.568],[78.077,35.56],[78.075,35.551],[78.073,35.544],[78.082,35.54],[78.088,35.536],[78.094,35.54],[78.097,35.549],[78.107,35.554],[78.116,35.551],[78.13,35.546],[78.143,35.548],[78.159,35.553],[78.163,35.574],[78.162,35.588],[78.17,35.598],[78.181,35.601],[78.176,35.609],[78.177,35.623],[78.182,35.635],[78.197,35.64],[78.196,35.65],[78.192,35.66],[78.191,35.674],[78.208,35.668],[78.219,35.68],[78.225,35.692],[78.238,35.705],[78.244,35.725],[78.273,35.726],[78.292,35.725],[78.304,35.727],[78.32,35.721],[78.335,35.721],[78.35,35.723],[78.367,35.726],[78.377,35.728],[78.391,35.729],[78.412,35.735],[78.419,35.756],[78.423,35.769],[78.438,35.78],[78.452,35.779],[78.463,35.764],[78.483,35.767],[78.51,35.77],[78.53,35.763],[78.554,35.772],[78.568,35.785],[78.577,35.797],[78.598,35.807],[78.626,35.815],[78.659,35.825],[78.667,35.843],[78.685,35.85],[78.707,35.857],[78.731,35.862],[78.757,35.863],[78.783,35.867],[78.804,35.877],[78.828,35.909],[78.834,35.934],[78.845,35.948],[78.854,35.971],[78.876,35.969],[78.893,35.956],[78.914,35.953],[78.931,35.947],[78.952,35.947],[78.966,35.935],[78.981,35.933],[78.994,35.933],[79.005,35.928],[79.018,35.925],[79.031,35.915],[79.042,35.925],[79.054,35.939],[79.073,35.947],[79.091,35.947],[79.104,35.945],[79.119,35.944],[79.133,35.943],[79.156,35.943],[79.175,35.938],[79.197,35.933],[79.22,35.93],[79.27,35.927],[79.297,35.941],[79.321,35.957],[79.339,35.966],[79.34,35.984],[79.362,35.986],[79.386,35.978],[79.42,35.975],[79.442,35.968],[79.44,35.954],[79.44,35.943],[79.444,35.932],[79.456,35.924],[79.464,35.912],[79.467,35.897],[79.459,35.888],[79.456,35.876],[79.462,35.867],[79.475,35.857],[79.487,35.85],[79.501,35.847],[79.512,35.85],[79.523,35.862],[79.534,35.868],[79.546,35.881],[79.561,35.886],[79.563,35.897],[79.573,35.892],[79.584,35.883],[79.587,35.873],[79.582,35.862],[79.583,35.852],[79.57,35.843],[79.57,35.824],[79.573,35.81],[79.584,35.815],[79.586,35.805],[79.591,35.791],[79.606,35.786],[79.618,35.785],[79.63,35.778],[79.637,35.771],[79.632,35.763],[79.639,35.755],[79.638,35.746],[79.638,35.735],[79.644,35.725],[79.654,35.723],[79.663,35.719],[79.668,35.709],[79.676,35.7],[79.678,35.691],[79.677,35.68],[79.681,35.668],[79.693,35.667],[79.703,35.651],[79.706,35.638],[79.718,35.636],[79.729,35.642],[79.743,35.638],[79.757,35.633],[79.769,35.627],[79.788,35.624],[79.799,35.626],[79.817,35.627],[79.831,35.61],[79.839,35.598],[79.837,35.585],[79.846,35.575],[79.858,35.576],[79.865,35.582],[79.868,35.597],[79.88,35.599],[79.894,35.604],[79.909,35.601],[79.922,35.607],[79.925,35.621],[79.933,35.623],[79.942,35.625],[79.95,35.632],[79.958,35.629],[79.955,35.618],[79.964,35.614],[79.979,35.606],[79.994,35.603],[80.001,35.592],[79.991,35.582],[79.971,35.58],[79.964,35.564],[79.971,35.551],[79.981,35.543],[79.987,35.529],[79.995,35.517],[80.0,35.503],[80.01,35.488],[80.017,35.466],[80.031,35.451],[80.039,35.436],[80.057,35.422],[80.072,35.423],[80.088,35.435],[80.085,35.455],[80.099,35.465],[80.113,35.478],[80.139,35.488],[80.161,35.502],[80.18,35.514],[80.169,35.541],[80.168,35.555],[80.182,35.56],[80.192,35.568],[80.205,35.575],[80.214,35.567],[80.225,35.555],[80.238,35.557],[80.255,35.563],[80.274,35.556],[80.29,35.557],[80.304,35.545],[80.305,35.532],[80.316,35.524],[80.323,35.532],[80.34,35.531],[80.35,35.526],[80.366,35.525],[80.369,35.511],[80.385,35.501],[80.4,35.483],[80.416,35.464],[80.415,35.435],[80.401,35.42],[80.369,35.388],[80.328,35.379],[80.306,35.369],[80.288,35.358],[80.28,35.335],[80.275,35.305],[80.272,35.289],[80.294,35.268],[80.275,35.217],[80.264,35.205],[80.245,35.185],[80.224,35.163],[80.227,35.148],[80.208,35.124],[80.202,35.085],[80.216,34.995],[80.229,34.991],[80.226,34.982],[80.225,34.97],[80.213,34.963],[80.201,34.96],[80.192,34.956],[80.189,34.942],[80.196,34.931],[80.205,34.916],[80.205,34.891],[80.176,34.882],[80.157,34.868],[80.133,34.851],[80.123,34.836],[80.114,34.829],[80.11,34.804],[80.103,34.787],[80.093,34.77],[80.072,34.769],[80.071,34.752],[80.079,34.733],[80.074,34.706],[80.062,34.704],[80.046,34.7],[80.028,34.697],[80.013,34.694],[79.995,34.692],[79.979,34.698],[79.966,34.694],[79.956,34.68],[79.941,34.678],[79.929,34.693],[79.914,34.691],[79.894,34.694],[79.874,34.685],[79.853,34.674],[79.838,34.659],[79.825,34.645],[79.81,34.638],[79.79,34.628],[79.788,34.612],[79.799,34.593],[79.792,34.577],[79.795,34.556],[79.809,34.545],[79.809,34.517],[79.794,34.48],[79.76,34.47],[79.737,34.475],[79.71,34.482],[79.685,34.477],[79.674,34.455],[79.656,34.452],[79.63,34.453],[79.605,34.465],[79.577,34.46],[79.556,34.465],[79.538,34.479],[79.522,34.459],[79.512,34.45],[79.531,34.443],[79.533,34.42],[79.539,34.398],[79.557,34.374],[79.563,34.353],[79.573,34.331],[79.584,34.316],[79.603,34.307],[79.608,34.288],[79.609,34.26],[79.603,34.237],[79.57,34.223],[79.555,34.209],[79.542,34.203],[79.521,34.198],[79.502,34.195],[79.493,34.187],[79.496,34.161],[79.491,34.134],[79.47,34.116],[79.442,34.116],[79.424,34.11],[79.417,34.098],[79.42,34.084],[79.426,34.068],[79.429,34.06],[79.419,34.054],[79.42,34.042],[79.404,34.027],[79.407,34.007],[79.377,34.001],[79.364,33.996],[79.342,34.002],[79.328,34.006],[79.306,34.01],[79.289,34.015],[79.268,34.019],[79.242,34.018],[79.221,34.012],[79.202,34.021],[79.177,34.024],[79.155,34.011],[79.144,33.997],[79.099,33.99],[79.041,34.007],[79.01,34.024],[78.992,34.035],[78.962,34.026],[78.925,34.015],[78.903,34.002],[78.888,33.97],[78.923,33.925],[78.945,33.889],[78.956,33.852],[78.989,33.8],[79.005,33.772],[79.019,33.73],[79.022,33.674],[79.083,33.649],[79.078,33.619],[79.034,33.62],[78.989,33.61],[78.929,33.62],[78.886,33.576],[78.915,33.548],[78.929,33.475],[78.931,33.425],[78.938,33.399],[78.938,33.385],[78.94,33.381],[78.945,33.38],[78.95,33.375],[78.953,33.369],[78.95,33.364],[78.954,33.361],[78.955,33.357],[78.954,33.354],[78.957,33.35],[78.96,33.346],[78.962,33.341],[78.965,33.339],[78.969,33.336],[78.972,33.335],[78.975,33.335],[78.977,33.333],[78.978,33.33],[78.982,33.327],[78.988,33.326],[78.993,33.325],[78.998,33.326],[79.002,33.327],[79.005,33.327],[79.009,33.324],[79.014,33.323],[79.017,33.323],[79.021,33.324],[79.025,33.322],[79.027,33.32],[79.026,33.315],[79.027,33.312],[79.029,33.308],[79.034,33.307],[79.038,33.305],[79.035,33.301],[79.033,33.297],[79.032,33.294],[79.037,33.291],[79.039,33.287],[79.036,33.282],[79.034,33.279],[79.035,33.277],[79.036,33.272],[79.04,33.268],[79.043,33.264],[79.045,33.261],[79.052,33.262],[79.057,33.258],[79.062,33.255],[79.069,33.253],[79.074,33.249],[79.079,33.246],[79.076,33.241],[79.069,33.238],[79.066,33.234],[79.068,33.231],[79.07,33.227],[79.073,33.223],[79.077,33.222],[79.08,33.221],[79.085,33.22],[79.088,33.216],[79.092,33.214],[79.098,33.21],[79.101,33.207],[79.104,33.205],[79.106,33.202],[79.11,33.2],[79.116,33.202],[79.124,33.202],[79.131,33.199],[79.134,33.195],[79.137,33.193],[79.143,33.19],[79.144,33.186],[79.149,33.184],[79.152,33.182],[79.155,33.186],[79.16,33.19],[79.164,33.193],[79.168,33.198],[79.172,33.201],[79.175,33.205],[79.174,33.21],[79.179,33.211],[79.182,33.214],[79.183,33.22],[79.191,33.22],[79.197,33.215],[79.201,33.21],[79.207,33.211],[79.21,33.215],[79.21,33.22],[79.213,33.224],[79.213,33.228],[79.214,33.234],[79.222,33.236],[79.228,33.234],[79.235,33.234],[79.241,33.23],[79.246,33.225],[79.251,33.222],[79.253,33.216],[79.26,33.215],[79.266,33.219],[79.274,33.22],[79.273,33.213],[79.278,33.209],[79.284,33.206],[79.289,33.203],[79.297,33.201],[79.299,33.197],[79.302,33.191],[79.313,33.191],[79.318,33.19],[79.324,33.191],[79.327,33.196],[79.331,33.201],[79.336,33.204],[79.342,33.203],[79.347,33.202],[79.352,33.201],[79.357,33.199],[79.364,33.197],[79.37,33.198],[79.379,33.198],[79.382,33.2],[79.388,33.201],[79.394,33.199],[79.401,33.195],[79.405,33.191],[79.409,33.187],[79.411,33.181],[79.412,33.175],[79.409,33.17],[79.403,33.169],[79.397,33.17],[79.396,33.165],[79.394,33.159],[79.394,33.153],[79.4,33.149],[79.4,33.144],[79.395,33.138],[79.387,33.133],[79.38,33.126],[79.374,33.12],[79.372,33.113],[79.364,33.106],[79.366,33.097],[79.368,33.087],[79.365,33.078],[79.361,33.071],[79.359,33.061],[79.345,33.059],[79.335,33.046],[79.329,33.033],[79.341,33.023],[79.339,33.006],[79.335,33.001],[79.334,32.998],[79.338,32.992],[79.342,32.986],[79.346,32.98],[79.355,32.976],[79.359,32.966],[79.362,32.96],[79.357,32.958],[79.353,32.955],[79.354,32.95],[79.357,32.947],[79.363,32.941],[79.366,32.938],[79.37,32.941],[79.374,32.941],[79.378,32.945],[79.385,32.945],[79.391,32.944],[79.398,32.942],[79.399,32.937],[79.398,32.932],[79.396,32.928],[79.392,32.922],[79.39,32.917],[79.395,32.914],[79.4,32.912],[79.406,32.909],[79.409,32.905],[79.414,32.902],[79.418,32.9],[79.421,32.895],[79.426,32.894],[79.431,32.891],[79.435,32.892],[79.439,32.891],[79.441,32.89],[79.447,32.89],[79.453,32.888],[79.457,32.879],[79.461,32.882],[79.468,32.88],[79.473,32.876],[79.471,32.873],[79.469,32.868],[79.472,32.864],[79.472,32.859],[79.471,32.844],[79.463,32.838],[79.462,32.832],[79.467,32.829],[79.468,32.825],[79.469,32.822],[79.472,32.818],[79.479,32.813],[79.48,32.81],[79.481,32.806],[79.481,32.801],[79.488,32.795],[79.495,32.792],[79.499,32.789],[79.505,32.784],[79.512,32.782],[79.517,32.781],[79.521,32.779],[79.526,32.778],[79.531,32.777],[79.537,32.775],[79.544,32.774],[79.542,32.764],[79.547,32.765],[79.553,32.761],[79.556,32.757],[79.552,32.751],[79.543,32.73],[79.545,32.727],[79.547,32.723],[79.55,32.721],[79.556,32.721],[79.559,32.718],[79.559,32.711],[79.555,32.709],[79.551,32.705],[79.545,32.707],[79.542,32.705],[79.54,32.7],[79.541,32.691],[79.54,32.685],[79.545,32.68],[79.545,32.675],[79.539,32.671],[79.536,32.664],[79.529,32.659],[79.526,32.654],[79.511,32.646],[79.508,32.644],[79.504,32.643],[79.494,32.632],[79.487,32.628],[79.48,32.62],[79.472,32.618],[79.466,32.612],[79.461,32.605],[79.452,32.603],[79.453,32.598],[79.452,32.594],[79.447,32.589],[79.445,32.582],[79.44,32.579],[79.438,32.575],[79.437,32.571],[79.435,32.567],[79.429,32.563],[79.428,32.559],[79.428,32.555],[79.432,32.554],[79.435,32.549],[79.433,32.544],[79.429,32.54],[79.422,32.541],[79.414,32.541],[79.415,32.536],[79.418,32.531],[79.416,32.525],[79.413,32.52],[79.407,32.519],[79.403,32.523],[79.399,32.526],[79.391,32.525],[79.385,32.526],[79.379,32.528],[79.375,32.53],[79.371,32.53],[79.368,32.532],[79.362,32.532],[79.359,32.529],[79.355,32.527],[79.349,32.53],[79.343,32.535],[79.338,32.538],[79.334,32.543],[79.334,32.547],[79.336,32.55],[79.34,32.553],[79.337,32.556],[79.333,32.559],[79.332,32.564],[79.331,32.565],[79.325,32.561],[79.319,32.559],[79.311,32.56],[79.308,32.551],[79.304,32.549],[79.299,32.544],[79.294,32.54],[79.29,32.543],[79.285,32.545],[79.283,32.548],[79.281,32.553],[79.274,32.55],[79.269,32.545],[79.267,32.539],[79.264,32.536],[79.259,32.537],[79.256,32.536],[79.254,32.532],[79.253,32.528],[79.251,32.525],[79.252,32.522],[79.25,32.519],[79.247,32.517],[79.24,32.517],[79.234,32.519],[79.225,32.524],[79.221,32.521],[79.221,32.515],[79.222,32.51],[79.217,32.51],[79.209,32.51],[79.202,32.512],[79.19,32.516],[79.187,32.514],[79.183,32.511],[79.183,32.506],[79.182,32.503],[79.184,32.498],[79.178,32.497],[79.171,32.496],[79.163,32.495],[79.156,32.495],[79.152,32.489],[79.15,32.484],[79.15,32.478],[79.14,32.48],[79.134,32.48],[79.13,32.478],[79.13,32.474],[79.132,32.469],[79.128,32.466],[79.125,32.461],[79.12,32.459],[79.118,32.455],[79.119,32.452],[79.121,32.448],[79.118,32.443],[79.117,32.438],[79.122,32.435],[79.123,32.432],[79.124,32.428],[79.126,32.422],[79.124,32.419],[79.118,32.418],[79.115,32.418],[79.112,32.414],[79.113,32.411],[79.107,32.409],[79.106,32.405],[79.104,32.401],[79.102,32.398],[79.101,32.393],[79.104,32.389],[79.103,32.379],[79.105,32.375],[79.1,32.371],[79.095,32.371],[79.09,32.372],[79.087,32.372],[79.084,32.376],[79.077,32.381],[79.071,32.384],[79.062,32.387],[79.055,32.386],[79.043,32.382],[79.033,32.382],[79.026,32.381],[79.018,32.382],[79.009,32.379],[79.0,32.375],[78.99,32.371],[78.987,32.365],[78.982,32.356],[78.979,32.35],[78.977,32.346],[78.975,32.342],[78.971,32.337],[78.966,32.337],[78.96,32.341],[78.956,32.344],[78.953,32.348],[78.947,32.35],[78.942,32.354],[78.938,32.358],[78.931,32.361],[78.926,32.364],[78.919,32.366],[78.914,32.368],[78.908,32.373],[78.902,32.382],[78.904,32.388],[78.904,32.392],[78.9,32.395],[78.896,32.395],[78.894,32.399],[78.886,32.398],[78.881,32.399],[78.877,32.402],[78.874,32.406],[78.871,32.411],[78.867,32.413],[78.861,32.413],[78.856,32.415],[78.853,32.413],[78.851,32.413],[78.846,32.412],[78.84,32.412],[78.837,32.415],[78.834,32.417],[78.833,32.421],[78.833,32.424],[78.83,32.428],[78.824,32.429],[78.82,32.431],[78.815,32.433],[78.812,32.436],[78.808,32.44],[78.806,32.445],[78.805,32.452],[78.802,32.457],[78.799,32.463],[78.798,32.469],[78.796,32.473],[78.793,32.476],[78.786,32.478],[78.781,32.479],[78.781,32.482],[78.781,32.486],[78.779,32.491],[78.779,32.496],[78.779,32.501],[78.779,32.506],[78.778,32.511],[78.779,32.513],[78.778,32.518],[78.771,32.523],[78.77,32.528],[78.768,32.532],[78.768,32.536],[78.769,32.538],[78.767,32.545],[78.764,32.548],[78.762,32.553],[78.76,32.557],[78.761,32.56],[78.759,32.563],[78.757,32.567],[78.763,32.579],[78.767,32.58],[78.771,32.583],[78.774,32.585],[78.774,32.589],[78.776,32.592],[78.778,32.598],[78.778,32.602],[78.778,32.607],[78.78,32.612],[78.78,32.617],[78.775,32.619],[78.773,32.622],[78.772,32.626],[78.771,32.628],[78.77,32.63],[78.768,32.631],[78.766,32.634],[78.763,32.635],[78.761,32.636],[78.759,32.637],[78.754,32.64],[78.752,32.643],[78.751,32.646],[78.749,32.649],[78.747,32.651],[78.742,32.655],[78.741,32.662],[78.742,32.665],[78.744,32.669],[78.744,32.672],[78.745,32.676],[78.746,32.681],[78.749,32.685],[78.749,32.689],[78.746,32.692],[78.743,32.693],[78.741,32.695],[78.74,32.696],[78.739,32.696],[78.736,32.693],[78.735,32.688],[78.731,32.684],[78.728,32.68],[78.725,32.676],[78.72,32.673],[78.716,32.672],[78.712,32.669],[78.707,32.668],[78.703,32.667],[78.698,32.666],[78.694,32.664],[78.686,32.662],[78.673,32.657],[78.666,32.657],[78.662,32.656],[78.653,32.652],[78.646,32.647],[78.64,32.644],[78.632,32.64],[78.633,32.633],[78.636,32.625],[78.64,32.618],[78.64,32.609],[78.634,32.606],[78.629,32.604],[78.624,32.603],[78.617,32.604],[78.615,32.604],[78.613,32.603],[78.605,32.601],[78.601,32.601],[78.596,32.602],[78.589,32.604],[78.583,32.604],[78.579,32.608],[78.575,32.614],[78.569,32.616],[78.564,32.616],[78.561,32.621],[78.558,32.621],[78.555,32.617],[78.55,32.619],[78.546,32.617],[78.545,32.614],[78.54,32.612],[78.535,32.613],[78.531,32.614],[78.526,32.614],[78.522,32.614],[78.517,32.614],[78.515,32.612],[78.518,32.606],[78.515,32.601],[78.51,32.595],[78.506,32.589],[78.503,32.586],[78.5,32.583],[78.494,32.585],[78.49,32.584],[78.487,32.581],[78.484,32.578],[78.479,32.576],[78.473,32.578],[78.467,32.581],[78.464,32.58],[78.462,32.58],[78.457,32.58],[78.453,32.581],[78.452,32.577],[78.449,32.574],[78.446,32.574],[78.441,32.573],[78.436,32.572],[78.432,32.571],[78.428,32.57],[78.422,32.57],[78.417,32.568],[78.414,32.564],[78.412,32.559],[78.408,32.556],[78.405,32.553],[78.405,32.548],[78.402,32.545],[78.398,32.545],[78.396,32.542],[78.394,32.538],[78.395,32.534],[78.395,32.53],[78.398,32.529],[78.401,32.527],[78.405,32.526],[78.409,32.524],[78.41,32.522],[78.413,32.517],[78.418,32.515],[78.422,32.511],[78.426,32.506],[78.427,32.502],[78.427,32.497],[78.43,32.493],[78.435,32.489],[78.439,32.486],[78.44,32.482],[78.442,32.479],[78.445,32.476],[78.45,32.475],[78.453,32.473],[78.455,32.469],[78.453,32.465],[78.451,32.462],[78.453,32.459],[78.457,32.457],[78.461,32.456],[78.463,32.452],[78.463,32.448],[78.467,32.445],[78.47,32.444],[78.472,32.441],[78.472,32.438],[78.472,32.432],[78.471,32.426],[78.47,32.422],[78.47,32.417],[78.472,32.413],[78.471,32.409],[78.471,32.404],[78.471,32.399],[78.47,32.396],[78.464,32.394],[78.458,32.392],[78.455,32.389],[78.455,32.384],[78.459,32.379],[78.465,32.375],[78.466,32.372],[78.468,32.368],[78.47,32.365],[78.478,32.366],[78.484,32.361],[78.485,32.356],[78.481,32.352],[78.48,32.349],[78.481,32.345],[78.48,32.342],[78.478,32.339],[78.477,32.335],[78.477,32.329],[78.478,32.326],[78.48,32.325],[78.484,32.325],[78.488,32.324],[78.491,32.324],[78.494,32.323],[78.497,32.324],[78.5,32.321],[78.502,32.32],[78.503,32.315],[78.507,32.307],[78.51,32.303],[78.503,32.297],[78.499,32.294],[78.499,32.292],[78.498,32.288],[78.495,32.284],[78.49,32.278],[78.491,32.274],[78.496,32.276],[78.5,32.274],[78.504,32.271],[78.508,32.269],[78.512,32.266],[78.517,32.264],[78.52,32.262],[78.521,32.258],[78.523,32.253],[78.524,32.25],[78.525,32.246],[78.529,32.244],[78.532,32.243],[78.535,32.239],[78.538,32.237],[78.54,32.231],[78.543,32.228],[78.543,32.222],[78.549,32.218],[78.554,32.214],[78.555,32.211],[78.557,32.208],[78.559,32.204],[78.562,32.204],[78.568,32.202],[78.574,32.202],[78.577,32.204],[78.58,32.204],[78.585,32.202],[78.59,32.201],[78.596,32.198],[78.599,32.194],[78.599,32.189],[78.6,32.186],[78.6,32.181],[78.6,32.176],[78.598,32.174],[78.595,32.171],[78.592,32.167],[78.594,32.163],[78.597,32.158],[78.601,32.156],[78.604,32.155],[78.606,32.153],[78.608,32.15],[78.609,32.149],[78.611,32.149],[78.612,32.149],[78.613,32.149],[78.613,32.148],[78.614,32.148],[78.615,32.147],[78.619,32.143],[78.625,32.14],[78.628,32.136],[78.63,32.131],[78.631,32.126],[78.636,32.125],[78.644,32.123],[78.649,32.119],[78.657,32.116],[78.66,32.116],[78.664,32.117],[78.671,32.117],[78.677,32.115],[78.682,32.115],[78.685,32.111],[78.686,32.108],[78.687,32.104],[78.691,32.101],[78.693,32.097],[78.694,32.095],[78.694,32.094],[78.691,32.092],[78.691,32.09],[78.691,32.089],[78.69,32.087],[78.689,32.087],[78.687,32.086],[78.685,32.079],[78.687,32.074],[78.695,32.068],[78.702,32.067],[78.707,32.06],[78.71,32.055],[78.711,32.051],[78.713,32.046],[78.717,32.044],[78.719,32.042],[78.722,32.039],[78.721,32.033],[78.724,32.027],[78.726,32.02],[78.73,32.016],[78.734,32.013],[78.734,32.01],[78.734,32.005],[78.74,32.001],[78.748,32.003],[78.754,32.002],[78.767,32.004],[78.774,31.996],[78.779,31.993],[78.775,31.988],[78.774,31.983],[78.775,31.975],[78.779,31.967],[78.773,31.963],[78.766,31.96],[78.764,31.951],[78.768,31.944],[78.769,31.931],[78.761,31.926],[78.759,31.921],[78.749,31.912],[78.75,31.908],[78.742,31.902],[78.746,31.894],[78.744,31.888],[78.741,31.885],[78.742,31.883],[78.743,31.882],[78.747,31.88],[78.749,31.877],[78.749,31.874],[78.748,31.872],[78.747,31.872],[78.747,31.871],[78.747,31.871],[78.747,31.871],[78.746,31.87],[78.746,31.87],[78.746,31.87],[78.746,31.869],[78.745,31.869],[78.745,31.868],[78.744,31.867],[78.744,31.867],[78.744,31.865],[78.743,31.863],[78.741,31.861],[78.741,31.859],[78.743,31.858],[78.743,31.857],[78.744,31.856],[78.744,31.855],[78.744,31.855],[78.744,31.854],[78.744,31.853],[78.744,31.853],[78.743,31.852],[78.743,31.851],[78.742,31.85],[78.741,31.849],[78.74,31.844],[78.738,31.84],[78.735,31.836],[78.734,31.832],[78.732,31.831],[78.727,31.829],[78.719,31.824],[78.716,31.821],[78.714,31.818],[78.711,31.816],[78.709,31.814],[78.708,31.813],[78.705,31.811],[78.704,31.81],[78.702,31.808],[78.705,31.802],[78.704,31.794],[78.705,31.79],[78.707,31.785],[78.704,31.779],[78.705,31.775],[78.706,31.773],[78.708,31.772],[78.711,31.77],[78.715,31.769],[78.717,31.766],[78.719,31.763],[78.722,31.761],[78.726,31.756],[78.725,31.752],[78.726,31.748],[78.729,31.745],[78.728,31.741],[78.73,31.736],[78.73,31.733],[78.732,31.731],[78.733,31.729],[78.734,31.726],[78.736,31.723],[78.739,31.72],[78.741,31.72],[78.743,31.718],[78.744,31.714],[78.745,31.708],[78.746,31.704],[78.75,31.699],[78.754,31.695],[78.753,31.691],[78.75,31.686],[78.75,31.683],[78.753,31.68],[78.756,31.677],[78.759,31.676],[78.763,31.675],[78.768,31.675],[78.772,31.676],[78.775,31.676],[78.778,31.677],[78.781,31.678],[78.786,31.678],[78.789,31.679],[78.798,31.682],[78.8,31.68],[78.8,31.676],[78.798,31.671],[78.799,31.667],[78.8,31.663],[78.798,31.66],[78.8,31.655],[78.801,31.652],[78.802,31.648],[78.805,31.644],[78.808,31.641],[78.811,31.638],[78.816,31.638],[78.819,31.636],[78.822,31.633],[78.825,31.632],[78.827,31.63],[78.828,31.627],[78.83,31.624],[78.834,31.624],[78.837,31.623],[78.84,31.623],[78.842,31.621],[78.843,31.619],[78.844,31.616],[78.845,31.612],[78.847,31.608],[78.845,31.604],[78.842,31.601],[78.84,31.597],[78.836,31.598],[78.832,31.596],[78.83,31.593],[78.827,31.588],[78.825,31.586],[78.822,31.583],[78.821,31.578],[78.815,31.577],[78.811,31.577],[78.807,31.577],[78.807,31.573],[78.803,31.566],[78.8,31.564],[78.789,31.559],[78.78,31.556],[78.778,31.552],[78.777,31.547],[78.774,31.544],[78.768,31.544],[78.763,31.548],[78.76,31.544],[78.755,31.542],[78.751,31.541],[78.746,31.541],[78.742,31.54],[78.738,31.536],[78.734,31.535],[78.732,31.533],[78.73,31.53],[78.729,31.526],[78.728,31.521],[78.727,31.517],[78.723,31.514],[78.721,31.51],[78.721,31.507],[78.722,31.501],[78.724,31.496],[78.725,31.492],[78.727,31.488],[78.725,31.485],[78.727,31.483],[78.731,31.484],[78.735,31.483],[78.738,31.481],[78.743,31.482],[78.745,31.484],[78.749,31.484],[78.753,31.483],[78.758,31.483],[78.76,31.48],[78.763,31.475],[78.768,31.473],[78.77,31.468],[78.771,31.464],[78.774,31.459],[78.776,31.453],[78.783,31.45],[78.788,31.449],[78.794,31.445],[78.797,31.444],[78.797,31.439],[78.794,31.436],[78.789,31.435],[78.786,31.43],[78.784,31.429],[78.781,31.425],[78.779,31.422],[78.778,31.42],[78.776,31.419],[78.773,31.417],[78.772,31.413],[78.769,31.409],[78.768,31.406],[78.766,31.403],[78.762,31.401],[78.761,31.397],[78.759,31.393],[78.757,31.391],[78.755,31.388],[78.754,31.386],[78.754,31.384],[78.755,31.378],[78.757,31.374],[78.754,31.37],[78.751,31.369],[78.75,31.367],[78.751,31.364],[78.753,31.362],[78.755,31.36],[78.758,31.357],[78.76,31.356],[78.761,31.356],[78.764,31.354],[78.768,31.351],[78.77,31.349],[78.769,31.346],[78.764,31.343],[78.766,31.339],[78.77,31.337],[78.773,31.334],[78.774,31.331],[78.771,31.33],[78.769,31.328],[78.77,31.324],[78.772,31.323],[78.776,31.322],[78.778,31.319],[78.779,31.317],[78.779,31.312],[78.782,31.31],[78.786,31.308],[78.79,31.306],[78.792,31.304],[78.797,31.304],[78.801,31.306],[78.806,31.306],[78.808,31.307],[78.813,31.306],[78.815,31.304],[78.818,31.299],[78.825,31.296],[78.83,31.295],[78.835,31.294],[78.839,31.295],[78.842,31.296],[78.848,31.295],[78.855,31.295],[78.857,31.3],[78.853,31.303],[78.852,31.306],[78.851,31.309],[78.855,31.313],[78.859,31.315],[78.864,31.313],[78.868,31.307],[78.875,31.304],[78.877,31.301],[78.879,31.298],[78.881,31.29],[78.888,31.287],[78.898,31.289],[78.901,31.294],[78.901,31.297],[78.899,31.3],[78.899,31.304],[78.902,31.306],[78.906,31.309],[78.909,31.309],[78.913,31.31],[78.915,31.312],[78.918,31.317],[78.917,31.319],[78.918,31.322],[78.92,31.324],[78.923,31.326],[78.926,31.329],[78.928,31.332],[78.93,31.337],[78.932,31.342],[78.935,31.343],[78.939,31.346],[78.941,31.35],[78.942,31.353],[78.942,31.356],[78.942,31.358],[78.944,31.361],[78.945,31.366],[78.951,31.365],[78.957,31.362],[78.966,31.359],[78.971,31.357],[78.977,31.362],[78.981,31.362],[78.985,31.359],[78.989,31.355],[78.988,31.351],[78.987,31.349],[78.99,31.346],[78.993,31.345],[78.998,31.343],[79.004,31.343],[79.01,31.346],[79.014,31.348],[79.019,31.349],[79.018,31.357],[79.017,31.361],[79.015,31.365],[79.014,31.367],[79.012,31.371],[79.01,31.382],[79.013,31.384],[79.017,31.389],[79.018,31.393],[79.017,31.397],[79.016,31.402],[79.017,31.407],[79.016,31.413],[79.016,31.418],[79.018,31.423],[79.019,31.427],[79.022,31.426],[79.024,31.427],[79.027,31.43],[79.035,31.432],[79.045,31.433],[79.051,31.427],[79.054,31.429],[79.062,31.434],[79.067,31.438],[79.069,31.448],[79.072,31.454],[79.077,31.458],[79.08,31.455],[79.084,31.451],[79.093,31.452],[79.099,31.455],[79.102,31.452],[79.106,31.45],[79.108,31.445],[79.113,31.443],[79.118,31.441],[79.129,31.439],[79.139,31.434],[79.143,31.427],[79.147,31.422],[79.152,31.416],[79.156,31.408],[79.163,31.4],[79.171,31.398],[79.174,31.39],[79.176,31.384],[79.171,31.377],[79.169,31.37],[79.171,31.363],[79.176,31.36],[79.183,31.36],[79.189,31.356],[79.193,31.355],[79.2,31.354],[79.209,31.353],[79.214,31.352],[79.217,31.348],[79.223,31.346],[79.227,31.343],[79.231,31.337],[79.236,31.335],[79.231,31.331],[79.228,31.33],[79.224,31.327],[79.223,31.323],[79.222,31.318],[79.221,31.315],[79.225,31.312],[79.228,31.307],[79.232,31.303],[79.239,31.299],[79.246,31.297],[79.25,31.294],[79.249,31.29],[79.249,31.285],[79.247,31.281],[79.247,31.277],[79.243,31.274],[79.239,31.271],[79.235,31.27],[79.231,31.268],[79.227,31.262],[79.23,31.26],[79.238,31.256],[79.243,31.252],[79.25,31.249],[79.253,31.246],[79.257,31.242],[79.26,31.24],[79.266,31.238],[79.274,31.239],[79.28,31.238],[79.287,31.234],[79.289,31.229],[79.29,31.226],[79.295,31.222],[79.301,31.219],[79.302,31.214],[79.303,31.211],[79.305,31.206],[79.304,31.204],[79.305,31.199],[79.306,31.196],[79.305,31.192],[79.306,31.189],[79.306,31.185],[79.307,31.18],[79.309,31.175],[79.306,31.171],[79.306,31.167],[79.309,31.162],[79.309,31.158],[79.31,31.153],[79.313,31.148],[79.318,31.143],[79.322,31.138],[79.329,31.133],[79.338,31.133],[79.342,31.128],[79.348,31.126],[79.353,31.122],[79.36,31.123],[79.366,31.122],[79.37,31.117],[79.376,31.114],[79.379,31.114],[79.382,31.116],[79.385,31.115],[79.39,31.117],[79.394,31.117],[79.398,31.116],[79.4,31.115],[79.403,31.115],[79.408,31.114],[79.413,31.108],[79.414,31.104],[79.416,31.096],[79.417,31.086],[79.415,31.077],[79.413,31.073],[79.42,31.065],[79.42,31.051],[79.42,31.044],[79.421,31.04],[79.423,31.035],[79.424,31.03],[79.426,31.026],[79.427,31.023],[79.434,31.023],[79.441,31.025],[79.447,31.028],[79.452,31.03],[79.458,31.031],[79.463,31.032],[79.469,31.033],[79.473,31.035],[79.478,31.033],[79.483,31.034],[79.49,31.031],[79.498,31.031],[79.503,31.032],[79.509,31.028],[79.509,31.022],[79.509,31.015],[79.517,31.01],[79.519,31.006],[79.519,31.003],[79.517,31.0],[79.517,30.997],[79.52,30.994],[79.524,30.99],[79.537,30.981],[79.54,30.975],[79.541,30.973],[79.545,30.971],[79.548,30.968],[79.551,30.964],[79.552,30.959],[79.556,30.956],[79.566,30.954],[79.571,30.949],[79.581,30.948],[79.593,30.944],[79.602,30.941],[79.607,30.942],[79.615,30.944],[79.622,30.951],[79.633,30.952],[79.642,30.957],[79.649,30.96],[79.658,30.963],[79.666,30.967],[79.663,30.972],[79.666,30.983],[79.677,30.981],[79.689,30.974],[79.697,30.971],[79.706,30.975],[79.716,30.975],[79.724,30.977],[79.731,30.979],[79.738,30.982],[79.741,30.987],[79.744,30.993],[79.746,30.996],[79.748,31.0],[79.751,31.005],[79.757,31.001],[79.762,31.0],[79.763,30.997],[79.766,30.995],[79.769,30.991],[79.774,30.989],[79.776,30.986],[79.782,30.987],[79.793,30.986],[79.795,30.98],[79.802,30.978],[79.809,30.979],[79.813,30.976],[79.816,30.972],[79.823,30.972],[79.83,30.973],[79.835,30.972],[79.841,30.973],[79.846,30.974],[79.853,30.975],[79.857,30.976],[79.861,30.974],[79.865,30.972],[79.871,30.969],[79.876,30.966],[79.878,30.959],[79.88,30.957],[79.882,30.953],[79.882,30.949],[79.884,30.944],[79.886,30.94],[79.888,30.935],[79.887,30.928],[79.889,30.919],[79.893,30.917],[79.897,30.917],[79.903,30.915],[79.91,30.913],[79.914,30.907],[79.917,30.901],[79.92,30.897],[79.924,30.892],[79.927,30.886],[79.934,30.879],[79.94,30.884],[79.947,30.883],[79.952,30.884],[79.96,30.888],[79.965,30.884],[79.973,30.879],[79.981,30.878],[79.987,30.877],[79.994,30.872],[79.995,30.867],[80.002,30.866],[80.008,30.866],[80.013,30.86],[80.015,30.857],[80.019,30.853],[80.026,30.849],[80.031,30.842],[80.037,30.84],[80.042,30.837],[80.048,30.84],[80.053,30.84],[80.056,30.836],[80.064,30.828],[80.071,30.822],[80.075,30.819],[80.078,30.815],[80.082,30.808],[80.085,30.802],[80.088,30.796],[80.093,30.794],[80.099,30.791],[80.104,30.787],[80.109,30.782],[80.113,30.78],[80.117,30.781],[80.12,30.779],[80.123,30.78],[80.128,30.781],[80.129,30.785],[80.131,30.787],[80.136,30.787],[80.14,30.79],[80.144,30.792],[80.148,30.791],[80.153,30.79],[80.155,30.791],[80.153,30.794],[80.156,30.799],[80.156,30.802],[80.157,30.806],[80.161,30.808],[80.163,30.807],[80.167,30.806],[80.17,30.807],[80.173,30.809],[80.178,30.807],[80.18,30.803],[80.181,30.8],[80.184,30.798],[80.184,30.795],[80.185,30.792],[80.187,30.79],[80.189,30.789],[80.193,30.786],[80.195,30.781],[80.2,30.776],[80.197,30.773],[80.197,30.769],[80.199,30.764],[80.203,30.762],[80.207,30.76],[80.209,30.758],[80.21,30.756],[80.212,30.753],[80.215,30.752],[80.217,30.752],[80.22,30.753],[80.223,30.754],[80.234,30.762],[80.24,30.758],[80.241,30.749],[80.244,30.745],[80.248,30.742],[80.249,30.737],[80.249,30.734],[80.249,30.73],[80.248,30.726],[80.247,30.724],[80.249,30.72],[80.246,30.717],[80.243,30.716],[80.24,30.712],[80.238,30.711],[80.234,30.709],[80.233,30.705],[80.233,30.701],[80.234,30.696],[80.233,30.692],[80.231,30.69],[80.226,30.689],[80.224,30.69],[80.221,30.688],[80.218,30.687],[80.215,30.687],[80.212,30.687],[80.21,30.688],[80.205,30.688],[80.202,30.687],[80.199,30.686],[80.198,30.684],[80.198,30.681],[80.196,30.677],[80.195,30.674],[80.195,30.671],[80.194,30.668],[80.193,30.666],[80.194,30.664],[80.195,30.663],[80.197,30.661],[80.2,30.658],[80.202,30.655],[80.205,30.652],[80.207,30.65],[80.211,30.648],[80.214,30.645],[80.216,30.644],[80.22,30.641],[80.219,30.638],[80.219,30.634],[80.217,30.632],[80.215,30.629],[80.212,30.627],[80.213,30.624],[80.214,30.622],[80.214,30.619],[80.215,30.615],[80.216,30.61],[80.214,30.607],[80.214,30.603],[80.212,30.599],[80.21,30.595],[80.208,30.589],[80.215,30.583],[80.221,30.579],[80.228,30.58],[80.235,30.578],[80.242,30.574],[80.249,30.57],[80.255,30.565],[80.263,30.568],[80.267,30.568],[80.276,30.568],[80.284,30.57],[80.291,30.569],[80.298,30.567],[80.304,30.567],[80.31,30.566],[80.315,30.565],[80.32,30.551],[80.319,30.545],[80.327,30.539],[80.334,30.536],[80.337,30.528],[80.344,30.521],[80.353,30.523],[80.36,30.524],[80.365,30.528],[80.371,30.525],[80.377,30.524],[80.38,30.519],[80.385,30.518],[80.393,30.518],[80.4,30.519],[80.406,30.521],[80.41,30.525],[80.417,30.524],[80.416,30.521],[80.417,30.517],[80.421,30.515],[80.427,30.514],[80.43,30.51],[80.435,30.507],[80.439,30.505],[80.443,30.502],[80.444,30.498],[80.45,30.497],[80.455,30.495],[80.458,30.494],[80.462,30.493],[80.466,30.491],[80.471,30.491],[80.476,30.49],[80.484,30.49],[80.488,30.486],[80.492,30.486],[80.497,30.488],[80.501,30.484],[80.506,30.479],[80.508,30.475],[80.513,30.473],[80.518,30.472],[80.522,30.469],[80.525,30.466],[80.528,30.459],[80.534,30.455],[80.538,30.452],[80.548,30.449],[80.552,30.451],[80.556,30.452],[80.56,30.456],[80.565,30.459],[80.567,30.464],[80.572,30.464],[80.578,30.466],[80.585,30.469],[80.59,30.468],[80.594,30.469],[80.597,30.469],[80.602,30.471],[80.607,30.471],[80.608,30.465],[80.611,30.462],[80.614,30.459],[80.618,30.46],[80.623,30.462],[80.626,30.459],[80.629,30.457],[80.633,30.455],[80.637,30.45],[80.641,30.451],[80.646,30.448],[80.648,30.446],[80.652,30.445],[80.656,30.443],[80.66,30.44],[80.666,30.437],[80.669,30.433],[80.674,30.431],[80.678,30.428],[80.678,30.424],[80.679,30.422],[80.683,30.422],[80.687,30.419],[80.688,30.415],[80.693,30.413],[80.698,30.414],[80.702,30.416],[80.706,30.418],[80.711,30.415],[80.716,30.413],[80.719,30.41],[80.722,30.408],[80.729,30.401],[80.734,30.401],[80.738,30.396],[80.741,30.391],[80.745,30.389],[80.748,30.388],[80.75,30.384],[80.751,30.381],[80.754,30.378],[80.76,30.375],[80.762,30.373],[80.765,30.372],[80.767,30.369],[80.772,30.365],[80.775,30.361],[80.778,30.356],[80.784,30.354],[80.785,30.349],[80.787,30.341],[80.791,30.339],[80.8,30.334],[80.801,30.327],[80.805,30.323],[80.816,30.323],[80.821,30.32],[80.825,30.316],[80.829,30.315],[80.835,30.313],[80.845,30.317],[80.851,30.316],[80.859,30.315],[80.866,30.31],[80.872,30.307],[80.875,30.301],[80.882,30.301],[80.886,30.3],[80.889,30.302],[80.894,30.302],[80.901,30.302],[80.907,30.304],[80.908,30.3],[80.908,30.295],[80.912,30.29],[80.914,30.288],[80.916,30.287],[80.92,30.285],[80.925,30.284],[80.929,30.28],[80.93,30.276],[80.927,30.274],[80.926,30.271],[80.926,30.27],[80.927,30.267],[80.933,30.264],[80.938,30.265],[80.94,30.266],[80.943,30.267],[80.947,30.269],[80.954,30.27],[80.966,30.27],[80.978,30.27],[80.983,30.27],[80.988,30.268],[80.995,30.266],[81.006,30.262],[81.009,30.257],[81.016,30.253],[81.022,30.249],[81.03,30.248],[81.028,30.24],[81.029,30.235],[81.028,30.232],[81.028,30.232],[81.028,30.231],[81.027,30.23],[81.027,30.229],[81.026,30.229],[81.026,30.228],[81.026,30.228],[81.026,30.227],[81.026,30.227],[81.026,30.227],[81.026,30.226],[81.027,30.226],[81.027,30.226],[81.028,30.226],[81.028,30.226],[81.029,30.226],[81.03,30.225],[81.03,30.224],[81.029,30.222],[81.029,30.221],[81.029,30.22],[81.029,30.219],[81.029,30.219],[81.03,30.219],[81.031,30.219],[81.032,30.218],[81.033,30.218],[81.033,30.218],[81.034,30.218],[81.034,30.218],[81.035,30.217],[81.035,30.217],[81.036,30.216],[81.037,30.216],[81.038,30.215],[81.039,30.215],[81.039,30.215],[81.04,30.215],[81.041,30.214],[81.041,30.214],[81.042,30.212],[81.042,30.212],[81.043,30.211],[81.044,30.211],[81.044,30.211],[81.045,30.21],[81.045,30.21],[81.045,30.209],[81.045,30.208],[81.045,30.208],[81.045,30.207],[81.045,30.206],[81.044,30.205],[81.043,30.205],[81.043,30.204],[81.042,30.204],[81.041,30.204],[81.041,30.203],[81.04,30.203],[81.04,30.203],[81.039,30.203],[81.039,30.203],[81.038,30.202],[81.037,30.203],[81.037,30.203],[81.036,30.202],[81.035,30.202],[81.034,30.201],[81.034,30.201],[81.034,30.2],[81.035,30.199],[81.035,30.199],[81.035,30.199],[81.035,30.198],[81.035,30.198],[81.035,30.198],[81.035,30.197],[81.034,30.197],[81.034,30.197],[81.033,30.197],[81.033,30.197],[81.033,30.197],[81.033,30.197],[81.033,30.197],[81.032,30.197],[81.032,30.197],[81.032,30.197],[81.032,30.197],[81.032,30.197],[81.032,30.197],[81.032,30.197],[81.031,30.197],[81.031,30.197],[81.031,30.197],[81.031,30.197],[81.031,30.196],[81.031,30.196],[81.03,30.196],[81.03,30.196],[81.03,30.196],[81.03,30.195],[81.029,30.195],[81.029,30.195],[81.029,30.195],[81.029,30.195],[81.028,30.195],[81.028,30.195],[81.027,30.195],[81.027,30.195],[81.026,30.195],[81.026,30.195],[81.025,30.195],[81.025,30.196],[81.024,30.196],[81.024,30.196],[81.024,30.196],[81.023,30.196],[81.023,30.196],[81.022,30.196],[81.022,30.196],[81.022,30.196],[81.022,30.196],[81.021,30.196],[81.021,30.196],[81.021,30.195],[81.021,30.195],[81.021,30.195],[81.02,30.195],[81.02,30.195],[81.02,30.195],[81.02,30.195],[81.019,30.195],[81.019,30.195],[81.019,30.195],[81.019,30.195],[81.019,30.195],[81.018,30.195],[81.018,30.195],[81.018,30.195],[81.018,30.195],[81.018,30.195],[81.017,30.195],[81.017,30.195],[81.017,30.194],[81.017,30.194],[81.017,30.194],[81.016,30.194],[81.016,30.194],[81.016,30.195],[81.015,30.194],[81.015,30.194],[81.015,30.194],[81.014,30.194],[81.014,30.194],[81.013,30.194],[81.013,30.194],[81.012,30.193],[81.011,30.194],[81.01,30.194],[81.009,30.193],[81.009,30.192],[81.009,30.192],[81.008,30.192],[81.007,30.191],[81.006,30.191],[81.005,30.191],[81.004,30.191],[81.003,30.191],[81.001,30.191],[81.0,30.19],[81.0,30.189],[81.0,30.189],[80.999,30.188],[80.999,30.188],[80.998,30.187],[80.997,30.186],[80.997,30.186],[80.996,30.186],[80.996,30.186],[80.995,30.186],[80.995,30.186],[80.995,30.186],[80.995,30.186],[80.994,30.186],[80.994,30.186],[80.993,30.186],[80.993,30.186],[80.993,30.186],[80.993,30.187],[80.992,30.187],[80.992,30.187],[80.992,30.187],[80.992,30.187],[80.991,30.187],[80.991,30.187],[80.99,30.187],[80.99,30.187],[80.99,30.187],[80.989,30.186],[80.989,30.186],[80.989,30.186],[80.988,30.186],[80.987,30.186],[80.987,30.186],[80.986,30.187],[80.986,30.187],[80.985,30.187],[80.985,30.187],[80.985,30.187],[80.984,30.188],[80.984,30.188],[80.984,30.188],[80.984,30.188],[80.983,30.188],[80.983,30.188],[80.983,30.189],[80.983,30.19],[80.982,30.19],[80.981,30.19],[80.98,30.19],[80.979,30.19],[80.978,30.19],[80.977,30.191],[80.976,30.191],[80.975,30.192],[80.974,30.191],[80.973,30.191],[80.972,30.19],[80.971,30.19],[80.97,30.189],[80.97,30.189],[80.97,30.188],[80.97,30.188],[80.97,30.187],[80.97,30.186],[80.97,30.186],[80.969,30.186],[80.969,30.186],[80.969,30.186],[80.968,30.186],[80.968,30.186],[80.968,30.186],[80.967,30.186],[80.966,30.186],[80.965,30.186],[80.964,30.186],[80.963,30.186],[80.961,30.185],[80.96,30.185],[80.959,30.185],[80.958,30.185],[80.956,30.184],[80.955,30.184],[80.954,30.184],[80.954,30.184],[80.953,30.185],[80.953,30.185],[80.953,30.184],[80.952,30.184],[80.952,30.184],[80.951,30.183],[80.951,30.183],[80.95,30.182],[80.949,30.182],[80.948,30.182],[80.947,30.182],[80.946,30.182],[80.946,30.181],[80.946,30.181],[80.945,30.18],[80.945,30.18],[80.944,30.18],[80.944,30.18],[80.943,30.18],[80.942,30.18],[80.942,30.179],[80.942,30.179],[80.942,30.179],[80.941,30.178],[80.941,30.178],[80.941,30.178],[80.941,30.177],[80.941,30.177],[80.94,30.177],[80.94,30.177],[80.94,30.177],[80.939,30.177],[80.939,30.177],[80.939,30.178],[80.938,30.178],[80.938,30.178],[80.937,30.178],[80.936,30.178],[80.935,30.177],[80.935,30.177],[80.935,30.177],[80.934,30.177],[80.933,30.177],[80.933,30.178],[80.933,30.178],[80.933,30.178],[80.933,30.179],[80.933,30.18],[80.933,30.182],[80.932,30.184],[80.931,30.186],[80.927,30.188],[80.925,30.189],[80.925,30.189],[80.925,30.191],[80.924,30.194],[80.923,30.203],[80.924,30.204],[80.924,30.205],[80.924,30.206],[80.926,30.206],[80.926,30.206],[80.927,30.207],[80.927,30.207],[80.928,30.207],[80.929,30.208],[80.929,30.209],[80.93,30.21],[80.93,30.211],[80.93,30.212],[80.93,30.213],[80.93,30.213],[80.93,30.214],[80.93,30.214],[80.929,30.215],[80.929,30.215],[80.928,30.216],[80.928,30.216],[80.928,30.217],[80.927,30.217],[80.927,30.217],[80.926,30.217],[80.925,30.217],[80.925,30.218],[80.925,30.218],[80.925,30.218],[80.924,30.218],[80.924,30.219],[80.924,30.219],[80.924,30.219],[80.924,30.22],[80.923,30.22],[80.923,30.22],[80.923,30.22],[80.923,30.221],[80.923,30.221],[80.923,30.221],[80.922,30.221],[80.922,30.221],[80.922,30.222],[80.922,30.222],[80.922,30.222],[80.922,30.223],[80.922,30.223],[80.922,30.223],[80.921,30.224],[80.921,30.224],[80.921,30.224],[80.921,30.225],[80.92,30.225],[80.92,30.226],[80.92,30.226],[80.92,30.226],[80.919,30.226],[80.918,30.226],[80.917,30.226],[80.917,30.226],[80.916,30.225],[80.915,30.225],[80.915,30.224],[80.914,30.224],[80.913,30.224],[80.911,30.223],[80.91,30.223],[80.909,30.222],[80.908,30.222],[80.908,30.221],[80.908,30.221],[80.907,30.221],[80.906,30.22],[80.906,30.22],[80.906,30.219],[80.905,30.219],[80.905,30.218],[80.904,30.218],[80.904,30.218],[80.904,30.217],[80.904,30.217],[80.903,30.216],[80.903,30.216],[80.903,30.215],[80.902,30.214],[80.902,30.214],[80.901,30.214],[80.9,30.214],[80.899,30.213],[80.898,30.213],[80.898,30.213],[80.897,30.212],[80.896,30.211],[80.896,30.211],[80.895,30.21],[80.895,30.208],[80.895,30.208],[80.895,30.207],[80.894,30.206],[80.893,30.206],[80.893,30.205],[80.893,30.205],[80.892,30.205],[80.892,30.204],[80.891,30.204],[80.89,30.203],[80.89,30.202],[80.89,30.201],[80.889,30.2],[80.889,30.199],[80.888,30.199],[80.887,30.198],[80.886,30.197],[80.886,30.196],[80.885,30.195],[80.884,30.195],[80.884,30.193],[80.884,30.192],[80.885,30.19],[80.885,30.189],[80.885,30.188],[80.885,30.187],[80.884,30.186],[80.883,30.186],[80.883,30.185],[80.883,30.185],[80.882,30.184],[80.881,30.183],[80.881,30.182],[80.88,30.182],[80.88,30.181],[80.879,30.18],[80.879,30.18],[80.878,30.18],[80.878,30.18],[80.876,30.18],[80.876,30.179],[80.875,30.179],[80.875,30.178],[80.874,30.178],[80.874,30.177],[80.873,30.177],[80.872,30.177],[80.871,30.177],[80.87,30.177],[80.869,30.176],[80.869,30.176],[80.868,30.175],[80.867,30.175],[80.866,30.175],[80.866,30.174],[80.866,30.173],[80.866,30.172],[80.865,30.172],[80.864,30.171],[80.863,30.169],[80.863,30.168],[80.867,30.166],[80.868,30.163],[80.87,30.162],[80.871,30.161],[80.871,30.161],[80.871,30.159],[80.872,30.158],[80.871,30.158],[80.871,30.158],[80.871,30.157],[80.871,30.156],[80.871,30.155],[80.872,30.154],[80.871,30.153],[80.871,30.153],[80.871,30.153],[80.872,30.152],[80.872,30.151],[80.872,30.149],[80.873,30.148],[80.874,30.146],[80.874,30.143],[80.875,30.142],[80.876,30.142],[80.876,30.141],[80.876,30.14],[80.876,30.139],[80.876,30.139],[80.876,30.138],[80.876,30.136],[80.877,30.136],[80.878,30.134],[80.879,30.132],[80.877,30.13],[80.878,30.129],[80.876,30.128],[80.875,30.127],[80.874,30.126],[80.872,30.126],[80.871,30.126],[80.867,30.125],[80.866,30.123],[80.863,30.122],[80.862,30.121],[80.861,30.121],[80.86,30.122],[80.859,30.122],[80.858,30.121],[80.856,30.12],[80.855,30.12],[80.854,30.119],[80.852,30.118],[80.849,30.118],[80.848,30.117],[80.846,30.117],[80.844,30.116],[80.843,30.114],[80.842,30.112],[80.842,30.11],[80.844,30.109],[80.846,30.107],[80.846,30.105],[80.845,30.102],[80.842,30.101],[80.841,30.1],[80.838,30.098],[80.835,30.097],[80.832,30.098],[80.829,30.097],[80.827,30.099],[80.824,30.1],[80.821,30.1],[80.82,30.098],[80.818,30.097],[80.816,30.097],[80.815,30.096],[80.814,30.094],[80.812,30.093],[80.81,30.091],[80.806,30.09],[80.804,30.088],[80.802,30.086],[80.801,30.084],[80.8,30.082],[80.798,30.08],[80.796,30.079],[80.794,30.077],[80.792,30.075],[80.79,30.073],[80.789,30.071],[80.789,30.07],[80.788,30.068],[80.786,30.066],[80.785,30.065],[80.784,30.063],[80.782,30.061],[80.781,30.059],[80.78,30.057],[80.778,30.055],[80.776,30.054],[80.772,30.054],[80.77,30.053],[80.767,30.052],[80.764,30.051],[80.762,30.05],[80.761,30.049],[80.76,30.047],[80.758,30.045],[80.759,30.044],[80.758,30.042],[80.756,30.04],[80.756,30.039],[80.756,30.036],[80.756,30.035],[80.756,30.033],[80.755,30.032],[80.756,30.03],[80.758,30.028],[80.758,30.027],[80.758,30.025],[80.757,30.023],[80.755,30.021],[80.754,30.019],[80.753,30.018],[80.753,30.017],[80.752,30.015],[80.752,30.014],[80.751,30.012],[80.75,30.01],[80.749,30.008],[80.747,30.006],[80.746,30.005],[80.744,30.004],[80.742,30.003],[80.741,30.002],[80.741,30.001],[80.739,30.0],[80.737,30.0],[80.734,30.0],[80.732,30.0],[80.73,30.0],[80.728,30.001],[80.726,30.0],[80.724,30.0],[80.722,30.001],[80.72,30.001],[80.719,30.0],[80.717,29.998],[80.716,29.997],[80.716,29.996],[80.715,29.994],[80.714,29.993],[80.713,29.991],[80.712,29.99],[80.71,29.989],[80.708,29.988],[80.707,29.987],[80.705,29.986],[80.703,29.984],[80.702,29.983],[80.701,29.981],[80.7,29.98],[80.699,29.98],[80.697,29.98],[80.696,29.978],[80.693,29.977],[80.692,29.976],[80.69,29.974],[80.688,29.972],[80.687,29.97],[80.684,29.968],[80.683,29.966],[80.683,29.963],[80.681,29.962],[80.679,29.961],[80.679,29.96],[80.677,29.959],[80.676,29.958],[80.673,29.957],[80.671,29.957],[80.668,29.957],[80.665,29.957],[80.663,29.957],[80.661,29.956],[80.659,29.956],[80.657,29.955],[80.654,29.956],[80.651,29.956],[80.65,29.956],[80.648,29.956],[80.646,29.957],[80.644,29.958],[80.643,29.959],[80.641,29.96],[80.64,29.962],[80.637,29.963],[80.634,29.964],[80.632,29.965],[80.629,29.965],[80.627,29.965],[80.624,29.964],[80.623,29.964],[80.62,29.964],[80.618,29.963],[80.616,29.961],[80.613,29.96],[80.611,29.959],[80.609,29.959],[80.608,29.959],[80.605,29.959],[80.603,29.959],[80.6,29.957],[80.598,29.955],[80.596,29.953],[80.595,29.953],[80.593,29.951],[80.591,29.949],[80.59,29.947],[80.589,29.946],[80.588,29.944],[80.586,29.942],[80.586,29.942],[80.586,29.941],[80.585,29.94],[80.584,29.939],[80.583,29.938],[80.581,29.936],[80.581,29.935],[80.58,29.934],[80.579,29.932],[80.579,29.931],[80.579,29.929],[80.578,29.928],[80.576,29.925],[80.574,29.924],[80.574,29.921],[80.573,29.919],[80.572,29.917],[80.571,29.916],[80.571,29.914],[80.571,29.912],[80.57,29.91],[80.57,29.909],[80.571,29.906],[80.571,29.904],[80.571,29.902],[80.572,29.899],[80.573,29.896],[80.572,29.894],[80.571,29.893],[80.57,29.891],[80.569,29.889],[80.569,29.888],[80.568,29.886],[80.568,29.884],[80.567,29.881],[80.566,29.88],[80.566,29.879],[80.564,29.877],[80.562,29.876],[80.56,29.875],[80.559,29.873],[80.557,29.87],[80.557,29.869],[80.56,29.868],[80.561,29.867],[80.561,29.866],[80.559,29.865],[80.557,29.864],[80.555,29.863],[80.554,29.861],[80.554,29.859],[80.552,29.857],[80.551,29.856],[80.553,29.854],[80.554,29.852],[80.553,29.851],[80.551,29.85],[80.549,29.85],[80.548,29.85],[80.548,29.849],[80.546,29.848],[80.545,29.847],[80.544,29.846],[80.543,29.847],[80.54,29.847],[80.539,29.847],[80.538,29.846],[80.538,29.845],[80.537,29.844],[80.536,29.842],[80.536,29.84],[80.536,29.839],[80.535,29.838],[80.533,29.839],[80.531,29.838],[80.53,29.836],[80.529,29.836],[80.528,29.835],[80.528,29.833],[80.526,29.833],[80.524,29.832],[80.524,29.831],[80.524,29.829],[80.522,29.828],[80.519,29.826],[80.518,29.825],[80.516,29.825],[80.514,29.825],[80.513,29.825],[80.511,29.825],[80.51,29.824],[80.509,29.824],[80.507,29.823],[80.506,29.822],[80.505,29.82],[80.504,29.819],[80.503,29.819],[80.502,29.818],[80.501,29.817],[80.5,29.816],[80.5,29.815],[80.499,29.813],[80.498,29.812],[80.497,29.81],[80.499,29.81],[80.5,29.809],[80.499,29.808],[80.498,29.807],[80.496,29.805],[80.495,29.804],[80.495,29.802],[80.493,29.802],[80.494,29.799],[80.494,29.797],[80.492,29.795],[80.489,29.796],[80.485,29.796],[80.483,29.796],[80.479,29.796],[80.477,29.798],[80.474,29.799],[80.471,29.8],[80.469,29.801],[80.467,29.802],[80.464,29.802],[80.461,29.802],[80.458,29.803],[80.455,29.803],[80.452,29.801],[80.449,29.799],[80.447,29.799],[80.445,29.799],[80.442,29.8],[80.439,29.803],[80.436,29.806],[80.434,29.805],[80.432,29.802],[80.43,29.8],[80.429,29.798],[80.426,29.797],[80.422,29.796],[80.419,29.796],[80.415,29.795],[80.414,29.793],[80.413,29.792],[80.409,29.794],[80.407,29.794],[80.408,29.792],[80.406,29.79],[80.406,29.787],[80.407,29.786],[80.407,29.784],[80.405,29.783],[80.404,29.782],[80.405,29.779],[80.404,29.778],[80.403,29.776],[80.4,29.774],[80.399,29.773],[80.399,29.77],[80.398,29.768],[80.397,29.766],[80.396,29.763],[80.398,29.76],[80.396,29.758],[80.393,29.759],[80.391,29.76],[80.387,29.76],[80.385,29.758],[80.385,29.755],[80.386,29.753],[80.386,29.751],[80.383,29.751],[80.38,29.75],[80.378,29.75],[80.376,29.75],[80.373,29.749],[80.372,29.749],[80.37,29.75],[80.369,29.751],[80.367,29.75],[80.366,29.748],[80.365,29.745],[80.365,29.742],[80.364,29.739],[80.367,29.737],[80.369,29.735],[80.37,29.734],[80.367,29.732],[80.366,29.729],[80.366,29.726],[80.367,29.724],[80.368,29.722],[80.37,29.722],[80.373,29.722],[80.374,29.721],[80.375,29.721],[80.376,29.72],[80.375,29.718],[80.373,29.717],[80.372,29.715],[80.374,29.713],[80.374,29.711],[80.374,29.709],[80.375,29.707],[80.376,29.705],[80.377,29.704],[80.378,29.702],[80.38,29.701],[80.38,29.7],[80.379,29.699],[80.38,29.697],[80.38,29.695],[80.38,29.694],[80.38,29.691],[80.38,29.689],[80.381,29.688],[80.383,29.687],[80.385,29.686],[80.385,29.684],[80.385,29.683],[80.384,29.681],[80.383,29.68],[80.384,29.677],[80.384,29.676],[80.385,29.674],[80.386,29.673],[80.388,29.672],[80.39,29.671],[80.39,29.67],[80.389,29.669],[80.389,29.667],[80.39,29.665],[80.392,29.664],[80.395,29.664],[80.398,29.663],[80.399,29.662],[80.399,29.661],[80.398,29.66],[80.398,29.659],[80.4,29.659],[80.403,29.66],[80.406,29.66],[80.407,29.659],[80.408,29.658],[80.409,29.657],[80.409,29.656],[80.41,29.654],[80.412,29.654],[80.414,29.654],[80.416,29.653],[80.416,29.651],[80.416,29.65],[80.414,29.648],[80.414,29.646],[80.414,29.645],[80.415,29.643],[80.416,29.642],[80.417,29.641],[80.42,29.64],[80.42,29.639],[80.42,29.638],[80.42,29.636],[80.419,29.634],[80.42,29.633],[80.421,29.632],[80.421,29.631],[80.42,29.629],[80.42,29.628],[80.419,29.627],[80.417,29.626],[80.416,29.626],[80.414,29.626],[80.412,29.626],[80.411,29.625],[80.408,29.619],[80.408,29.615],[80.406,29.614],[80.407,29.611],[80.408,29.608],[80.409,29.605],[80.409,29.602],[80.408,29.598],[80.408,29.595],[80.406,29.594],[80.405,29.591],[80.402,29.589],[80.399,29.588],[80.396,29.585],[80.391,29.582],[80.391,29.579],[80.39,29.575],[80.389,29.573],[80.386,29.572],[80.382,29.572],[80.379,29.571],[80.379,29.568],[80.379,29.563],[80.377,29.561],[80.372,29.563],[80.37,29.563],[80.367,29.563],[80.365,29.564],[80.363,29.564],[80.362,29.562],[80.362,29.56],[80.364,29.559],[80.364,29.557],[80.363,29.556],[80.36,29.556],[80.358,29.555],[80.355,29.555],[80.352,29.555],[80.349,29.555],[80.346,29.554],[80.344,29.554],[80.342,29.553],[80.343,29.551],[80.345,29.549],[80.345,29.547],[80.343,29.545],[80.341,29.542],[80.342,29.54],[80.344,29.54],[80.346,29.541],[80.349,29.54],[80.351,29.538],[80.353,29.536],[80.355,29.535],[80.358,29.533],[80.357,29.531],[80.355,29.528],[80.352,29.526],[80.351,29.526],[80.348,29.524],[80.349,29.523],[80.35,29.52],[80.348,29.518],[80.347,29.516],[80.345,29.514],[80.342,29.511],[80.34,29.51],[80.338,29.511],[80.336,29.513],[80.333,29.513],[80.331,29.512],[80.331,29.509],[80.33,29.507],[80.328,29.505],[80.325,29.504],[80.321,29.503],[80.318,29.501],[80.315,29.5],[80.314,29.499],[80.313,29.496],[80.314,29.494],[80.314,29.493],[80.315,29.49],[80.314,29.486],[80.312,29.485],[80.309,29.486],[80.305,29.486],[80.303,29.487],[80.3,29.491],[80.298,29.49],[80.296,29.488],[80.296,29.485],[80.295,29.483],[80.293,29.479],[80.291,29.478],[80.288,29.478],[80.287,29.476],[80.287,29.473],[80.289,29.471],[80.291,29.469],[80.292,29.466],[80.295,29.464],[80.298,29.459],[80.302,29.456],[80.303,29.453],[80.299,29.451],[80.297,29.451],[80.296,29.454],[80.293,29.454],[80.292,29.453],[80.289,29.451],[80.287,29.451],[80.286,29.452],[80.282,29.451],[80.28,29.452],[80.279,29.454],[80.281,29.457],[80.277,29.459],[80.273,29.458],[80.271,29.457],[80.269,29.455],[80.272,29.454],[80.275,29.451],[80.272,29.45],[80.269,29.45],[80.267,29.449],[80.264,29.449],[80.259,29.452],[80.257,29.451],[80.255,29.448],[80.252,29.447],[80.248,29.447],[80.244,29.446],[80.243,29.442],[80.245,29.44],[80.247,29.436],[80.247,29.434],[80.247,29.431],[80.246,29.43],[80.245,29.426],[80.244,29.423],[80.244,29.419],[80.246,29.416],[80.243,29.414],[80.242,29.412],[80.243,29.411],[80.245,29.408],[80.247,29.407],[80.25,29.406],[80.253,29.405],[80.256,29.402],[80.257,29.401],[80.261,29.4],[80.263,29.398],[80.267,29.396],[80.271,29.395],[80.275,29.393],[80.275,29.391],[80.273,29.389],[80.273,29.386],[80.275,29.384],[80.277,29.381],[80.279,29.379],[80.277,29.378],[80.274,29.377],[80.271,29.374],[80.272,29.371],[80.272,29.368],[80.271,29.364],[80.275,29.362],[80.279,29.36],[80.279,29.356],[80.279,29.352],[80.281,29.346],[80.285,29.341],[80.29,29.338],[80.291,29.334],[80.291,29.33],[80.296,29.325],[80.299,29.324],[80.303,29.323],[80.308,29.323],[80.312,29.32],[80.317,29.315],[80.316,29.31],[80.317,29.306],[80.318,29.302],[80.316,29.3],[80.315,29.297],[80.312,29.292],[80.31,29.29],[80.307,29.29],[80.304,29.285],[80.304,29.281],[80.304,29.276],[80.303,29.269],[80.301,29.264],[80.299,29.262],[80.3,29.257],[80.299,29.254],[80.299,29.25],[80.299,29.248],[80.3,29.246],[80.3,29.243],[80.299,29.241],[80.298,29.239],[80.296,29.238],[80.294,29.236],[80.293,29.234],[80.291,29.232],[80.291,29.23],[80.292,29.228],[80.294,29.225],[80.296,29.222],[80.296,29.22],[80.295,29.218],[80.295,29.216],[80.294,29.213],[80.294,29.211],[80.296,29.209],[80.297,29.207],[80.297,29.205],[80.296,29.203],[80.295,29.2],[80.294,29.198],[80.291,29.196],[80.29,29.195],[80.286,29.196],[80.284,29.197],[80.282,29.2],[80.279,29.204],[80.276,29.206],[80.273,29.207],[80.269,29.207],[80.264,29.206],[80.26,29.207],[80.259,29.209],[80.258,29.211],[80.257,29.216],[80.257,29.218],[80.255,29.221],[80.252,29.222],[80.249,29.221],[80.247,29.218],[80.247,29.216],[80.244,29.211],[80.243,29.208],[80.241,29.203],[80.244,29.2],[80.248,29.197],[80.25,29.196],[80.252,29.194],[80.253,29.192],[80.255,29.191],[80.258,29.187],[80.259,29.183],[80.26,29.18],[80.26,29.177],[80.261,29.174],[80.26,29.172],[80.258,29.169],[80.258,29.166],[80.26,29.163],[80.263,29.159],[80.264,29.157],[80.265,29.155],[80.268,29.151],[80.271,29.148],[80.273,29.144],[80.272,29.142],[80.27,29.141],[80.267,29.14],[80.263,29.14],[80.259,29.14],[80.256,29.139],[80.253,29.138],[80.252,29.136],[80.251,29.133],[80.249,29.129],[80.246,29.127],[80.242,29.126],[80.239,29.122],[80.235,29.119],[80.232,29.119],[80.228,29.119],[80.224,29.12],[80.22,29.121],[80.216,29.122],[80.213,29.122],[80.209,29.122],[80.206,29.125],[80.204,29.129],[80.2,29.131],[80.194,29.132],[80.187,29.136],[80.183,29.137],[80.18,29.132],[80.179,29.129],[80.174,29.126],[80.168,29.126],[80.167,29.122],[80.164,29.116],[80.153,29.11],[80.148,29.106],[80.136,29.059],[80.125,29.013],[80.1,28.987],[80.118,28.829],[80.216,28.756],[80.229,28.758],[80.231,28.758],[80.232,28.758],[80.233,28.758],[80.233,28.759],[80.233,28.759],[80.234,28.758],[80.234,28.759],[80.235,28.759],[80.235,28.759],[80.235,28.759],[80.236,28.758],[80.236,28.757],[80.237,28.757],[80.238,28.757],[80.239,28.757],[80.24,28.756],[80.241,28.756],[80.242,28.756],[80.243,28.755],[80.245,28.756],[80.249,28.757],[80.25,28.758],[80.251,28.758],[80.251,28.757],[80.252,28.756],[80.253,28.756],[80.254,28.756],[80.255,28.755],[80.256,28.754],[80.258,28.753],[80.259,28.752],[80.259,28.751],[80.26,28.75],[80.261,28.75],[80.261,28.749],[80.262,28.749],[80.262,28.748],[80.264,28.747],[80.264,28.746],[80.264,28.745],[80.265,28.745],[80.265,28.744],[80.265,28.743],[80.265,28.743],[80.265,28.742],[80.265,28.741],[80.265,28.74],[80.265,28.739],[80.264,28.738],[80.264,28.737],[80.264,28.736],[80.263,28.735],[80.263,28.734],[80.262,28.733],[80.26,28.731],[80.258,28.73],[80.258,28.728],[80.262,28.724],[80.267,28.721],[80.274,28.713],[80.275,28.711],[80.277,28.71],[80.279,28.709],[80.28,28.709],[80.282,28.71],[80.284,28.71],[80.286,28.71],[80.287,28.711],[80.296,28.71],[80.308,28.705],[80.321,28.693],[80.324,28.675],[80.336,28.661],[80.354,28.649],[80.355,28.648],[80.356,28.647],[80.357,28.646],[80.358,28.646],[80.36,28.646],[80.361,28.646],[80.361,28.645],[80.36,28.644],[80.359,28.644],[80.359,28.644],[80.358,28.643],[80.357,28.642],[80.357,28.641],[80.357,28.64],[80.358,28.64],[80.358,28.638],[80.359,28.638],[80.36,28.637],[80.361,28.636],[80.36,28.635],[80.361,28.634],[80.362,28.635],[80.363,28.635],[80.364,28.634],[80.365,28.635],[80.366,28.636],[80.366,28.635],[80.367,28.635],[80.368,28.635],[80.37,28.634],[80.371,28.634],[80.371,28.633],[80.371,28.632],[80.37,28.631],[80.371,28.63],[80.372,28.629],[80.372,28.629],[80.372,28.63],[80.373,28.63],[80.374,28.631],[80.375,28.63],[80.375,28.629],[80.376,28.629],[80.376,28.629],[80.377,28.629],[80.377,28.629],[80.378,28.63],[80.379,28.63],[80.382,28.631],[80.384,28.631],[80.384,28.63],[80.385,28.63],[80.385,28.63],[80.386,28.63],[80.386,28.63],[80.387,28.63],[80.388,28.631],[80.388,28.631],[80.39,28.631],[80.394,28.632],[80.397,28.633],[80.403,28.634],[80.406,28.636],[80.41,28.638],[80.418,28.639],[80.423,28.638],[80.429,28.638],[80.438,28.635],[80.44,28.631],[80.444,28.628],[80.451,28.629],[80.456,28.624],[80.46,28.622],[80.462,28.619],[80.46,28.618],[80.46,28.617],[80.463,28.616],[80.463,28.615],[80.46,28.615],[80.461,28.613],[80.467,28.6],[80.468,28.598],[80.469,28.596],[80.47,28.594],[80.471,28.593],[80.472,28.592],[80.472,28.591],[80.471,28.59],[80.471,28.588],[80.471,28.588],[80.471,28.586],[80.471,28.585],[80.47,28.585],[80.47,28.584],[80.469,28.583],[80.468,28.583],[80.469,28.583],[80.47,28.583],[80.47,28.583],[80.472,28.583],[80.472,28.584],[80.472,28.584],[80.473,28.584],[80.473,28.584],[80.473,28.584],[80.474,28.584],[80.474,28.584],[80.474,28.584],[80.475,28.584],[80.475,28.584],[80.475,28.584],[80.475,28.584],[80.476,28.584],[80.476,28.584],[80.476,28.585],[80.476,28.585],[80.476,28.585],[80.476,28.585],[80.477,28.585],[80.477,28.585],[80.477,28.585],[80.477,28.585],[80.477,28.585],[80.477,28.586],[80.478,28.586],[80.478,28.586],[80.478,28.587],[80.479,28.587],[80.479,28.587],[80.479,28.587],[80.479,28.587],[80.48,28.588],[80.48,28.588],[80.48,28.588],[80.48,28.587],[80.481,28.587],[80.481,28.587],[80.481,28.587],[80.481,28.587],[80.481,28.586],[80.481,28.586],[80.481,28.586],[80.482,28.585],[80.483,28.585],[80.483,28.584],[80.483,28.584],[80.483,28.584],[80.483,28.583],[80.484,28.583],[80.484,28.582],[80.484,28.582],[80.484,28.582],[80.484,28.582],[80.485,28.582],[80.485,28.582],[80.485,28.582],[80.485,28.582],[80.486,28.582],[80.486,28.582],[80.487,28.581],[80.487,28.581],[80.488,28.581],[80.488,28.581],[80.488,28.581],[80.489,28.581],[80.489,28.581],[80.489,28.581],[80.489,28.581],[80.49,28.581],[80.49,28.581],[80.49,28.581],[80.49,28.58],[80.49,28.58],[80.49,28.58],[80.491,28.58],[80.491,28.58],[80.491,28.579],[80.491,28.579],[80.492,28.579],[80.492,28.579],[80.492,28.579],[80.492,28.579],[80.492,28.578],[80.492,28.578],[80.493,28.577],[80.493,28.577],[80.493,28.577],[80.494,28.577],[80.495,28.576],[80.495,28.576],[80.496,28.576],[80.496,28.576],[80.496,28.575],[80.496,28.575],[80.497,28.575],[80.497,28.575],[80.497,28.574],[80.497,28.574],[80.497,28.574],[80.497,28.573],[80.498,28.573],[80.498,28.573],[80.499,28.572],[80.499,28.572],[80.499,28.571],[80.499,28.57],[80.498,28.569],[80.499,28.569],[80.5,28.569],[80.5,28.57],[80.501,28.57],[80.501,28.57],[80.502,28.57],[80.502,28.57],[80.503,28.57],[80.503,28.569],[80.503,28.569],[80.504,28.569],[80.504,28.569],[80.504,28.569],[80.504,28.569],[80.505,28.569],[80.506,28.569],[80.506,28.569],[80.507,28.569],[80.507,28.569],[80.507,28.568],[80.507,28.568],[80.507,28.568],[80.507,28.568],[80.508,28.567],[80.508,28.566],[80.508,28.566],[80.509,28.566],[80.509,28.566],[80.509,28.565],[80.51,28.565],[80.51,28.564],[80.51,28.564],[80.51,28.564],[80.511,28.563],[80.511,28.562],[80.512,28.561],[80.512,28.56],[80.512,28.559],[80.513,28.559],[80.513,28.558],[80.514,28.558],[80.514,28.557],[80.515,28.556],[80.515,28.556],[80.516,28.555],[80.516,28.554],[80.516,28.553],[80.516,28.553],[80.517,28.552],[80.517,28.552],[80.519,28.552],[80.519,28.552],[80.52,28.553],[80.52,28.553],[80.521,28.554],[80.521,28.554],[80.522,28.554],[80.522,28.553],[80.523,28.553],[80.515,28.616],[80.506,28.671],[80.59,28.68],[80.608,28.647],[80.668,28.642],[80.69,28.588],[80.738,28.575],[80.789,28.544],[80.83,28.512],[80.866,28.49],[80.9,28.501],[80.906,28.466],[80.917,28.46],[80.932,28.459],[80.967,28.457],[80.979,28.434],[81.013,28.438],[81.022,28.41],[81.07,28.393],[81.127,28.375],[81.183,28.366],[81.22,28.345],[81.233,28.299],[81.256,28.262],[81.292,28.223],[81.318,28.182],[81.321,28.169],[81.314,28.168],[81.304,28.168],[81.303,28.168],[81.302,28.167],[81.302,28.165],[81.303,28.163],[81.305,28.162],[81.308,28.161],[81.31,28.161],[81.31,28.159],[81.311,28.156],[81.315,28.137],[81.349,28.14],[81.368,28.142],[81.369,28.142],[81.37,28.142],[81.37,28.142],[81.371,28.143],[81.371,28.143],[81.372,28.143],[81.372,28.144],[81.372,28.144],[81.373,28.145],[81.374,28.147],[81.375,28.148],[81.375,28.149],[81.376,28.149],[81.376,28.15],[81.377,28.151],[81.377,28.152],[81.377,28.153],[81.378,28.153],[81.377,28.155],[81.377,28.155],[81.378,28.155],[81.378,28.156],[81.378,28.157],[81.377,28.158],[81.377,28.158],[81.376,28.159],[81.375,28.159],[81.374,28.159],[81.371,28.16],[81.37,28.161],[81.368,28.161],[81.368,28.162],[81.367,28.163],[81.367,28.163],[81.367,28.164],[81.367,28.165],[81.367,28.165],[81.367,28.166],[81.368,28.167],[81.368,28.168],[81.369,28.169],[81.371,28.171],[81.372,28.172],[81.372,28.172],[81.372,28.173],[81.372,28.173],[81.373,28.173],[81.373,28.173],[81.374,28.173],[81.374,28.175],[81.373,28.175],[81.373,28.176],[81.375,28.177],[81.384,28.175],[81.391,28.174],[81.403,28.174],[81.418,28.174],[81.426,28.171],[81.43,28.169],[81.438,28.165],[81.447,28.161],[81.446,28.156],[81.45,28.141],[81.48,28.11],[81.496,28.073],[81.54,28.053],[81.554,28.045],[81.562,28.041],[81.575,28.031],[81.582,28.027],[81.587,28.025],[81.593,28.022],[81.6,28.019],[81.607,28.015],[81.611,28.013],[81.618,28.01],[81.62,28.008],[81.622,28.005],[81.623,28.003],[81.624,28.001],[81.627,28.002],[81.629,28.001],[81.634,27.999],[81.637,27.997],[81.64,27.997],[81.643,27.994],[81.693,27.99],[81.732,27.962],[81.789,27.917],[81.812,27.904],[81.82,27.903],[81.825,27.901],[81.834,27.897],[81.839,27.892],[81.849,27.886],[81.858,27.88],[81.863,27.876],[81.868,27.873],[81.873,27.87],[81.879,27.865],[81.884,27.858],[81.89,27.856],[81.898,27.855],[81.904,27.855],[81.911,27.856],[81.916,27.857],[81.926,27.86],[81.926,27.869],[81.927,27.878],[81.951,27.91],[81.991,27.929],[82.08,27.909],[82.121,27.866],[82.178,27.855],[82.303,27.773],[82.402,27.704],[82.473,27.676],[82.501,27.685],[82.525,27.689],[82.541,27.686],[82.578,27.696],[82.597,27.7],[82.623,27.706],[82.664,27.723],[82.689,27.715],[82.707,27.72],[82.709,27.722],[82.708,27.72],[82.708,27.716],[82.707,27.712],[82.705,27.71],[82.705,27.708],[82.705,27.707],[82.705,27.705],[82.704,27.704],[82.705,27.703],[82.706,27.702],[82.707,27.701],[82.707,27.7],[82.708,27.699],[82.708,27.699],[82.708,27.697],[82.708,27.696],[82.71,27.695],[82.71,27.694],[82.711,27.694],[82.712,27.694],[82.713,27.693],[82.714,27.692],[82.714,27.692],[82.715,27.692],[82.716,27.692],[82.717,27.691],[82.718,27.69],[82.718,27.69],[82.718,27.689],[82.718,27.689],[82.716,27.688],[82.716,27.687],[82.716,27.687],[82.717,27.686],[82.718,27.686],[82.719,27.685],[82.718,27.684],[82.718,27.683],[82.718,27.681],[82.718,27.68],[82.719,27.679],[82.719,27.679],[82.718,27.678],[82.717,27.677],[82.715,27.678],[82.714,27.677],[82.714,27.676],[82.713,27.675],[82.714,27.674],[82.714,27.673],[82.714,27.672],[82.713,27.671],[82.713,27.67],[82.713,27.669],[82.714,27.669],[82.715,27.669],[82.716,27.669],[82.717,27.669],[82.718,27.669],[82.718,27.669],[82.718,27.668],[82.718,27.668],[82.718,27.668],[82.718,27.668],[82.718,27.667],[82.718,27.667],[82.718,27.667],[82.718,27.667],[82.717,27.667],[82.717,27.666],[82.716,27.665],[82.716,27.665],[82.716,27.665],[82.716,27.664],[82.715,27.664],[82.714,27.664],[82.714,27.664],[82.713,27.664],[82.713,27.664],[82.712,27.663],[82.712,27.663],[82.713,27.663],[82.713,27.663],[82.713,27.663],[82.714,27.662],[82.714,27.662],[82.715,27.662],[82.716,27.662],[82.717,27.662],[82.719,27.662],[82.72,27.662],[82.72,27.662],[82.721,27.662],[82.722,27.662],[82.722,27.662],[82.722,27.661],[82.723,27.661],[82.722,27.66],[82.722,27.66],[82.722,27.659],[82.721,27.659],[82.72,27.659],[82.72,27.658],[82.719,27.658],[82.719,27.657],[82.718,27.657],[82.719,27.656],[82.719,27.655],[82.72,27.655],[82.721,27.655],[82.721,27.655],[82.722,27.656],[82.722,27.657],[82.723,27.657],[82.724,27.658],[82.725,27.659],[82.726,27.658],[82.727,27.657],[82.727,27.656],[82.728,27.655],[82.728,27.654],[82.728,27.653],[82.727,27.652],[82.728,27.651],[82.729,27.652],[82.729,27.652],[82.73,27.652],[82.731,27.653],[82.731,27.654],[82.732,27.654],[82.732,27.654],[82.732,27.653],[82.732,27.653],[82.732,27.652],[82.732,27.652],[82.732,27.652],[82.732,27.651],[82.732,27.651],[82.732,27.65],[82.731,27.65],[82.731,27.649],[82.731,27.648],[82.732,27.648],[82.732,27.648],[82.732,27.647],[82.732,27.646],[82.731,27.645],[82.731,27.645],[82.73,27.645],[82.73,27.644],[82.73,27.643],[82.731,27.643],[82.732,27.643],[82.732,27.644],[82.732,27.645],[82.733,27.645],[82.734,27.646],[82.734,27.647],[82.735,27.647],[82.736,27.646],[82.736,27.646],[82.736,27.646],[82.736,27.645],[82.736,27.644],[82.736,27.644],[82.736,27.643],[82.736,27.643],[82.735,27.642],[82.735,27.642],[82.736,27.641],[82.736,27.641],[82.737,27.64],[82.737,27.639],[82.738,27.638],[82.738,27.637],[82.736,27.635],[82.733,27.634],[82.731,27.633],[82.731,27.631],[82.732,27.631],[82.733,27.631],[82.733,27.631],[82.733,27.632],[82.734,27.632],[82.735,27.633],[82.736,27.633],[82.737,27.633],[82.738,27.632],[82.739,27.632],[82.739,27.632],[82.74,27.632],[82.74,27.632],[82.74,27.631],[82.739,27.631],[82.739,27.631],[82.738,27.63],[82.737,27.63],[82.736,27.629],[82.735,27.63],[82.734,27.63],[82.733,27.63],[82.733,27.629],[82.733,27.628],[82.734,27.627],[82.735,27.626],[82.736,27.626],[82.736,27.625],[82.737,27.625],[82.737,27.625],[82.738,27.625],[82.739,27.626],[82.74,27.626],[82.74,27.625],[82.74,27.625],[82.74,27.625],[82.74,27.624],[82.74,27.624],[82.74,27.624],[82.739,27.623],[82.738,27.623],[82.737,27.622],[82.737,27.621],[82.737,27.621],[82.737,27.62],[82.736,27.62],[82.736,27.62],[82.735,27.62],[82.734,27.619],[82.733,27.619],[82.733,27.618],[82.732,27.618],[82.733,27.617],[82.734,27.617],[82.734,27.617],[82.735,27.617],[82.736,27.617],[82.737,27.616],[82.737,27.616],[82.738,27.616],[82.738,27.615],[82.738,27.615],[82.738,27.615],[82.738,27.614],[82.737,27.614],[82.737,27.614],[82.736,27.613],[82.736,27.613],[82.736,27.612],[82.736,27.612],[82.735,27.612],[82.735,27.611],[82.735,27.61],[82.736,27.61],[82.736,27.609],[82.737,27.608],[82.737,27.608],[82.738,27.607],[82.738,27.607],[82.738,27.606],[82.738,27.605],[82.739,27.604],[82.74,27.604],[82.741,27.603],[82.742,27.603],[82.742,27.603],[82.743,27.603],[82.744,27.603],[82.745,27.603],[82.747,27.602],[82.749,27.601],[82.749,27.6],[82.748,27.6],[82.747,27.599],[82.746,27.599],[82.745,27.599],[82.744,27.598],[82.744,27.598],[82.744,27.597],[82.744,27.596],[82.745,27.595],[82.746,27.594],[82.747,27.594],[82.748,27.594],[82.749,27.594],[82.75,27.594],[82.75,27.594],[82.751,27.594],[82.752,27.594],[82.752,27.594],[82.753,27.594],[82.754,27.594],[82.755,27.594],[82.756,27.593],[82.756,27.592],[82.756,27.59],[82.756,27.588],[82.757,27.588],[82.758,27.587],[82.758,27.586],[82.758,27.584],[82.757,27.583],[82.756,27.583],[82.753,27.582],[82.752,27.581],[82.752,27.578],[82.751,27.577],[82.749,27.575],[82.747,27.574],[82.748,27.57],[82.748,27.565],[82.743,27.562],[82.742,27.56],[82.744,27.558],[82.748,27.557],[82.749,27.556],[82.748,27.556],[82.747,27.555],[82.744,27.554],[82.744,27.553],[82.743,27.553],[82.742,27.554],[82.741,27.554],[82.741,27.553],[82.741,27.552],[82.741,27.552],[82.74,27.552],[82.74,27.551],[82.74,27.551],[82.739,27.552],[82.738,27.552],[82.738,27.552],[82.738,27.551],[82.739,27.551],[82.738,27.551],[82.738,27.55],[82.739,27.55],[82.74,27.55],[82.741,27.55],[82.741,27.55],[82.741,27.549],[82.74,27.549],[82.74,27.548],[82.739,27.548],[82.738,27.547],[82.738,27.546],[82.738,27.546],[82.739,27.545],[82.739,27.545],[82.74,27.546],[82.741,27.546],[82.742,27.546],[82.742,27.545],[82.741,27.545],[82.741,27.545],[82.741,27.544],[82.741,27.544],[82.741,27.543],[82.742,27.543],[82.743,27.543],[82.742,27.543],[82.742,27.543],[82.741,27.543],[82.741,27.543],[82.741,27.542],[82.742,27.542],[82.742,27.541],[82.742,27.541],[82.742,27.541],[82.742,27.541],[82.743,27.541],[82.743,27.541],[82.743,27.541],[82.742,27.54],[82.741,27.54],[82.741,27.539],[82.742,27.539],[82.742,27.538],[82.742,27.537],[82.742,27.537],[82.742,27.537],[82.741,27.537],[82.741,27.537],[82.741,27.536],[82.741,27.536],[82.741,27.536],[82.742,27.535],[82.742,27.536],[82.743,27.536],[82.744,27.536],[82.744,27.535],[82.744,27.534],[82.744,27.534],[82.743,27.534],[82.743,27.533],[82.743,27.533],[82.742,27.532],[82.742,27.532],[82.742,27.532],[82.742,27.532],[82.743,27.532],[82.743,27.532],[82.744,27.532],[82.744,27.531],[82.744,27.531],[82.744,27.532],[82.744,27.532],[82.745,27.532],[82.745,27.532],[82.745,27.531],[82.745,27.531],[82.744,27.53],[82.744,27.53],[82.745,27.53],[82.745,27.53],[82.746,27.53],[82.746,27.531],[82.747,27.531],[82.747,27.531],[82.747,27.53],[82.746,27.529],[82.745,27.529],[82.745,27.528],[82.746,27.528],[82.747,27.528],[82.747,27.528],[82.747,27.527],[82.746,27.527],[82.746,27.526],[82.746,27.526],[82.746,27.526],[82.747,27.526],[82.747,27.527],[82.748,27.527],[82.748,27.527],[82.748,27.526],[82.749,27.525],[82.749,27.525],[82.749,27.524],[82.748,27.524],[82.748,27.524],[82.748,27.523],[82.747,27.523],[82.748,27.523],[82.748,27.523],[82.749,27.523],[82.75,27.523],[82.75,27.523],[82.749,27.522],[82.749,27.522],[82.749,27.522],[82.748,27.521],[82.748,27.52],[82.747,27.52],[82.747,27.519],[82.747,27.519],[82.747,27.519],[82.746,27.52],[82.746,27.52],[82.747,27.52],[82.746,27.521],[82.746,27.521],[82.746,27.52],[82.745,27.52],[82.745,27.52],[82.745,27.52],[82.745,27.52],[82.745,27.52],[82.744,27.52],[82.744,27.52],[82.743,27.52],[82.743,27.521],[82.743,27.521],[82.743,27.521],[82.743,27.521],[82.742,27.521],[82.742,27.521],[82.742,27.52],[82.742,27.52],[82.742,27.519],[82.742,27.519],[82.742,27.519],[82.742,27.518],[82.742,27.518],[82.743,27.517],[82.743,27.517],[82.743,27.517],[82.743,27.517],[82.743,27.517],[82.743,27.517],[82.743,27.517],[82.742,27.517],[82.742,27.517],[82.741,27.517],[82.741,27.517],[82.741,27.517],[82.741,27.518],[82.74,27.518],[82.74,27.518],[82.739,27.518],[82.739,27.519],[82.738,27.518],[82.737,27.518],[82.737,27.518],[82.737,27.518],[82.737,27.517],[82.737,27.517],[82.737,27.516],[82.736,27.516],[82.736,27.515],[82.737,27.515],[82.737,27.514],[82.737,27.514],[82.738,27.513],[82.737,27.513],[82.737,27.513],[82.737,27.513],[82.737,27.512],[82.737,27.512],[82.737,27.512],[82.737,27.511],[82.737,27.51],[82.737,27.51],[82.737,27.51],[82.737,27.509],[82.737,27.509],[82.738,27.509],[82.737,27.508],[82.737,27.508],[82.736,27.508],[82.735,27.508],[82.735,27.508],[82.735,27.508],[82.735,27.507],[82.735,27.506],[82.735,27.506],[82.735,27.506],[82.735,27.505],[82.735,27.505],[82.735,27.504],[82.735,27.503],[82.735,27.503],[82.735,27.503],[82.736,27.502],[82.736,27.502],[82.736,27.502],[82.785,27.5],[82.866,27.499],[82.94,27.491],[82.994,27.459],[83.067,27.451],[83.151,27.457],[83.203,27.435],[83.272,27.383],[83.292,27.336],[83.292,27.335],[83.293,27.335],[83.294,27.335],[83.294,27.335],[83.295,27.335],[83.294,27.334],[83.294,27.334],[83.294,27.334],[83.295,27.333],[83.297,27.334],[83.299,27.334],[83.3,27.335],[83.301,27.334],[83.302,27.333],[83.303,27.333],[83.304,27.332],[83.305,27.332],[83.305,27.331],[83.306,27.332],[83.307,27.333],[83.307,27.333],[83.308,27.334],[83.309,27.333],[83.31,27.333],[83.311,27.332],[83.312,27.332],[83.313,27.332],[83.314,27.332],[83.316,27.331],[83.316,27.331],[83.317,27.331],[83.317,27.33],[83.318,27.33],[83.318,27.331],[83.317,27.332],[83.316,27.332],[83.316,27.333],[83.316,27.333],[83.316,27.334],[83.317,27.335],[83.318,27.335],[83.318,27.336],[83.319,27.336],[83.319,27.336],[83.318,27.336],[83.318,27.337],[83.318,27.337],[83.318,27.337],[83.319,27.337],[83.319,27.337],[83.32,27.337],[83.32,27.337],[83.321,27.337],[83.322,27.337],[83.323,27.336],[83.324,27.337],[83.325,27.336],[83.325,27.336],[83.325,27.335],[83.326,27.335],[83.326,27.335],[83.327,27.335],[83.327,27.335],[83.327,27.334],[83.327,27.334],[83.328,27.334],[83.328,27.334],[83.328,27.334],[83.329,27.334],[83.329,27.334],[83.33,27.334],[83.33,27.333],[83.331,27.333],[83.331,27.333],[83.331,27.333],[83.332,27.333],[83.332,27.333],[83.333,27.333],[83.334,27.334],[83.335,27.334],[83.336,27.333],[83.336,27.333],[83.337,27.333],[83.338,27.333],[83.338,27.333],[83.339,27.334],[83.34,27.334],[83.341,27.335],[83.342,27.334],[83.342,27.334],[83.343,27.335],[83.343,27.335],[83.344,27.336],[83.344,27.337],[83.344,27.337],[83.344,27.338],[83.344,27.338],[83.345,27.338],[83.346,27.338],[83.346,27.338],[83.347,27.339],[83.348,27.339],[83.349,27.34],[83.35,27.34],[83.351,27.339],[83.352,27.34],[83.353,27.34],[83.353,27.341],[83.352,27.341],[83.351,27.342],[83.351,27.342],[83.351,27.343],[83.352,27.343],[83.353,27.343],[83.354,27.344],[83.355,27.344],[83.357,27.344],[83.358,27.344],[83.358,27.343],[83.358,27.343],[83.358,27.343],[83.359,27.343],[83.359,27.343],[83.359,27.345],[83.359,27.345],[83.359,27.346],[83.359,27.347],[83.359,27.348],[83.359,27.349],[83.359,27.349],[83.358,27.349],[83.358,27.35],[83.358,27.351],[83.359,27.351],[83.36,27.352],[83.361,27.352],[83.361,27.353],[83.362,27.353],[83.363,27.354],[83.363,27.354],[83.364,27.355],[83.364,27.355],[83.365,27.356],[83.365,27.355],[83.366,27.355],[83.367,27.355],[83.368,27.356],[83.368,27.356],[83.369,27.357],[83.369,27.358],[83.37,27.358],[83.371,27.358],[83.372,27.357],[83.372,27.357],[83.373,27.357],[83.373,27.357],[83.374,27.358],[83.374,27.36],[83.373,27.362],[83.372,27.364],[83.372,27.365],[83.372,27.366],[83.373,27.367],[83.373,27.368],[83.373,27.368],[83.374,27.369],[83.374,27.37],[83.376,27.37],[83.377,27.37],[83.378,27.37],[83.38,27.37],[83.381,27.37],[83.382,27.37],[83.383,27.371],[83.385,27.372],[83.385,27.373],[83.386,27.375],[83.387,27.375],[83.388,27.375],[83.388,27.376],[83.388,27.376],[83.388,27.377],[83.387,27.378],[83.387,27.379],[83.386,27.38],[83.386,27.381],[83.387,27.382],[83.387,27.383],[83.388,27.383],[83.388,27.384],[83.387,27.384],[83.387,27.385],[83.386,27.385],[83.385,27.386],[83.385,27.386],[83.385,27.387],[83.385,27.387],[83.385,27.388],[83.385,27.388],[83.384,27.389],[83.384,27.39],[83.384,27.39],[83.385,27.39],[83.385,27.391],[83.386,27.391],[83.388,27.392],[83.392,27.395],[83.395,27.396],[83.397,27.397],[83.4,27.399],[83.402,27.401],[83.404,27.404],[83.405,27.406],[83.406,27.409],[83.406,27.412],[83.409,27.413],[83.408,27.415],[83.406,27.418],[83.401,27.419],[83.399,27.42],[83.401,27.421],[83.395,27.423],[83.394,27.425],[83.393,27.425],[83.391,27.428],[83.392,27.43],[83.388,27.432],[83.385,27.435],[83.384,27.436],[83.384,27.437],[83.386,27.438],[83.385,27.441],[83.384,27.441],[83.384,27.443],[83.39,27.445],[83.391,27.447],[83.393,27.447],[83.397,27.447],[83.399,27.45],[83.401,27.455],[83.402,27.458],[83.4,27.459],[83.4,27.464],[83.402,27.465],[83.402,27.467],[83.4,27.467],[83.398,27.465],[83.395,27.467],[83.395,27.467],[83.394,27.469],[83.39,27.471],[83.389,27.471],[83.388,27.472],[83.389,27.474],[83.389,27.474],[83.39,27.475],[83.391,27.475],[83.392,27.475],[83.393,27.475],[83.393,27.476],[83.393,27.477],[83.393,27.478],[83.392,27.478],[83.392,27.478],[83.391,27.478],[83.39,27.479],[83.388,27.48],[83.462,27.476],[83.555,27.472],[83.644,27.456],[83.73,27.416],[83.819,27.376],[83.866,27.349],[83.87,27.356],[83.878,27.363],[83.883,27.368],[83.884,27.372],[83.884,27.377],[83.883,27.38],[83.876,27.388],[83.869,27.39],[83.864,27.393],[83.859,27.397],[83.857,27.404],[83.85,27.411],[83.837,27.421],[83.833,27.428],[83.835,27.43],[83.839,27.433],[83.844,27.443],[83.847,27.445],[83.85,27.447],[83.853,27.447],[83.858,27.445],[83.865,27.439],[83.872,27.436],[83.88,27.435],[83.889,27.434],[83.903,27.439],[83.905,27.44],[83.909,27.441],[83.917,27.443],[83.935,27.449],[83.937,27.448],[83.939,27.449],[83.941,27.449],[83.942,27.446],[83.943,27.444],[83.946,27.442],[83.948,27.442],[83.953,27.443],[83.955,27.443],[83.957,27.442],[83.96,27.444],[83.963,27.445],[83.968,27.447],[83.97,27.444],[83.972,27.442],[83.977,27.443],[83.977,27.44],[83.978,27.439],[83.984,27.444],[83.987,27.444],[83.99,27.444],[83.994,27.446],[83.997,27.446],[83.998,27.443],[83.997,27.442],[83.999,27.442],[83.999,27.442],[84.0,27.441],[84.001,27.441],[84.002,27.442],[84.003,27.441],[84.005,27.443],[84.006,27.441],[84.005,27.44],[84.008,27.441],[84.008,27.438],[84.009,27.438],[84.011,27.437],[84.012,27.438],[84.013,27.438],[84.015,27.436],[84.018,27.435],[84.019,27.437],[84.019,27.436],[84.02,27.435],[84.021,27.434],[84.024,27.433],[84.024,27.433],[84.026,27.434],[84.027,27.433],[84.027,27.434],[84.027,27.435],[84.027,27.436],[84.027,27.437],[84.026,27.438],[84.027,27.44],[84.029,27.44],[84.03,27.439],[84.031,27.439],[84.031,27.44],[84.032,27.442],[84.033,27.442],[84.035,27.441],[84.036,27.441],[84.037,27.442],[84.037,27.442],[84.038,27.443],[84.039,27.443],[84.04,27.443],[84.041,27.443],[84.043,27.443],[84.043,27.443],[84.044,27.443],[84.045,27.443],[84.046,27.443],[84.047,27.443],[84.048,27.443],[84.049,27.443],[84.05,27.443],[84.051,27.443],[84.051,27.443],[84.052,27.443],[84.052,27.443],[84.052,27.444],[84.052,27.444],[84.052,27.445],[84.053,27.446],[84.053,27.446],[84.054,27.447],[84.054,27.448],[84.054,27.449],[84.054,27.449],[84.055,27.45],[84.056,27.451],[84.057,27.451],[84.058,27.452],[84.059,27.453],[84.06,27.454],[84.06,27.455],[84.061,27.457],[84.061,27.458],[84.06,27.46],[84.059,27.461],[84.06,27.462],[84.062,27.465],[84.063,27.468],[84.066,27.468],[84.069,27.47],[84.068,27.472],[84.068,27.474],[84.068,27.477],[84.069,27.48],[84.071,27.482],[84.074,27.481],[84.075,27.483],[84.077,27.483],[84.079,27.484],[84.081,27.484],[84.084,27.484],[84.088,27.486],[84.09,27.486],[84.091,27.487],[84.091,27.489],[84.093,27.489],[84.095,27.49],[84.096,27.492],[84.096,27.495],[84.097,27.497],[84.098,27.498],[84.1,27.5],[84.098,27.501],[84.099,27.503],[84.098,27.504],[84.099,27.506],[84.099,27.507],[84.1,27.51],[84.099,27.512],[84.099,27.514],[84.098,27.517],[84.099,27.517],[84.102,27.519],[84.104,27.52],[84.105,27.521],[84.107,27.521],[84.109,27.522],[84.11,27.52],[84.112,27.52],[84.113,27.519],[84.115,27.519],[84.117,27.519],[84.117,27.519],[84.117,27.517],[84.117,27.514],[84.118,27.513],[84.119,27.513],[84.12,27.512],[84.123,27.511],[84.125,27.511],[84.128,27.512],[84.13,27.512],[84.131,27.513],[84.133,27.515],[84.135,27.515],[84.136,27.516],[84.138,27.517],[84.139,27.518],[84.141,27.518],[84.143,27.517],[84.144,27.517],[84.146,27.517],[84.147,27.518],[84.148,27.517],[84.15,27.517],[84.151,27.517],[84.151,27.515],[84.15,27.514],[84.15,27.512],[84.15,27.512],[84.151,27.511],[84.15,27.51],[84.149,27.508],[84.148,27.506],[84.149,27.504],[84.148,27.503],[84.149,27.502],[84.15,27.501],[84.148,27.5],[84.146,27.499],[84.144,27.497],[84.146,27.496],[84.146,27.494],[84.146,27.492],[84.148,27.49],[84.149,27.489],[84.149,27.487],[84.149,27.486],[84.151,27.486],[84.153,27.485],[84.154,27.484],[84.156,27.484],[84.158,27.484],[84.159,27.485],[84.161,27.484],[84.163,27.484],[84.165,27.483],[84.167,27.481],[84.168,27.48],[84.171,27.48],[84.172,27.478],[84.172,27.476],[84.172,27.476],[84.174,27.475],[84.175,27.474],[84.177,27.474],[84.178,27.474],[84.18,27.475],[84.181,27.475],[84.182,27.474],[84.183,27.473],[84.185,27.471],[84.188,27.47],[84.19,27.47],[84.191,27.47],[84.194,27.473],[84.195,27.473],[84.197,27.473],[84.198,27.473],[84.2,27.472],[84.203,27.471],[84.206,27.47],[84.207,27.468],[84.208,27.466],[84.209,27.465],[84.208,27.464],[84.206,27.462],[84.204,27.46],[84.204,27.459],[84.204,27.457],[84.206,27.457],[84.207,27.455],[84.208,27.454],[84.208,27.453],[84.207,27.452],[84.207,27.449],[84.207,27.447],[84.207,27.447],[84.207,27.446],[84.207,27.445],[84.208,27.444],[84.209,27.442],[84.21,27.442],[84.212,27.441],[84.214,27.441],[84.216,27.442],[84.219,27.442],[84.22,27.441],[84.221,27.443],[84.221,27.446],[84.221,27.448],[84.223,27.45],[84.224,27.451],[84.227,27.451],[84.229,27.454],[84.231,27.456],[84.232,27.456],[84.235,27.454],[84.236,27.454],[84.238,27.453],[84.241,27.454],[84.242,27.455],[84.245,27.455],[84.246,27.453],[84.248,27.454],[84.251,27.454],[84.253,27.454],[84.254,27.452],[84.254,27.451],[84.255,27.449],[84.257,27.448],[84.259,27.446],[84.259,27.445],[84.259,27.443],[84.258,27.441],[84.258,27.44],[84.259,27.438],[84.26,27.437],[84.261,27.436],[84.263,27.435],[84.264,27.435],[84.265,27.434],[84.266,27.434],[84.267,27.433],[84.268,27.431],[84.271,27.43],[84.273,27.428],[84.273,27.426],[84.273,27.424],[84.274,27.423],[84.273,27.421],[84.276,27.418],[84.278,27.416],[84.278,27.413],[84.277,27.41],[84.278,27.408],[84.279,27.406],[84.277,27.403],[84.276,27.402],[84.276,27.4],[84.276,27.398],[84.277,27.396],[84.28,27.397],[84.284,27.395],[84.284,27.393],[84.285,27.391],[84.287,27.391],[84.288,27.389],[84.289,27.388],[84.291,27.386],[84.293,27.385],[84.295,27.385],[84.296,27.386],[84.297,27.388],[84.297,27.389],[84.299,27.39],[84.3,27.391],[84.302,27.39],[84.303,27.389],[84.304,27.388],[84.306,27.388],[84.309,27.387],[84.312,27.386],[84.314,27.384],[84.316,27.384],[84.317,27.383],[84.319,27.382],[84.321,27.382],[84.323,27.381],[84.325,27.38],[84.328,27.381],[84.33,27.38],[84.331,27.378],[84.332,27.378],[84.333,27.377],[84.336,27.378],[84.338,27.378],[84.34,27.377],[84.343,27.376],[84.346,27.375],[84.348,27.375],[84.351,27.375],[84.353,27.374],[84.355,27.375],[84.357,27.375],[84.36,27.375],[84.363,27.374],[84.365,27.374],[84.367,27.374],[84.37,27.375],[84.372,27.376],[84.374,27.377],[84.375,27.376],[84.376,27.376],[84.379,27.375],[84.381,27.375],[84.383,27.374],[84.384,27.373],[84.387,27.373],[84.389,27.372],[84.39,27.37],[84.391,27.369],[84.392,27.368],[84.394,27.369],[84.395,27.37],[84.397,27.371],[84.398,27.37],[84.399,27.37],[84.399,27.369],[84.401,27.37],[84.401,27.37],[84.402,27.37],[84.403,27.37],[84.404,27.37],[84.406,27.371],[84.407,27.37],[84.409,27.369],[84.41,27.369],[84.412,27.369],[84.412,27.369],[84.413,27.371],[84.414,27.371],[84.415,27.371],[84.417,27.37],[84.417,27.37],[84.418,27.37],[84.42,27.37],[84.421,27.37],[84.421,27.371],[84.423,27.372],[84.425,27.372],[84.426,27.372],[84.427,27.372],[84.428,27.371],[84.429,27.371],[84.431,27.371],[84.432,27.371],[84.433,27.37],[84.434,27.37],[84.436,27.37],[84.438,27.37],[84.439,27.37],[84.44,27.371],[84.442,27.37],[84.443,27.369],[84.444,27.369],[84.444,27.368],[84.444,27.366],[84.445,27.365],[84.446,27.364],[84.447,27.364],[84.449,27.363],[84.451,27.363],[84.453,27.363],[84.456,27.362],[84.458,27.362],[84.458,27.361],[84.459,27.361],[84.46,27.36],[84.462,27.359],[84.464,27.36],[84.465,27.36],[84.466,27.358],[84.466,27.357],[84.468,27.356],[84.47,27.355],[84.472,27.356],[84.473,27.358],[84.474,27.36],[84.475,27.362],[84.478,27.362],[84.479,27.361],[84.481,27.361],[84.484,27.36],[84.486,27.359],[84.488,27.358],[84.49,27.358],[84.492,27.358],[84.494,27.357],[84.496,27.356],[84.498,27.356],[84.5,27.356],[84.502,27.356],[84.504,27.355],[84.506,27.355],[84.508,27.355],[84.511,27.354],[84.512,27.353],[84.514,27.353],[84.517,27.353],[84.518,27.353],[84.52,27.353],[84.522,27.353],[84.524,27.352],[84.526,27.352],[84.527,27.351],[84.529,27.351],[84.53,27.351],[84.531,27.351],[84.533,27.351],[84.535,27.35],[84.537,27.351],[84.539,27.351],[84.541,27.35],[84.543,27.349],[84.544,27.349],[84.546,27.349],[84.547,27.349],[84.549,27.349],[84.551,27.349],[84.553,27.349],[84.555,27.349],[84.556,27.349],[84.558,27.348],[84.56,27.348],[84.561,27.348],[84.563,27.348],[84.564,27.348],[84.567,27.347],[84.569,27.346],[84.572,27.345],[84.576,27.344],[84.579,27.344],[84.581,27.343],[84.583,27.343],[84.585,27.343],[84.586,27.341],[84.588,27.341],[84.59,27.341],[84.591,27.34],[84.594,27.34],[84.596,27.34],[84.598,27.339],[84.599,27.339],[84.601,27.339],[84.602,27.339],[84.603,27.338],[84.604,27.338],[84.604,27.337],[84.605,27.337],[84.607,27.336],[84.608,27.336],[84.609,27.337],[84.61,27.337],[84.632,27.324],[84.651,27.293],[84.673,27.253],[84.688,27.221],[84.686,27.221],[84.685,27.221],[84.685,27.22],[84.685,27.22],[84.685,27.219],[84.685,27.219],[84.685,27.219],[84.685,27.219],[84.685,27.218],[84.685,27.218],[84.685,27.217],[84.686,27.217],[84.686,27.216],[84.686,27.216],[84.685,27.216],[84.685,27.216],[84.685,27.215],[84.685,27.215],[84.685,27.214],[84.685,27.214],[84.685,27.213],[84.686,27.213],[84.686,27.213],[84.686,27.213],[84.685,27.213],[84.685,27.212],[84.685,27.212],[84.686,27.211],[84.686,27.211],[84.686,27.21],[84.687,27.21],[84.687,27.21],[84.687,27.209],[84.687,27.209],[84.687,27.209],[84.686,27.209],[84.686,27.208],[84.686,27.208],[84.686,27.208],[84.686,27.208],[84.686,27.208],[84.686,27.208],[84.686,27.207],[84.686,27.207],[84.686,27.207],[84.686,27.207],[84.686,27.206],[84.686,27.206],[84.685,27.206],[84.684,27.206],[84.684,27.205],[84.684,27.204],[84.684,27.204],[84.683,27.203],[84.683,27.202],[84.682,27.202],[84.681,27.201],[84.681,27.2],[84.682,27.2],[84.682,27.199],[84.683,27.198],[84.683,27.198],[84.683,27.198],[84.683,27.198],[84.683,27.198],[84.683,27.197],[84.684,27.197],[84.683,27.197],[84.684,27.196],[84.684,27.196],[84.684,27.196],[84.684,27.196],[84.683,27.196],[84.683,27.196],[84.683,27.195],[84.683,27.195],[84.683,27.195],[84.683,27.194],[84.683,27.194],[84.683,27.194],[84.683,27.194],[84.682,27.194],[84.682,27.194],[84.682,27.193],[84.683,27.194],[84.683,27.193],[84.683,27.193],[84.682,27.193],[84.682,27.193],[84.683,27.193],[84.683,27.193],[84.683,27.192],[84.683,27.192],[84.683,27.192],[84.683,27.191],[84.683,27.191],[84.683,27.191],[84.683,27.191],[84.683,27.19],[84.683,27.19],[84.682,27.189],[84.681,27.189],[84.68,27.188],[84.68,27.188],[84.68,27.188],[84.681,27.187],[84.681,27.187],[84.681,27.186],[84.681,27.186],[84.681,27.186],[84.681,27.185],[84.681,27.185],[84.683,27.185],[84.684,27.184],[84.685,27.184],[84.685,27.183],[84.685,27.182],[84.685,27.182],[84.682,27.18],[84.681,27.177],[84.681,27.176],[84.681,27.175],[84.68,27.175],[84.678,27.174],[84.676,27.174],[84.675,27.171],[84.675,27.17],[84.676,27.169],[84.676,27.168],[84.677,27.168],[84.678,27.168],[84.68,27.166],[84.68,27.165],[84.679,27.164],[84.677,27.164],[84.677,27.163],[84.676,27.162],[84.678,27.161],[84.679,27.16],[84.681,27.158],[84.682,27.157],[84.683,27.156],[84.683,27.155],[84.683,27.154],[84.682,27.154],[84.681,27.154],[84.681,27.153],[84.68,27.153],[84.682,27.151],[84.683,27.149],[84.683,27.148],[84.683,27.146],[84.683,27.144],[84.682,27.142],[84.681,27.14],[84.68,27.136],[84.679,27.135],[84.677,27.134],[84.677,27.133],[84.678,27.133],[84.678,27.133],[84.679,27.133],[84.679,27.133],[84.679,27.132],[84.679,27.132],[84.678,27.131],[84.678,27.13],[84.678,27.129],[84.678,27.128],[84.679,27.128],[84.679,27.127],[84.678,27.127],[84.678,27.127],[84.678,27.127],[84.678,27.126],[84.679,27.126],[84.678,27.126],[84.678,27.126],[84.677,27.125],[84.677,27.125],[84.677,27.125],[84.678,27.125],[84.678,27.125],[84.678,27.124],[84.677,27.124],[84.676,27.124],[84.675,27.124],[84.675,27.123],[84.675,27.123],[84.675,27.123],[84.676,27.122],[84.676,27.121],[84.676,27.121],[84.676,27.12],[84.676,27.12],[84.676,27.12],[84.677,27.119],[84.677,27.119],[84.677,27.118],[84.677,27.118],[84.677,27.117],[84.677,27.116],[84.677,27.116],[84.676,27.115],[84.676,27.115],[84.675,27.114],[84.674,27.114],[84.673,27.114],[84.673,27.114],[84.672,27.115],[84.672,27.114],[84.671,27.114],[84.671,27.113],[84.671,27.112],[84.671,27.111],[84.67,27.11],[84.669,27.108],[84.67,27.107],[84.671,27.107],[84.672,27.108],[84.673,27.108],[84.674,27.107],[84.674,27.107],[84.674,27.106],[84.674,27.105],[84.675,27.103],[84.675,27.102],[84.675,27.101],[84.675,27.099],[84.675,27.098],[84.675,27.097],[84.674,27.096],[84.673,27.095],[84.673,27.096],[84.673,27.096],[84.673,27.096],[84.673,27.096],[84.671,27.098],[84.67,27.098],[84.669,27.098],[84.669,27.097],[84.669,27.096],[84.669,27.095],[84.668,27.095],[84.667,27.094],[84.667,27.094],[84.667,27.094],[84.665,27.094],[84.664,27.095],[84.664,27.094],[84.664,27.093],[84.665,27.093],[84.666,27.093],[84.667,27.093],[84.667,27.092],[84.668,27.093],[84.668,27.092],[84.669,27.092],[84.669,27.092],[84.669,27.092],[84.67,27.091],[84.67,27.091],[84.669,27.091],[84.669,27.09],[84.669,27.09],[84.669,27.09],[84.668,27.09],[84.667,27.09],[84.667,27.091],[84.666,27.09],[84.666,27.09],[84.666,27.089],[84.666,27.088],[84.666,27.088],[84.666,27.088],[84.665,27.088],[84.664,27.089],[84.663,27.089],[84.663,27.089],[84.663,27.088],[84.664,27.087],[84.665,27.086],[84.664,27.086],[84.664,27.086],[84.663,27.086],[84.663,27.087],[84.662,27.086],[84.662,27.086],[84.661,27.085],[84.66,27.085],[84.659,27.085],[84.659,27.085],[84.659,27.085],[84.658,27.084],[84.658,27.084],[84.658,27.083],[84.657,27.083],[84.657,27.083],[84.657,27.083],[84.656,27.083],[84.655,27.084],[84.655,27.084],[84.654,27.084],[84.654,27.083],[84.654,27.082],[84.654,27.082],[84.655,27.082],[84.656,27.082],[84.657,27.081],[84.658,27.081],[84.659,27.081],[84.659,27.081],[84.659,27.08],[84.658,27.08],[84.658,27.08],[84.658,27.08],[84.657,27.08],[84.656,27.079],[84.655,27.079],[84.654,27.08],[84.653,27.081],[84.652,27.08],[84.652,27.08],[84.652,27.08],[84.653,27.079],[84.653,27.079],[84.653,27.078],[84.653,27.078],[84.652,27.078],[84.652,27.078],[84.652,27.078],[84.651,27.078],[84.651,27.077],[84.65,27.077],[84.65,27.077],[84.649,27.077],[84.649,27.077],[84.649,27.076],[84.649,27.075],[84.648,27.075],[84.648,27.075],[84.648,27.076],[84.647,27.076],[84.647,27.076],[84.647,27.076],[84.647,27.076],[84.646,27.076],[84.646,27.075],[84.647,27.075],[84.647,27.075],[84.646,27.074],[84.647,27.073],[84.647,27.072],[84.647,27.071],[84.647,27.071],[84.647,27.071],[84.646,27.071],[84.646,27.07],[84.646,27.07],[84.646,27.069],[84.645,27.068],[84.645,27.068],[84.645,27.067],[84.644,27.066],[84.644,27.066],[84.643,27.066],[84.643,27.065],[84.644,27.065],[84.644,27.065],[84.645,27.064],[84.645,27.064],[84.645,27.063],[84.644,27.063],[84.644,27.062],[84.644,27.062],[84.644,27.062],[84.644,27.061],[84.643,27.06],[84.643,27.06],[84.643,27.059],[84.644,27.059],[84.644,27.058],[84.645,27.059],[84.645,27.059],[84.646,27.058],[84.645,27.058],[84.645,27.057],[84.645,27.056],[84.645,27.055],[84.646,27.055],[84.645,27.055],[84.645,27.054],[84.645,27.054],[84.645,27.054],[84.646,27.053],[84.646,27.052],[84.646,27.052],[84.646,27.051],[84.645,27.051],[84.644,27.052],[84.644,27.051],[84.644,27.051],[84.643,27.051],[84.643,27.05],[84.643,27.05],[84.644,27.049],[84.645,27.049],[84.644,27.049],[84.643,27.049],[84.643,27.049],[84.643,27.048],[84.643,27.048],[84.643,27.047],[84.643,27.047],[84.651,27.043],[84.71,27.021],[84.71,27.021],[84.71,27.022],[84.711,27.022],[84.711,27.021],[84.712,27.021],[84.712,27.022],[84.713,27.022],[84.713,27.022],[84.713,27.022],[84.713,27.022],[84.714,27.021],[84.715,27.021],[84.715,27.021],[84.715,27.02],[84.714,27.02],[84.715,27.02],[84.715,27.02],[84.716,27.02],[84.716,27.02],[84.717,27.02],[84.717,27.019],[84.717,27.019],[84.717,27.019],[84.717,27.019],[84.717,27.018],[84.717,27.018],[84.717,27.018],[84.717,27.017],[84.717,27.017],[84.718,27.018],[84.718,27.018],[84.718,27.018],[84.718,27.018],[84.719,27.018],[84.719,27.018],[84.719,27.017],[84.719,27.017],[84.719,27.017],[84.719,27.017],[84.719,27.016],[84.719,27.016],[84.719,27.016],[84.719,27.015],[84.719,27.015],[84.72,27.015],[84.72,27.015],[84.72,27.015],[84.721,27.015],[84.721,27.014],[84.721,27.014],[84.722,27.014],[84.722,27.014],[84.722,27.014],[84.723,27.014],[84.724,27.014],[84.725,27.014],[84.726,27.014],[84.727,27.013],[84.728,27.013],[84.729,27.015],[84.729,27.015],[84.729,27.015],[84.73,27.015],[84.73,27.015],[84.73,27.015],[84.731,27.014],[84.732,27.014],[84.732,27.014],[84.733,27.014],[84.733,27.014],[84.733,27.014],[84.757,27.003],[84.757,27.003],[84.757,27.003],[84.757,27.003],[84.757,27.003],[84.758,27.003],[84.758,27.003],[84.758,27.003],[84.758,27.004],[84.759,27.004],[84.759,27.005],[84.76,27.005],[84.76,27.005],[84.76,27.006],[84.761,27.006],[84.761,27.006],[84.761,27.006],[84.761,27.007],[84.761,27.007],[84.762,27.008],[84.762,27.008],[84.762,27.009],[84.762,27.009],[84.763,27.009],[84.763,27.01],[84.763,27.01],[84.764,27.01],[84.764,27.011],[84.764,27.011],[84.764,27.012],[84.764,27.012],[84.764,27.013],[84.765,27.013],[84.765,27.013],[84.766,27.014],[84.766,27.014],[84.766,27.014],[84.767,27.014],[84.767,27.014],[84.767,27.015],[84.767,27.015],[84.768,27.015],[84.768,27.015],[84.768,27.015],[84.768,27.015],[84.769,27.016],[84.769,27.016],[84.77,27.016],[84.77,27.017],[84.77,27.017],[84.771,27.017],[84.771,27.017],[84.771,27.017],[84.772,27.018],[84.772,27.018],[84.772,27.018],[84.773,27.018],[84.773,27.018],[84.78,27.015],[84.782,27.014],[84.782,27.013],[84.782,27.012],[84.782,27.012],[84.783,27.011],[84.783,27.01],[84.784,27.01],[84.784,27.008],[84.785,27.007],[84.786,27.008],[84.786,27.009],[84.785,27.01],[84.786,27.011],[84.786,27.01],[84.787,27.009],[84.787,27.009],[84.788,27.009],[84.788,27.01],[84.789,27.01],[84.789,27.009],[84.789,27.008],[84.788,27.008],[84.788,27.008],[84.788,27.007],[84.788,27.007],[84.788,27.006],[84.788,27.006],[84.787,27.006],[84.787,27.005],[84.787,27.005],[84.787,27.005],[84.787,27.004],[84.787,27.004],[84.788,27.004],[84.788,27.003],[84.788,27.003],[84.786,26.999],[84.787,26.998],[84.787,26.999],[84.788,26.999],[84.788,26.999],[84.788,26.999],[84.788,26.998],[84.788,26.998],[84.788,26.997],[84.789,26.997],[84.789,26.997],[84.79,26.997],[84.79,26.998],[84.79,26.999],[84.79,26.999],[84.79,26.999],[84.79,26.999],[84.791,27.0],[84.791,26.999],[84.791,26.999],[84.791,26.999],[84.791,26.999],[84.791,26.999],[84.791,26.999],[84.792,26.998],[84.792,26.998],[84.792,26.998],[84.792,26.998],[84.791,26.998],[84.791,26.998],[84.791,26.998],[84.791,26.998],[84.79,26.998],[84.79,26.997],[84.791,26.997],[84.791,26.997],[84.792,26.997],[84.793,26.997],[84.793,26.996],[84.793,26.996],[84.793,26.996],[84.793,26.996],[84.793,26.996],[84.794,26.996],[84.794,26.996],[84.794,26.997],[84.794,26.997],[84.794,26.997],[84.794,26.997],[84.794,26.997],[84.794,26.998],[84.794,26.998],[84.794,26.999],[84.795,26.999],[84.795,26.999],[84.795,26.999],[84.795,26.999],[84.795,27.0],[84.796,27.0],[84.796,27.001],[84.796,27.001],[84.796,27.001],[84.796,27.002],[84.796,27.002],[84.796,27.002],[84.796,27.003],[84.796,27.003],[84.796,27.003],[84.797,27.003],[84.797,27.003],[84.797,27.003],[84.797,27.004],[84.797,27.004],[84.797,27.004],[84.798,27.004],[84.798,27.004],[84.798,27.004],[84.799,27.004],[84.799,27.004],[84.799,27.003],[84.799,27.003],[84.799,27.003],[84.799,27.002],[84.799,27.002],[84.799,27.001],[84.8,27.001],[84.8,27.001],[84.8,27.001],[84.801,27.001],[84.801,27.002],[84.801,27.002],[84.801,27.003],[84.801,27.003],[84.801,27.004],[84.801,27.004],[84.801,27.005],[84.802,27.005],[84.802,27.006],[84.802,27.006],[84.803,27.005],[84.803,27.006],[84.803,27.005],[84.804,27.006],[84.804,27.006],[84.805,27.006],[84.806,27.006],[84.805,27.007],[84.806,27.007],[84.807,27.007],[84.807,27.007],[84.808,27.008],[84.808,27.008],[84.808,27.008],[84.807,27.008],[84.807,27.009],[84.806,27.01],[84.807,27.011],[84.807,27.012],[84.808,27.013],[84.809,27.012],[84.809,27.011],[84.81,27.011],[84.81,27.013],[84.811,27.014],[84.81,27.015],[84.81,27.015],[84.809,27.014],[84.808,27.013],[84.807,27.014],[84.807,27.015],[84.807,27.016],[84.808,27.017],[84.808,27.017],[84.808,27.018],[84.809,27.018],[84.81,27.018],[84.811,27.018],[84.811,27.017],[84.811,27.016],[84.812,27.016],[84.812,27.017],[84.812,27.018],[84.812,27.019],[84.812,27.02],[84.812,27.021],[84.812,27.021],[84.813,27.02],[84.813,27.02],[84.813,27.019],[84.814,27.019],[84.815,27.019],[84.817,27.02],[84.819,27.021],[84.82,27.022],[84.821,27.022],[84.822,27.022],[84.823,27.021],[84.823,27.021],[84.824,27.02],[84.825,27.021],[84.825,27.021],[84.833,27.017],[84.854,27.008],[84.854,27.008],[84.854,27.007],[84.855,27.007],[84.855,27.006],[84.854,27.006],[84.854,27.006],[84.853,27.006],[84.852,27.006],[84.852,27.005],[84.852,27.004],[84.851,27.004],[84.851,27.003],[84.851,27.003],[84.851,27.003],[84.852,27.003],[84.852,27.002],[84.853,27.002],[84.852,27.001],[84.851,27.001],[84.851,27.001],[84.851,27.0],[84.85,26.999],[84.85,26.998],[84.851,26.998],[84.851,26.998],[84.851,26.999],[84.852,26.999],[84.852,26.999],[84.853,26.998],[84.853,26.998],[84.853,26.998],[84.853,26.999],[84.854,26.999],[84.854,26.999],[84.855,26.998],[84.855,26.998],[84.856,26.999],[84.857,26.999],[84.858,26.998],[84.857,26.997],[84.857,26.997],[84.857,26.997],[84.856,26.997],[84.856,26.996],[84.856,26.996],[84.856,26.996],[84.857,26.996],[84.857,26.996],[84.857,26.996],[84.857,26.995],[84.858,26.995],[84.858,26.995],[84.858,26.994],[84.857,26.993],[84.857,26.992],[84.857,26.992],[84.857,26.992],[84.857,26.992],[84.856,26.993],[84.856,26.993],[84.855,26.994],[84.855,26.994],[84.855,26.994],[84.855,26.993],[84.855,26.992],[84.855,26.991],[84.856,26.991],[84.857,26.991],[84.857,26.991],[84.858,26.99],[84.857,26.99],[84.856,26.99],[84.856,26.989],[84.855,26.989],[84.855,26.988],[84.855,26.987],[84.856,26.987],[84.856,26.986],[84.856,26.986],[84.857,26.987],[84.857,26.987],[84.857,26.988],[84.857,26.989],[84.858,26.989],[84.858,26.99],[84.859,26.989],[84.859,26.989],[84.859,26.988],[84.86,26.988],[84.861,26.988],[84.862,26.987],[84.864,26.986],[84.864,26.985],[84.864,26.985],[84.865,26.984],[84.865,26.984],[84.866,26.984],[84.867,26.984],[84.867,26.984],[84.868,26.984],[84.868,26.984],[84.869,26.984],[84.869,26.983],[84.87,26.983],[84.877,26.98],[84.889,26.977],[84.889,26.977],[84.889,26.976],[84.889,26.976],[84.889,26.976],[84.889,26.975],[84.89,26.975],[84.89,26.975],[84.891,26.974],[84.891,26.974],[84.89,26.973],[84.89,26.972],[84.89,26.971],[84.891,26.97],[84.891,26.97],[84.892,26.97],[84.893,26.97],[84.892,26.97],[84.892,26.971],[84.892,26.972],[84.892,26.973],[84.893,26.973],[84.894,26.973],[84.896,26.973],[84.897,26.973],[84.897,26.972],[84.898,26.971],[84.898,26.971],[84.899,26.97],[84.9,26.97],[84.901,26.97],[84.91,26.968],[84.912,26.968],[84.913,26.969],[84.913,26.969],[84.914,26.969],[84.915,26.969],[84.916,26.969],[84.918,26.969],[84.919,26.969],[84.921,26.968],[84.922,26.968],[84.923,26.968],[84.924,26.968],[84.925,26.968],[84.926,26.968],[84.927,26.968],[84.928,26.968],[84.929,26.969],[84.929,26.969],[84.93,26.968],[84.932,26.968],[84.933,26.968],[84.934,26.968],[84.951,26.961],[84.952,26.961],[84.953,26.96],[84.955,26.96],[84.956,26.96],[84.956,26.96],[84.957,26.961],[84.958,26.961],[84.959,26.961],[84.96,26.961],[84.961,26.961],[84.962,26.961],[84.963,26.96],[84.963,26.96],[84.963,26.959],[84.963,26.959],[84.964,26.958],[84.965,26.958],[84.965,26.958],[84.966,26.958],[84.966,26.958],[84.965,26.957],[84.965,26.957],[84.966,26.956],[84.966,26.956],[84.978,26.941],[84.978,26.94],[84.978,26.94],[84.978,26.94],[84.977,26.94],[84.976,26.94],[84.976,26.94],[84.975,26.94],[84.975,26.939],[84.975,26.938],[84.975,26.938],[84.977,26.938],[84.978,26.938],[84.978,26.937],[84.978,26.937],[84.977,26.936],[84.977,26.935],[84.977,26.935],[84.976,26.934],[84.976,26.933],[84.976,26.933],[84.976,26.932],[84.975,26.932],[84.975,26.932],[84.974,26.932],[84.973,26.93],[84.972,26.93],[84.971,26.93],[84.97,26.93],[84.97,26.929],[84.97,26.929],[84.97,26.928],[84.971,26.928],[84.971,26.927],[84.972,26.927],[84.972,26.926],[84.971,26.926],[84.97,26.926],[84.97,26.925],[84.97,26.925],[84.97,26.924],[84.971,26.924],[84.971,26.923],[84.972,26.923],[84.972,26.922],[84.971,26.921],[84.97,26.92],[84.97,26.92],[84.97,26.919],[84.97,26.919],[84.971,26.918],[84.97,26.917],[84.969,26.916],[85.0,26.912],[85.0,26.912],[85.001,26.911],[85.001,26.911],[85.001,26.91],[85.001,26.91],[85.001,26.91],[85.001,26.909],[85.001,26.909],[85.0,26.909],[85.0,26.908],[85.001,26.908],[85.001,26.907],[85.001,26.907],[85.0,26.906],[85.0,26.906],[85.001,26.906],[85.002,26.906],[85.002,26.905],[85.002,26.905],[85.002,26.905],[85.002,26.904],[85.002,26.904],[85.002,26.904],[85.002,26.904],[85.002,26.903],[85.002,26.903],[85.001,26.904],[85.001,26.904],[85.001,26.904],[85.0,26.904],[84.999,26.905],[84.999,26.905],[84.999,26.905],[84.998,26.905],[84.997,26.905],[84.997,26.906],[84.996,26.907],[84.996,26.907],[84.995,26.906],[84.995,26.906],[84.994,26.906],[84.993,26.906],[84.993,26.906],[84.993,26.905],[84.993,26.903],[84.994,26.902],[85.017,26.894],[85.031,26.892],[85.052,26.889],[85.052,26.888],[85.052,26.887],[85.052,26.886],[85.053,26.885],[85.049,26.883],[85.05,26.883],[85.049,26.882],[85.049,26.881],[85.05,26.879],[85.049,26.878],[85.048,26.878],[85.046,26.878],[85.044,26.879],[85.043,26.879],[85.042,26.88],[85.041,26.879],[85.04,26.879],[85.038,26.878],[85.038,26.877],[85.038,26.876],[85.039,26.875],[85.036,26.875],[85.036,26.875],[85.035,26.875],[85.033,26.875],[85.031,26.874],[85.029,26.874],[85.027,26.874],[85.025,26.873],[85.025,26.873],[85.025,26.872],[85.025,26.871],[85.026,26.871],[85.027,26.872],[85.028,26.872],[85.029,26.872],[85.03,26.87],[85.032,26.869],[85.033,26.867],[85.033,26.867],[85.032,26.866],[85.031,26.866],[85.029,26.865],[85.028,26.865],[85.027,26.864],[85.026,26.864],[85.027,26.862],[85.027,26.861],[85.03,26.86],[85.031,26.86],[85.032,26.86],[85.033,26.86],[85.032,26.858],[85.032,26.857],[85.03,26.857],[85.029,26.856],[85.028,26.856],[85.027,26.857],[85.026,26.858],[85.025,26.858],[85.024,26.857],[85.023,26.856],[85.023,26.856],[85.027,26.854],[85.042,26.852],[85.058,26.849],[85.058,26.85],[85.058,26.85],[85.059,26.85],[85.058,26.851],[85.058,26.851],[85.058,26.851],[85.057,26.851],[85.057,26.851],[85.057,26.852],[85.056,26.852],[85.056,26.852],[85.056,26.853],[85.057,26.853],[85.057,26.853],[85.057,26.853],[85.057,26.854],[85.057,26.854],[85.057,26.855],[85.058,26.856],[85.058,26.856],[85.058,26.856],[85.059,26.856],[85.059,26.855],[85.059,26.855],[85.059,26.854],[85.06,26.854],[85.06,26.854],[85.06,26.854],[85.061,26.854],[85.061,26.855],[85.061,26.855],[85.062,26.855],[85.062,26.856],[85.062,26.856],[85.061,26.856],[85.061,26.857],[85.061,26.857],[85.062,26.857],[85.063,26.858],[85.063,26.858],[85.063,26.858],[85.063,26.858],[85.063,26.857],[85.062,26.857],[85.062,26.857],[85.063,26.856],[85.063,26.857],[85.064,26.857],[85.065,26.857],[85.065,26.856],[85.065,26.856],[85.064,26.856],[85.064,26.856],[85.063,26.855],[85.063,26.855],[85.062,26.855],[85.062,26.855],[85.062,26.854],[85.062,26.854],[85.062,26.854],[85.062,26.853],[85.062,26.853],[85.062,26.853],[85.062,26.853],[85.062,26.853],[85.063,26.852],[85.063,26.852],[85.063,26.851],[85.063,26.851],[85.063,26.85],[85.063,26.85],[85.064,26.85],[85.064,26.85],[85.064,26.85],[85.065,26.85],[85.066,26.85],[85.066,26.851],[85.066,26.851],[85.066,26.853],[85.066,26.854],[85.067,26.854],[85.067,26.854],[85.068,26.854],[85.068,26.854],[85.069,26.854],[85.07,26.854],[85.07,26.854],[85.071,26.854],[85.071,26.854],[85.071,26.855],[85.071,26.855],[85.071,26.856],[85.071,26.855],[85.071,26.855],[85.072,26.855],[85.073,26.855],[85.073,26.855],[85.073,26.856],[85.074,26.856],[85.074,26.856],[85.074,26.855],[85.075,26.855],[85.076,26.855],[85.076,26.856],[85.076,26.856],[85.076,26.857],[85.077,26.857],[85.077,26.857],[85.077,26.856],[85.077,26.856],[85.078,26.856],[85.078,26.856],[85.078,26.856],[85.078,26.856],[85.078,26.856],[85.077,26.857],[85.077,26.858],[85.077,26.859],[85.077,26.859],[85.077,26.859],[85.077,26.858],[85.078,26.858],[85.078,26.858],[85.078,26.857],[85.079,26.857],[85.079,26.857],[85.08,26.857],[85.08,26.857],[85.08,26.857],[85.081,26.857],[85.081,26.857],[85.082,26.857],[85.081,26.856],[85.081,26.856],[85.08,26.856],[85.081,26.856],[85.081,26.855],[85.081,26.855],[85.082,26.855],[85.082,26.855],[85.082,26.856],[85.083,26.856],[85.083,26.856],[85.083,26.856],[85.084,26.856],[85.083,26.856],[85.083,26.856],[85.083,26.856],[85.083,26.856],[85.083,26.855],[85.083,26.855],[85.083,26.854],[85.083,26.854],[85.083,26.854],[85.084,26.853],[85.084,26.853],[85.084,26.853],[85.085,26.853],[85.086,26.853],[85.087,26.853],[85.087,26.853],[85.087,26.854],[85.086,26.854],[85.086,26.854],[85.085,26.854],[85.085,26.854],[85.085,26.855],[85.085,26.855],[85.085,26.855],[85.085,26.856],[85.085,26.856],[85.085,26.856],[85.086,26.856],[85.087,26.856],[85.087,26.856],[85.087,26.856],[85.088,26.857],[85.088,26.858],[85.087,26.858],[85.087,26.858],[85.087,26.859],[85.087,26.859],[85.088,26.859],[85.088,26.859],[85.088,26.859],[85.088,26.859],[85.088,26.859],[85.089,26.859],[85.089,26.859],[85.089,26.859],[85.09,26.86],[85.089,26.86],[85.089,26.86],[85.089,26.86],[85.089,26.86],[85.089,26.86],[85.089,26.86],[85.089,26.861],[85.089,26.861],[85.089,26.861],[85.089,26.861],[85.088,26.862],[85.088,26.862],[85.088,26.862],[85.088,26.862],[85.088,26.862],[85.088,26.862],[85.088,26.862],[85.087,26.862],[85.087,26.863],[85.087,26.863],[85.087,26.863],[85.086,26.863],[85.086,26.863],[85.086,26.863],[85.086,26.864],[85.086,26.865],[85.085,26.865],[85.086,26.866],[85.086,26.866],[85.086,26.866],[85.086,26.867],[85.087,26.867],[85.087,26.867],[85.088,26.867],[85.088,26.867],[85.089,26.867],[85.089,26.867],[85.088,26.868],[85.089,26.868],[85.089,26.868],[85.089,26.868],[85.09,26.869],[85.09,26.869],[85.09,26.869],[85.091,26.868],[85.091,26.868],[85.096,26.867],[85.105,26.872],[85.11,26.871],[85.11,26.871],[85.111,26.872],[85.111,26.872],[85.112,26.872],[85.113,26.872],[85.114,26.872],[85.114,26.872],[85.114,26.872],[85.114,26.872],[85.115,26.872],[85.115,26.872],[85.116,26.872],[85.116,26.872],[85.116,26.872],[85.117,26.872],[85.117,26.872],[85.117,26.872],[85.118,26.872],[85.118,26.872],[85.118,26.872],[85.119,26.872],[85.119,26.872],[85.119,26.872],[85.12,26.872],[85.12,26.872],[85.121,26.872],[85.121,26.872],[85.121,26.872],[85.122,26.872],[85.122,26.872],[85.122,26.872],[85.123,26.872],[85.123,26.872],[85.124,26.872],[85.124,26.871],[85.124,26.871],[85.125,26.87],[85.126,26.87],[85.126,26.87],[85.127,26.87],[85.128,26.87],[85.129,26.869],[85.13,26.869],[85.131,26.869],[85.131,26.869],[85.132,26.869],[85.135,26.868],[85.164,26.869],[85.184,26.87],[85.193,26.864],[85.191,26.847],[85.191,26.831],[85.178,26.817],[85.181,26.803],[85.181,26.8],[85.18,26.799],[85.179,26.798],[85.179,26.798],[85.18,26.797],[85.18,26.796],[85.181,26.796],[85.182,26.795],[85.184,26.795],[85.185,26.795],[85.185,26.796],[85.186,26.795],[85.187,26.795],[85.186,26.794],[85.186,26.793],[85.186,26.792],[85.186,26.791],[85.187,26.791],[85.187,26.791],[85.189,26.791],[85.19,26.791],[85.191,26.791],[85.192,26.791],[85.193,26.791],[85.193,26.79],[85.193,26.79],[85.193,26.789],[85.193,26.789],[85.193,26.788],[85.194,26.788],[85.194,26.787],[85.194,26.787],[85.194,26.786],[85.194,26.785],[85.194,26.784],[85.194,26.783],[85.193,26.782],[85.192,26.782],[85.192,26.782],[85.197,26.771],[85.201,26.769],[85.205,26.763],[85.218,26.759],[85.236,26.762],[85.253,26.759],[85.267,26.755],[85.3,26.753],[85.312,26.75],[85.317,26.75],[85.321,26.747],[85.325,26.745],[85.363,26.761],[85.37,26.758],[85.376,26.762],[85.384,26.774],[85.403,26.783],[85.407,26.79],[85.418,26.79],[85.428,26.786],[85.435,26.789],[85.452,26.782],[85.453,26.782],[85.453,26.783],[85.454,26.783],[85.454,26.783],[85.454,26.783],[85.454,26.782],[85.453,26.782],[85.453,26.782],[85.453,26.782],[85.454,26.782],[85.454,26.782],[85.454,26.782],[85.455,26.782],[85.455,26.783],[85.455,26.783],[85.456,26.783],[85.457,26.784],[85.458,26.784],[85.458,26.784],[85.458,26.784],[85.458,26.784],[85.459,26.784],[85.459,26.785],[85.459,26.785],[85.459,26.785],[85.458,26.785],[85.458,26.784],[85.458,26.785],[85.458,26.785],[85.46,26.786],[85.461,26.787],[85.462,26.787],[85.462,26.787],[85.462,26.787],[85.463,26.788],[85.463,26.788],[85.464,26.789],[85.464,26.789],[85.464,26.789],[85.465,26.789],[85.465,26.789],[85.465,26.788],[85.465,26.788],[85.466,26.788],[85.466,26.789],[85.466,26.789],[85.467,26.789],[85.467,26.789],[85.468,26.789],[85.469,26.789],[85.469,26.789],[85.47,26.789],[85.471,26.79],[85.472,26.79],[85.474,26.79],[85.475,26.791],[85.475,26.791],[85.476,26.792],[85.477,26.792],[85.478,26.794],[85.479,26.795],[85.479,26.797],[85.478,26.799],[85.479,26.801],[85.479,26.802],[85.479,26.802],[85.495,26.797],[85.496,26.798],[85.496,26.798],[85.496,26.799],[85.497,26.8],[85.496,26.8],[85.496,26.801],[85.495,26.802],[85.495,26.802],[85.495,26.803],[85.495,26.803],[85.496,26.803],[85.496,26.802],[85.496,26.802],[85.497,26.803],[85.497,26.803],[85.497,26.804],[85.497,26.805],[85.497,26.807],[85.498,26.808],[85.498,26.808],[85.497,26.809],[85.496,26.81],[85.497,26.81],[85.498,26.81],[85.498,26.81],[85.499,26.811],[85.499,26.811],[85.498,26.812],[85.498,26.812],[85.498,26.812],[85.499,26.813],[85.5,26.813],[85.5,26.813],[85.502,26.815],[85.52,26.814],[85.566,26.843],[85.576,26.861],[85.577,26.86],[85.577,26.86],[85.577,26.86],[85.578,26.859],[85.578,26.859],[85.578,26.859],[85.578,26.858],[85.578,26.858],[85.578,26.857],[85.578,26.857],[85.579,26.857],[85.58,26.857],[85.58,26.858],[85.581,26.858],[85.581,26.859],[85.582,26.859],[85.582,26.859],[85.584,26.858],[85.583,26.857],[85.584,26.857],[85.586,26.856],[85.586,26.854],[85.586,26.852],[85.586,26.852],[85.585,26.851],[85.585,26.85],[85.585,26.849],[85.585,26.848],[85.586,26.847],[85.593,26.851],[85.627,26.873],[85.694,26.837],[85.734,26.796],[85.734,26.737],[85.734,26.737],[85.733,26.737],[85.732,26.737],[85.732,26.737],[85.732,26.736],[85.731,26.736],[85.731,26.736],[85.73,26.736],[85.729,26.734],[85.729,26.733],[85.73,26.733],[85.731,26.733],[85.73,26.732],[85.73,26.732],[85.73,26.731],[85.731,26.731],[85.731,26.731],[85.731,26.731],[85.731,26.731],[85.731,26.731],[85.731,26.731],[85.73,26.73],[85.729,26.73],[85.729,26.73],[85.728,26.73],[85.728,26.729],[85.729,26.728],[85.729,26.727],[85.729,26.725],[85.729,26.725],[85.728,26.725],[85.728,26.725],[85.728,26.724],[85.728,26.724],[85.727,26.723],[85.726,26.722],[85.726,26.721],[85.726,26.72],[85.726,26.719],[85.726,26.719],[85.727,26.718],[85.728,26.718],[85.728,26.718],[85.728,26.717],[85.727,26.716],[85.727,26.715],[85.727,26.715],[85.726,26.714],[85.726,26.713],[85.726,26.713],[85.726,26.712],[85.726,26.711],[85.725,26.711],[85.725,26.71],[85.725,26.71],[85.725,26.709],[85.725,26.708],[85.725,26.707],[85.726,26.707],[85.726,26.707],[85.726,26.707],[85.726,26.706],[85.726,26.706],[85.725,26.705],[85.725,26.704],[85.724,26.703],[85.724,26.702],[85.725,26.701],[85.725,26.7],[85.724,26.7],[85.723,26.7],[85.723,26.7],[85.724,26.699],[85.724,26.698],[85.725,26.697],[85.725,26.697],[85.725,26.696],[85.725,26.696],[85.725,26.695],[85.725,26.695],[85.724,26.694],[85.724,26.694],[85.725,26.693],[85.725,26.693],[85.724,26.692],[85.724,26.692],[85.724,26.691],[85.724,26.689],[85.723,26.687],[85.723,26.687],[85.724,26.686],[85.724,26.686],[85.724,26.686],[85.725,26.686],[85.725,26.685],[85.725,26.685],[85.724,26.684],[85.723,26.683],[85.723,26.683],[85.724,26.682],[85.725,26.682],[85.725,26.682],[85.724,26.681],[85.724,26.68],[85.725,26.679],[85.725,26.678],[85.725,26.677],[85.725,26.677],[85.724,26.676],[85.724,26.675],[85.724,26.674],[85.724,26.674],[85.724,26.674],[85.725,26.675],[85.726,26.674],[85.727,26.674],[85.726,26.674],[85.726,26.673],[85.726,26.672],[85.725,26.671],[85.726,26.67],[85.727,26.67],[85.728,26.669],[85.728,26.668],[85.729,26.668],[85.729,26.667],[85.73,26.668],[85.73,26.668],[85.73,26.668],[85.73,26.667],[85.73,26.667],[85.73,26.666],[85.73,26.666],[85.73,26.666],[85.731,26.666],[85.731,26.666],[85.731,26.666],[85.732,26.666],[85.732,26.666],[85.732,26.665],[85.733,26.665],[85.734,26.665],[85.735,26.665],[85.736,26.664],[85.737,26.664],[85.736,26.663],[85.736,26.663],[85.736,26.663],[85.736,26.662],[85.736,26.662],[85.735,26.661],[85.735,26.66],[85.735,26.659],[85.735,26.659],[85.735,26.658],[85.734,26.658],[85.734,26.657],[85.734,26.656],[85.733,26.656],[85.732,26.656],[85.732,26.655],[85.732,26.655],[85.732,26.654],[85.732,26.654],[85.733,26.654],[85.734,26.654],[85.734,26.654],[85.734,26.653],[85.734,26.653],[85.734,26.653],[85.735,26.653],[85.735,26.653],[85.735,26.653],[85.735,26.652],[85.734,26.652],[85.734,26.651],[85.734,26.651],[85.735,26.651],[85.735,26.651],[85.735,26.652],[85.736,26.652],[85.736,26.652],[85.736,26.651],[85.737,26.651],[85.737,26.65],[85.737,26.65],[85.738,26.65],[85.737,26.649],[85.746,26.642],[85.746,26.641],[85.746,26.641],[85.746,26.641],[85.747,26.641],[85.747,26.641],[85.747,26.641],[85.747,26.64],[85.748,26.64],[85.748,26.64],[85.748,26.639],[85.748,26.639],[85.771,26.63],[85.795,26.626],[85.818,26.603],[85.837,26.611],[85.848,26.609],[85.849,26.569],[85.85,26.569],[85.851,26.568],[85.852,26.568],[85.852,26.568],[85.852,26.569],[85.852,26.57],[85.853,26.57],[85.854,26.571],[85.855,26.571],[85.855,26.572],[85.855,26.572],[85.855,26.573],[85.856,26.573],[85.856,26.573],[85.857,26.572],[85.858,26.572],[85.858,26.571],[85.858,26.57],[85.858,26.57],[85.858,26.569],[85.858,26.569],[85.859,26.569],[85.859,26.57],[85.859,26.57],[85.861,26.57],[85.861,26.57],[85.862,26.571],[85.862,26.572],[85.863,26.572],[85.863,26.572],[85.864,26.572],[85.864,26.572],[85.864,26.573],[85.865,26.573],[85.866,26.574],[85.867,26.574],[85.867,26.575],[85.869,26.576],[85.87,26.576],[85.87,26.576],[85.87,26.577],[85.869,26.578],[85.869,26.578],[85.87,26.579],[85.871,26.579],[85.871,26.58],[85.872,26.58],[85.872,26.579],[85.872,26.579],[85.872,26.578],[85.873,26.578],[85.873,26.579],[85.874,26.58],[85.875,26.58],[85.875,26.581],[85.877,26.581],[85.878,26.581],[85.879,26.582],[85.879,26.582],[85.879,26.583],[85.879,26.583],[85.879,26.583],[85.879,26.584],[85.879,26.584],[85.88,26.584],[85.882,26.584],[85.883,26.584],[85.884,26.583],[85.885,26.583],[85.885,26.582],[85.886,26.583],[85.887,26.583],[85.888,26.583],[85.888,26.584],[85.889,26.585],[85.888,26.586],[85.888,26.586],[85.889,26.587],[85.89,26.588],[85.889,26.588],[85.889,26.589],[85.889,26.589],[85.89,26.589],[85.89,26.59],[85.89,26.591],[85.891,26.592],[85.891,26.592],[85.891,26.594],[85.891,26.594],[85.892,26.595],[85.894,26.595],[85.895,26.595],[85.895,26.595],[85.896,26.594],[85.896,26.594],[85.897,26.594],[85.898,26.595],[85.9,26.594],[85.901,26.595],[85.901,26.597],[85.901,26.598],[85.901,26.599],[85.9,26.6],[85.9,26.6],[85.901,26.6],[85.902,26.6],[85.903,26.6],[85.902,26.601],[85.902,26.601],[85.903,26.601],[85.904,26.602],[85.905,26.602],[85.906,26.602],[85.906,26.603],[85.906,26.603],[85.908,26.604],[85.909,26.604],[85.91,26.605],[85.91,26.605],[85.911,26.605],[85.912,26.604],[85.913,26.605],[85.913,26.605],[85.913,26.606],[85.913,26.607],[85.914,26.607],[85.913,26.608],[85.913,26.608],[85.914,26.609],[85.915,26.609],[85.917,26.609],[85.918,26.609],[85.919,26.609],[85.92,26.61],[85.92,26.61],[85.921,26.61],[85.921,26.61],[85.922,26.609],[85.923,26.609],[85.923,26.61],[85.924,26.61],[85.925,26.61],[85.926,26.609],[85.927,26.61],[85.927,26.611],[85.927,26.612],[85.927,26.613],[85.927,26.614],[85.928,26.614],[85.929,26.613],[85.929,26.613],[85.929,26.614],[85.929,26.615],[85.928,26.615],[85.928,26.616],[85.928,26.617],[85.929,26.617],[85.93,26.616],[85.93,26.616],[85.931,26.616],[85.932,26.616],[85.932,26.615],[85.932,26.614],[85.932,26.613],[85.933,26.613],[85.934,26.615],[85.935,26.616],[85.936,26.616],[85.937,26.616],[85.937,26.617],[85.938,26.616],[85.938,26.616],[85.939,26.615],[85.94,26.614],[85.942,26.614],[85.944,26.613],[85.945,26.613],[85.946,26.613],[85.947,26.613],[85.948,26.614],[85.949,26.615],[85.949,26.615],[85.948,26.615],[85.947,26.615],[85.947,26.614],[85.946,26.615],[85.946,26.615],[85.946,26.615],[85.947,26.616],[85.948,26.616],[85.947,26.617],[85.946,26.617],[85.946,26.618],[85.946,26.618],[85.946,26.619],[85.946,26.62],[85.945,26.621],[85.946,26.621],[85.947,26.622],[85.947,26.623],[85.948,26.623],[85.949,26.623],[85.949,26.624],[85.949,26.625],[85.949,26.625],[85.95,26.625],[85.95,26.624],[85.95,26.624],[85.951,26.624],[85.951,26.624],[85.952,26.625],[85.952,26.625],[85.952,26.626],[85.952,26.626],[85.953,26.627],[85.953,26.627],[85.954,26.628],[85.954,26.628],[85.955,26.629],[85.956,26.63],[85.956,26.631],[85.955,26.631],[85.955,26.632],[85.954,26.634],[85.953,26.634],[85.953,26.634],[85.953,26.636],[85.953,26.637],[85.952,26.637],[85.953,26.638],[85.953,26.638],[85.953,26.639],[85.954,26.64],[85.954,26.642],[85.953,26.643],[85.953,26.643],[85.954,26.644],[85.955,26.644],[85.956,26.645],[85.956,26.646],[85.956,26.648],[85.956,26.649],[85.957,26.649],[85.957,26.648],[85.958,26.648],[85.959,26.648],[85.96,26.649],[85.96,26.65],[85.96,26.65],[85.959,26.65],[85.958,26.651],[85.959,26.651],[85.96,26.651],[85.961,26.651],[85.962,26.65],[85.963,26.65],[85.963,26.651],[85.964,26.652],[85.964,26.652],[85.964,26.652],[85.965,26.653],[85.965,26.653],[85.965,26.652],[85.965,26.652],[85.966,26.652],[85.967,26.652],[85.967,26.652],[85.967,26.651],[85.968,26.652],[85.968,26.652],[85.968,26.653],[85.968,26.653],[85.969,26.653],[85.969,26.654],[85.97,26.653],[85.97,26.654],[85.969,26.655],[85.97,26.655],[85.97,26.655],[85.97,26.655],[85.971,26.655],[85.973,26.655],[85.973,26.655],[85.974,26.656],[85.974,26.656],[85.974,26.657],[85.974,26.657],[85.975,26.657],[85.975,26.658],[85.975,26.658],[85.975,26.658],[85.975,26.658],[85.976,26.658],[85.977,26.658],[85.978,26.658],[85.979,26.658],[85.979,26.658],[85.98,26.658],[85.981,26.658],[85.981,26.657],[85.981,26.657],[85.982,26.657],[85.983,26.657],[85.983,26.657],[85.983,26.657],[85.984,26.657],[85.984,26.657],[85.985,26.657],[85.986,26.657],[85.987,26.657],[85.988,26.657],[85.989,26.657],[85.99,26.657],[85.991,26.657],[85.991,26.656],[85.992,26.656],[85.993,26.656],[85.994,26.656],[85.994,26.655],[85.995,26.655],[85.995,26.656],[85.995,26.656],[85.996,26.656],[85.997,26.656],[85.998,26.655],[85.999,26.655],[85.999,26.655],[86.0,26.655],[86.001,26.655],[86.002,26.655],[86.003,26.656],[86.003,26.656],[86.004,26.655],[86.004,26.655],[86.005,26.656],[86.005,26.657],[86.005,26.656],[86.007,26.656],[86.007,26.656],[86.008,26.655],[86.009,26.655],[86.009,26.654],[86.01,26.654],[86.011,26.654],[86.012,26.655],[86.012,26.656],[86.011,26.657],[86.012,26.657],[86.013,26.658],[86.013,26.659],[86.012,26.659],[86.012,26.66],[86.012,26.66],[86.012,26.66],[86.013,26.66],[86.013,26.66],[86.014,26.661],[86.014,26.66],[86.015,26.66],[86.016,26.661],[86.017,26.661],[86.018,26.661],[86.019,26.661],[86.02,26.662],[86.02,26.662],[86.021,26.662],[86.021,26.663],[86.021,26.663],[86.022,26.664],[86.023,26.664],[86.023,26.664],[86.024,26.664],[86.024,26.664],[86.024,26.665],[86.025,26.665],[86.025,26.665],[86.026,26.665],[86.027,26.665],[86.027,26.666],[86.027,26.666],[86.027,26.667],[86.027,26.667],[86.028,26.667],[86.069,26.658],[86.133,26.629],[86.139,26.616],[86.145,26.609],[86.153,26.61],[86.154,26.61],[86.156,26.61],[86.156,26.611],[86.162,26.614],[86.17,26.616],[86.173,26.616],[86.173,26.615],[86.174,26.614],[86.174,26.614],[86.175,26.615],[86.176,26.615],[86.178,26.615],[86.179,26.615],[86.18,26.614],[86.182,26.614],[86.184,26.614],[86.186,26.614],[86.187,26.615],[86.189,26.615],[86.191,26.615],[86.193,26.615],[86.194,26.614],[86.194,26.612],[86.194,26.611],[86.193,26.611],[86.193,26.612],[86.192,26.612],[86.191,26.613],[86.191,26.612],[86.191,26.611],[86.191,26.611],[86.193,26.61],[86.195,26.609],[86.195,26.609],[86.195,26.608],[86.195,26.607],[86.195,26.605],[86.196,26.604],[86.196,26.602],[86.196,26.602],[86.196,26.601],[86.196,26.6],[86.195,26.599],[86.197,26.598],[86.197,26.598],[86.197,26.597],[86.196,26.597],[86.196,26.596],[86.196,26.596],[86.196,26.595],[86.196,26.594],[86.198,26.593],[86.199,26.594],[86.2,26.596],[86.2,26.597],[86.201,26.597],[86.202,26.597],[86.202,26.596],[86.202,26.595],[86.202,26.595],[86.203,26.595],[86.203,26.595],[86.204,26.596],[86.205,26.597],[86.205,26.597],[86.205,26.597],[86.206,26.597],[86.206,26.597],[86.206,26.596],[86.206,26.596],[86.206,26.595],[86.207,26.595],[86.207,26.595],[86.207,26.594],[86.207,26.593],[86.208,26.593],[86.208,26.593],[86.208,26.593],[86.208,26.593],[86.208,26.593],[86.209,26.593],[86.209,26.593],[86.209,26.593],[86.21,26.592],[86.21,26.593],[86.21,26.593],[86.211,26.593],[86.212,26.593],[86.213,26.593],[86.213,26.593],[86.213,26.592],[86.213,26.591],[86.214,26.591],[86.215,26.591],[86.215,26.591],[86.215,26.591],[86.215,26.59],[86.215,26.59],[86.217,26.589],[86.217,26.589],[86.218,26.589],[86.218,26.589],[86.22,26.59],[86.222,26.59],[86.222,26.59],[86.222,26.591],[86.223,26.591],[86.223,26.591],[86.223,26.591],[86.224,26.591],[86.224,26.591],[86.224,26.591],[86.224,26.591],[86.225,26.591],[86.225,26.591],[86.226,26.591],[86.226,26.591],[86.227,26.591],[86.227,26.591],[86.228,26.591],[86.228,26.592],[86.229,26.592],[86.229,26.592],[86.23,26.592],[86.23,26.592],[86.231,26.592],[86.231,26.593],[86.231,26.593],[86.232,26.593],[86.233,26.593],[86.234,26.592],[86.234,26.591],[86.234,26.591],[86.234,26.591],[86.234,26.591],[86.235,26.591],[86.235,26.592],[86.234,26.593],[86.234,26.594],[86.234,26.595],[86.235,26.596],[86.235,26.597],[86.235,26.598],[86.235,26.598],[86.235,26.598],[86.235,26.599],[86.237,26.599],[86.237,26.599],[86.237,26.6],[86.237,26.601],[86.237,26.601],[86.237,26.602],[86.238,26.602],[86.238,26.601],[86.239,26.601],[86.24,26.601],[86.24,26.602],[86.24,26.602],[86.24,26.603],[86.24,26.603],[86.241,26.604],[86.242,26.603],[86.243,26.603],[86.243,26.603],[86.243,26.604],[86.242,26.604],[86.242,26.605],[86.242,26.606],[86.242,26.606],[86.243,26.606],[86.244,26.606],[86.244,26.606],[86.244,26.607],[86.244,26.607],[86.243,26.608],[86.244,26.609],[86.245,26.609],[86.245,26.609],[86.245,26.609],[86.245,26.608],[86.246,26.608],[86.246,26.607],[86.247,26.608],[86.247,26.609],[86.247,26.609],[86.247,26.609],[86.248,26.609],[86.248,26.609],[86.248,26.608],[86.248,26.609],[86.249,26.609],[86.249,26.609],[86.249,26.61],[86.249,26.61],[86.248,26.611],[86.248,26.612],[86.248,26.612],[86.248,26.612],[86.249,26.612],[86.249,26.612],[86.249,26.613],[86.249,26.613],[86.249,26.614],[86.249,26.614],[86.25,26.614],[86.25,26.614],[86.25,26.614],[86.251,26.614],[86.251,26.615],[86.251,26.615],[86.251,26.616],[86.251,26.616],[86.252,26.617],[86.252,26.617],[86.253,26.617],[86.253,26.617],[86.254,26.616],[86.254,26.616],[86.253,26.616],[86.253,26.616],[86.253,26.615],[86.253,26.615],[86.308,26.62],[86.344,26.617],[86.344,26.617],[86.344,26.617],[86.345,26.617],[86.345,26.616],[86.344,26.617],[86.344,26.616],[86.344,26.616],[86.343,26.615],[86.342,26.614],[86.342,26.614],[86.343,26.613],[86.342,26.612],[86.342,26.611],[86.341,26.611],[86.341,26.612],[86.34,26.612],[86.34,26.612],[86.34,26.612],[86.34,26.612],[86.341,26.611],[86.341,26.611],[86.34,26.61],[86.34,26.61],[86.339,26.609],[86.338,26.609],[86.338,26.608],[86.339,26.607],[86.339,26.607],[86.34,26.608],[86.342,26.608],[86.342,26.606],[86.398,26.593],[86.397,26.592],[86.397,26.591],[86.396,26.589],[86.396,26.588],[86.395,26.588],[86.395,26.587],[86.395,26.586],[86.395,26.586],[86.456,26.568],[86.515,26.539],[86.522,26.544],[86.523,26.544],[86.524,26.543],[86.525,26.543],[86.525,26.543],[86.527,26.543],[86.528,26.543],[86.529,26.542],[86.53,26.542],[86.531,26.541],[86.532,26.541],[86.533,26.541],[86.534,26.54],[86.535,26.54],[86.536,26.54],[86.537,26.54],[86.539,26.539],[86.54,26.539],[86.541,26.539],[86.542,26.538],[86.542,26.538],[86.543,26.537],[86.543,26.537],[86.544,26.537],[86.544,26.536],[86.544,26.536],[86.544,26.536],[86.544,26.536],[86.544,26.535],[86.544,26.535],[86.545,26.535],[86.545,26.535],[86.545,26.535],[86.545,26.535],[86.546,26.535],[86.547,26.534],[86.547,26.532],[86.548,26.531],[86.549,26.531],[86.549,26.53],[86.55,26.531],[86.55,26.53],[86.551,26.529],[86.55,26.529],[86.55,26.528],[86.55,26.528],[86.552,26.527],[86.551,26.526],[86.551,26.526],[86.553,26.524],[86.554,26.524],[86.554,26.524],[86.555,26.524],[86.555,26.523],[86.555,26.523],[86.554,26.522],[86.555,26.521],[86.556,26.521],[86.555,26.521],[86.555,26.52],[86.556,26.519],[86.556,26.518],[86.556,26.517],[86.555,26.517],[86.555,26.517],[86.555,26.518],[86.554,26.519],[86.554,26.519],[86.553,26.518],[86.554,26.518],[86.555,26.516],[86.56,26.511],[86.56,26.51],[86.561,26.51],[86.561,26.51],[86.561,26.51],[86.561,26.51],[86.561,26.51],[86.562,26.509],[86.562,26.509],[86.562,26.508],[86.562,26.508],[86.562,26.508],[86.562,26.508],[86.562,26.508],[86.562,26.508],[86.563,26.507],[86.563,26.507],[86.563,26.506],[86.564,26.506],[86.564,26.505],[86.564,26.505],[86.564,26.505],[86.564,26.505],[86.564,26.504],[86.563,26.504],[86.564,26.504],[86.564,26.503],[86.564,26.502],[86.565,26.502],[86.565,26.502],[86.565,26.501],[86.565,26.5],[86.565,26.5],[86.565,26.5],[86.565,26.5],[86.566,26.5],[86.566,26.5],[86.566,26.5],[86.567,26.5],[86.567,26.5],[86.567,26.5],[86.567,26.5],[86.568,26.5],[86.568,26.499],[86.568,26.499],[86.569,26.499],[86.569,26.499],[86.569,26.499],[86.569,26.498],[86.569,26.498],[86.569,26.498],[86.569,26.497],[86.57,26.497],[86.57,26.498],[86.57,26.498],[86.571,26.497],[86.57,26.497],[86.57,26.497],[86.57,26.497],[86.608,26.487],[86.611,26.486],[86.612,26.486],[86.613,26.487],[86.613,26.487],[86.614,26.487],[86.615,26.487],[86.615,26.485],[86.615,26.485],[86.616,26.484],[86.616,26.484],[86.617,26.484],[86.617,26.484],[86.619,26.484],[86.62,26.483],[86.62,26.483],[86.621,26.482],[86.621,26.481],[86.622,26.481],[86.622,26.481],[86.623,26.48],[86.624,26.48],[86.625,26.48],[86.625,26.48],[86.625,26.479],[86.625,26.478],[86.626,26.478],[86.626,26.478],[86.626,26.477],[86.626,26.477],[86.627,26.476],[86.628,26.476],[86.628,26.477],[86.628,26.478],[86.628,26.478],[86.628,26.479],[86.628,26.479],[86.629,26.478],[86.629,26.478],[86.629,26.478],[86.629,26.478],[86.629,26.477],[86.629,26.477],[86.629,26.477],[86.628,26.476],[86.628,26.475],[86.628,26.475],[86.627,26.474],[86.627,26.474],[86.627,26.473],[86.626,26.473],[86.626,26.472],[86.626,26.471],[86.626,26.471],[86.626,26.47],[86.626,26.469],[86.626,26.469],[86.626,26.468],[86.626,26.468],[86.626,26.468],[86.627,26.468],[86.628,26.468],[86.628,26.468],[86.628,26.467],[86.627,26.467],[86.627,26.467],[86.628,26.467],[86.629,26.467],[86.629,26.466],[86.63,26.467],[86.63,26.467],[86.629,26.467],[86.629,26.467],[86.629,26.468],[86.631,26.469],[86.632,26.469],[86.632,26.468],[86.632,26.467],[86.632,26.467],[86.632,26.466],[86.633,26.465],[86.633,26.465],[86.633,26.464],[86.634,26.464],[86.635,26.464],[86.635,26.465],[86.636,26.465],[86.637,26.466],[86.637,26.466],[86.637,26.466],[86.638,26.466],[86.638,26.466],[86.639,26.465],[86.639,26.464],[86.69,26.451],[86.691,26.451],[86.691,26.451],[86.691,26.451],[86.691,26.451],[86.692,26.451],[86.693,26.451],[86.693,26.451],[86.694,26.451],[86.694,26.451],[86.694,26.451],[86.694,26.45],[86.694,26.45],[86.694,26.45],[86.694,26.449],[86.694,26.449],[86.695,26.449],[86.695,26.449],[86.696,26.449],[86.696,26.449],[86.696,26.449],[86.696,26.449],[86.696,26.448],[86.696,26.448],[86.696,26.447],[86.696,26.447],[86.696,26.447],[86.696,26.446],[86.696,26.446],[86.695,26.446],[86.695,26.445],[86.696,26.445],[86.696,26.444],[86.697,26.444],[86.697,26.444],[86.697,26.443],[86.698,26.443],[86.698,26.442],[86.699,26.442],[86.699,26.442],[86.699,26.441],[86.699,26.44],[86.7,26.44],[86.7,26.439],[86.7,26.439],[86.7,26.439],[86.7,26.438],[86.699,26.438],[86.7,26.438],[86.7,26.438],[86.7,26.437],[86.701,26.438],[86.701,26.437],[86.701,26.437],[86.702,26.437],[86.702,26.437],[86.703,26.437],[86.725,26.426],[86.726,26.426],[86.726,26.426],[86.726,26.426],[86.726,26.426],[86.727,26.426],[86.727,26.425],[86.728,26.426],[86.728,26.426],[86.728,26.427],[86.729,26.427],[86.729,26.427],[86.73,26.426],[86.73,26.426],[86.731,26.426],[86.731,26.426],[86.73,26.425],[86.73,26.425],[86.73,26.425],[86.73,26.424],[86.73,26.423],[86.729,26.423],[86.73,26.423],[86.73,26.423],[86.73,26.423],[86.73,26.423],[86.731,26.423],[86.732,26.423],[86.732,26.423],[86.732,26.424],[86.732,26.424],[86.733,26.425],[86.733,26.425],[86.734,26.424],[86.735,26.424],[86.735,26.424],[86.736,26.424],[86.736,26.424],[86.736,26.424],[86.736,26.424],[86.737,26.425],[86.737,26.426],[86.738,26.426],[86.739,26.426],[86.739,26.426],[86.74,26.426],[86.74,26.426],[86.74,26.425],[86.74,26.425],[86.741,26.425],[86.742,26.425],[86.742,26.426],[86.742,26.426],[86.742,26.426],[86.743,26.427],[86.743,26.428],[86.744,26.428],[86.745,26.428],[86.746,26.428],[86.747,26.429],[86.746,26.43],[86.746,26.431],[86.747,26.431],[86.748,26.431],[86.748,26.432],[86.748,26.433],[86.748,26.434],[86.746,26.434],[86.745,26.435],[86.745,26.434],[86.744,26.434],[86.744,26.435],[86.743,26.436],[86.744,26.436],[86.745,26.436],[86.746,26.436],[86.745,26.436],[86.746,26.435],[86.747,26.436],[86.748,26.437],[86.748,26.437],[86.749,26.439],[86.748,26.44],[86.749,26.441],[86.749,26.441],[86.75,26.442],[86.751,26.443],[86.752,26.442],[86.752,26.442],[86.753,26.442],[86.754,26.442],[86.753,26.444],[86.752,26.444],[86.752,26.445],[86.753,26.446],[86.753,26.448],[86.754,26.448],[86.755,26.447],[86.756,26.447],[86.757,26.448],[86.758,26.448],[86.759,26.449],[86.76,26.448],[86.76,26.448],[86.76,26.449],[86.76,26.449],[86.76,26.449],[86.76,26.45],[86.76,26.45],[86.76,26.451],[86.76,26.452],[86.76,26.452],[86.761,26.452],[86.761,26.452],[86.762,26.451],[86.762,26.451],[86.762,26.451],[86.763,26.451],[86.764,26.451],[86.764,26.451],[86.765,26.451],[86.764,26.452],[86.765,26.452],[86.764,26.453],[86.764,26.453],[86.764,26.453],[86.763,26.454],[86.764,26.454],[86.765,26.455],[86.764,26.455],[86.763,26.455],[86.763,26.455],[86.763,26.457],[86.763,26.457],[86.764,26.458],[86.765,26.458],[86.765,26.459],[86.766,26.459],[86.767,26.459],[86.767,26.459],[86.768,26.459],[86.769,26.459],[86.769,26.459],[86.77,26.458],[86.804,26.446],[86.833,26.439],[86.834,26.439],[86.834,26.44],[86.834,26.44],[86.835,26.441],[86.835,26.441],[86.836,26.441],[86.836,26.441],[86.836,26.44],[86.837,26.44],[86.837,26.441],[86.838,26.443],[86.838,26.443],[86.838,26.442],[86.839,26.442],[86.84,26.442],[86.84,26.442],[86.839,26.442],[86.839,26.441],[86.839,26.441],[86.839,26.441],[86.84,26.441],[86.841,26.441],[86.842,26.44],[86.842,26.44],[86.843,26.441],[86.843,26.441],[86.843,26.441],[86.844,26.441],[86.844,26.442],[86.844,26.443],[86.844,26.443],[86.845,26.443],[86.846,26.442],[86.847,26.442],[86.847,26.443],[86.846,26.443],[86.845,26.444],[86.845,26.445],[86.845,26.446],[86.845,26.446],[86.845,26.447],[86.846,26.448],[86.847,26.449],[86.848,26.448],[86.849,26.449],[86.85,26.449],[86.851,26.448],[86.852,26.448],[86.853,26.448],[86.855,26.449],[86.856,26.449],[86.857,26.45],[86.857,26.452],[86.858,26.452],[86.858,26.452],[86.858,26.453],[86.858,26.454],[86.859,26.456],[86.86,26.456],[86.862,26.456],[86.861,26.457],[86.861,26.458],[86.863,26.457],[86.865,26.458],[86.865,26.457],[86.865,26.456],[86.865,26.456],[86.866,26.456],[86.867,26.456],[86.866,26.455],[86.867,26.455],[86.868,26.455],[86.869,26.455],[86.87,26.455],[86.871,26.455],[86.871,26.455],[86.871,26.454],[86.872,26.454],[86.872,26.454],[86.873,26.454],[86.874,26.455],[86.874,26.456],[86.875,26.455],[86.875,26.456],[86.876,26.456],[86.875,26.457],[86.875,26.457],[86.875,26.458],[86.876,26.457],[86.877,26.457],[86.877,26.457],[86.878,26.458],[86.878,26.458],[86.878,26.458],[86.879,26.457],[86.879,26.457],[86.879,26.458],[86.881,26.458],[86.882,26.459],[86.882,26.46],[86.883,26.46],[86.883,26.46],[86.884,26.46],[86.884,26.46],[86.884,26.461],[86.884,26.461],[86.885,26.461],[86.885,26.462],[86.886,26.462],[86.887,26.461],[86.888,26.461],[86.888,26.461],[86.889,26.462],[86.89,26.461],[86.89,26.462],[86.89,26.462],[86.891,26.462],[86.891,26.462],[86.891,26.462],[86.892,26.462],[86.893,26.462],[86.893,26.462],[86.893,26.462],[86.894,26.462],[86.894,26.463],[86.894,26.463],[86.894,26.464],[86.894,26.464],[86.894,26.465],[86.895,26.466],[86.895,26.466],[86.895,26.467],[86.895,26.468],[86.895,26.468],[86.894,26.468],[86.894,26.468],[86.894,26.468],[86.894,26.469],[86.895,26.469],[86.894,26.469],[86.894,26.469],[86.893,26.469],[86.892,26.469],[86.892,26.469],[86.892,26.47],[86.893,26.47],[86.893,26.47],[86.893,26.471],[86.893,26.472],[86.894,26.472],[86.893,26.472],[86.893,26.472],[86.892,26.472],[86.892,26.473],[86.893,26.473],[86.893,26.473],[86.893,26.474],[86.893,26.474],[86.893,26.474],[86.892,26.475],[86.892,26.475],[86.892,26.476],[86.892,26.476],[86.893,26.476],[86.893,26.476],[86.893,26.477],[86.893,26.477],[86.892,26.476],[86.892,26.476],[86.892,26.477],[86.892,26.478],[86.892,26.478],[86.893,26.478],[86.892,26.479],[86.892,26.479],[86.892,26.479],[86.892,26.479],[86.891,26.48],[86.891,26.481],[86.891,26.482],[86.89,26.482],[86.89,26.482],[86.89,26.482],[86.89,26.483],[86.891,26.484],[86.891,26.484],[86.891,26.484],[86.891,26.485],[86.891,26.485],[86.892,26.486],[86.891,26.486],[86.892,26.486],[86.893,26.486],[86.894,26.487],[86.894,26.487],[86.893,26.487],[86.893,26.488],[86.893,26.488],[86.93,26.49],[86.932,26.516],[86.933,26.517],[86.935,26.518],[86.94,26.517],[86.941,26.518],[86.953,26.522],[86.961,26.524],[86.962,26.524],[86.963,26.524],[86.964,26.524],[86.965,26.524],[86.966,26.524],[86.966,26.524],[86.966,26.523],[86.966,26.523],[86.991,26.523],[87.002,26.527],[87.025,26.547],[87.042,26.57],[87.044,26.584],[87.066,26.586],[87.072,26.582],[87.073,26.57],[87.072,26.553],[87.073,26.542],[87.079,26.526],[87.082,26.513],[87.085,26.487],[87.094,26.448],[87.117,26.431],[87.146,26.411],[87.173,26.403],[87.197,26.414],[87.211,26.412],[87.211,26.412],[87.211,26.412],[87.212,26.411],[87.212,26.411],[87.212,26.41],[87.211,26.41],[87.211,26.409],[87.212,26.409],[87.212,26.409],[87.213,26.409],[87.213,26.409],[87.213,26.409],[87.214,26.408],[87.214,26.408],[87.215,26.408],[87.215,26.407],[87.216,26.407],[87.216,26.407],[87.217,26.407],[87.217,26.407],[87.217,26.407],[87.217,26.406],[87.218,26.406],[87.218,26.405],[87.218,26.404],[87.218,26.404],[87.219,26.404],[87.219,26.403],[87.219,26.403],[87.219,26.403],[87.219,26.404],[87.22,26.403],[87.22,26.404],[87.221,26.404],[87.221,26.405],[87.221,26.405],[87.221,26.405],[87.221,26.405],[87.221,26.405],[87.222,26.405],[87.222,26.405],[87.222,26.405],[87.222,26.405],[87.222,26.405],[87.222,26.406],[87.222,26.406],[87.223,26.406],[87.223,26.406],[87.223,26.406],[87.224,26.406],[87.224,26.406],[87.223,26.406],[87.223,26.407],[87.224,26.407],[87.224,26.407],[87.224,26.407],[87.224,26.408],[87.224,26.408],[87.224,26.408],[87.224,26.409],[87.224,26.409],[87.224,26.409],[87.224,26.409],[87.224,26.409],[87.225,26.409],[87.225,26.409],[87.225,26.409],[87.225,26.409],[87.226,26.409],[87.226,26.409],[87.226,26.409],[87.226,26.41],[87.226,26.41],[87.226,26.41],[87.226,26.41],[87.226,26.411],[87.226,26.411],[87.226,26.411],[87.227,26.411],[87.227,26.411],[87.227,26.411],[87.227,26.411],[87.228,26.411],[87.227,26.412],[87.227,26.412],[87.227,26.412],[87.227,26.412],[87.228,26.412],[87.229,26.412],[87.229,26.413],[87.229,26.414],[87.248,26.414],[87.248,26.414],[87.248,26.413],[87.248,26.413],[87.248,26.412],[87.248,26.412],[87.248,26.411],[87.248,26.411],[87.248,26.411],[87.249,26.411],[87.249,26.411],[87.249,26.411],[87.249,26.411],[87.25,26.411],[87.25,26.41],[87.25,26.41],[87.25,26.41],[87.25,26.41],[87.251,26.41],[87.251,26.41],[87.251,26.41],[87.252,26.41],[87.252,26.41],[87.253,26.411],[87.253,26.411],[87.253,26.411],[87.254,26.411],[87.254,26.411],[87.255,26.41],[87.255,26.41],[87.255,26.411],[87.255,26.411],[87.255,26.411],[87.256,26.411],[87.266,26.406],[87.266,26.39],[87.278,26.373],[87.301,26.366],[87.322,26.36],[87.348,26.352],[87.355,26.384],[87.388,26.419],[87.445,26.433],[87.491,26.436],[87.553,26.406],[87.598,26.382],[87.652,26.394],[87.698,26.428],[87.712,26.427],[87.713,26.427],[87.713,26.426],[87.713,26.426],[87.713,26.425],[87.714,26.425],[87.714,26.425],[87.714,26.424],[87.714,26.424],[87.714,26.424],[87.714,26.424],[87.713,26.424],[87.713,26.423],[87.714,26.423],[87.714,26.423],[87.714,26.423],[87.715,26.423],[87.715,26.423],[87.716,26.423],[87.715,26.423],[87.715,26.423],[87.715,26.422],[87.715,26.422],[87.716,26.422],[87.716,26.422],[87.716,26.422],[87.716,26.422],[87.716,26.422],[87.717,26.423],[87.717,26.423],[87.718,26.422],[87.718,26.422],[87.718,26.422],[87.718,26.422],[87.719,26.422],[87.719,26.422],[87.719,26.421],[87.719,26.421],[87.72,26.421],[87.72,26.421],[87.721,26.42],[87.721,26.42],[87.721,26.42],[87.721,26.42],[87.721,26.419],[87.721,26.419],[87.722,26.419],[87.722,26.419],[87.722,26.419],[87.722,26.419],[87.723,26.419],[87.723,26.419],[87.722,26.418],[87.722,26.418],[87.722,26.417],[87.723,26.417],[87.724,26.417],[87.724,26.417],[87.724,26.416],[87.724,26.416],[87.724,26.415],[87.723,26.415],[87.724,26.414],[87.724,26.414],[87.748,26.418],[87.748,26.417],[87.749,26.417],[87.749,26.417],[87.75,26.416],[87.75,26.416],[87.75,26.414],[87.75,26.413],[87.75,26.412],[87.751,26.411],[87.764,26.41],[87.765,26.411],[87.766,26.411],[87.766,26.411],[87.767,26.411],[87.767,26.411],[87.767,26.411],[87.767,26.412],[87.766,26.412],[87.766,26.411],[87.765,26.412],[87.765,26.413],[87.766,26.414],[87.767,26.414],[87.767,26.414],[87.768,26.414],[87.768,26.414],[87.768,26.416],[87.767,26.418],[87.767,26.418],[87.768,26.418],[87.769,26.418],[87.771,26.422],[87.772,26.422],[87.772,26.421],[87.771,26.42],[87.772,26.421],[87.773,26.421],[87.773,26.422],[87.774,26.423],[87.775,26.423],[87.777,26.424],[87.776,26.427],[87.776,26.427],[87.775,26.424],[87.773,26.424],[87.773,26.425],[87.773,26.425],[87.772,26.426],[87.771,26.426],[87.771,26.427],[87.77,26.428],[87.771,26.428],[87.772,26.428],[87.773,26.427],[87.773,26.428],[87.774,26.428],[87.773,26.428],[87.773,26.43],[87.773,26.431],[87.774,26.431],[87.775,26.43],[87.776,26.43],[87.776,26.431],[87.776,26.432],[87.777,26.433],[87.778,26.434],[87.778,26.434],[87.779,26.435],[87.778,26.435],[87.778,26.438],[87.775,26.439],[87.776,26.441],[87.776,26.442],[87.778,26.442],[87.778,26.442],[87.778,26.443],[87.776,26.444],[87.776,26.444],[87.776,26.445],[87.776,26.445],[87.777,26.446],[87.777,26.446],[87.777,26.447],[87.776,26.447],[87.777,26.448],[87.777,26.448],[87.777,26.449],[87.776,26.449],[87.775,26.448],[87.775,26.448],[87.774,26.447],[87.774,26.447],[87.773,26.447],[87.773,26.448],[87.773,26.449],[87.772,26.449],[87.772,26.45],[87.773,26.45],[87.774,26.45],[87.774,26.45],[87.774,26.45],[87.775,26.45],[87.776,26.45],[87.777,26.451],[87.777,26.451],[87.778,26.45],[87.779,26.45],[87.779,26.45],[87.779,26.45],[87.779,26.452],[87.779,26.452],[87.778,26.452],[87.778,26.452],[87.778,26.452],[87.777,26.451],[87.777,26.452],[87.776,26.452],[87.776,26.452],[87.776,26.452],[87.776,26.453],[87.776,26.453],[87.777,26.453],[87.777,26.453],[87.777,26.454],[87.778,26.454],[87.778,26.454],[87.779,26.454],[87.781,26.453],[87.781,26.454],[87.782,26.454],[87.783,26.454],[87.782,26.457],[87.783,26.458],[87.784,26.458],[87.785,26.458],[87.786,26.459],[87.787,26.46],[87.788,26.461],[87.789,26.462],[87.789,26.462],[87.789,26.463],[87.788,26.464],[87.787,26.465],[87.793,26.469],[87.819,26.458],[87.828,26.451],[87.861,26.449],[87.861,26.449],[87.861,26.45],[87.861,26.45],[87.861,26.451],[87.861,26.451],[87.862,26.452],[87.862,26.452],[87.862,26.452],[87.862,26.453],[87.862,26.453],[87.862,26.453],[87.861,26.454],[87.861,26.454],[87.861,26.454],[87.86,26.454],[87.86,26.454],[87.859,26.455],[87.859,26.455],[87.859,26.456],[87.858,26.457],[87.858,26.458],[87.858,26.458],[87.858,26.459],[87.859,26.46],[87.859,26.46],[87.859,26.46],[87.859,26.46],[87.859,26.46],[87.859,26.461],[87.859,26.461],[87.859,26.461],[87.858,26.461],[87.858,26.461],[87.858,26.462],[87.858,26.463],[87.858,26.463],[87.858,26.463],[87.858,26.464],[87.858,26.464],[87.859,26.464],[87.859,26.464],[87.86,26.464],[87.86,26.464],[87.862,26.464],[87.862,26.464],[87.863,26.465],[87.863,26.466],[87.863,26.467],[87.863,26.468],[87.869,26.471],[87.91,26.458],[87.925,26.445],[87.926,26.442],[87.925,26.441],[87.925,26.439],[87.922,26.437],[87.92,26.436],[87.919,26.436],[87.917,26.435],[87.916,26.433],[87.916,26.432],[87.916,26.431],[87.917,26.43],[87.918,26.43],[87.92,26.43],[87.921,26.429],[87.923,26.429],[87.925,26.428],[87.926,26.428],[87.926,26.427],[87.926,26.425],[87.926,26.423],[87.926,26.419],[87.926,26.418],[87.927,26.417],[87.929,26.417],[87.93,26.418],[87.931,26.418],[87.932,26.418],[87.992,26.393],[87.992,26.371],[87.992,26.371],[87.991,26.371],[87.991,26.37],[87.992,26.37],[87.993,26.369],[87.993,26.37],[87.994,26.369],[87.994,26.369],[87.994,26.369],[87.994,26.369],[87.993,26.369],[87.993,26.368],[87.993,26.368],[87.994,26.368],[87.994,26.368],[87.994,26.368],[87.995,26.368],[87.995,26.368],[87.995,26.368],[87.995,26.367],[87.995,26.367],[87.996,26.367],[87.996,26.367],[87.996,26.367],[87.996,26.366],[87.995,26.366],[87.996,26.366],[87.997,26.366],[87.997,26.365],[87.997,26.365],[87.999,26.365],[87.999,26.366],[87.999,26.366],[87.999,26.367],[88.0,26.367],[88.0,26.367],[88.001,26.367],[88.001,26.366],[88.001,26.366],[88.002,26.366],[88.002,26.366],[88.002,26.365],[88.003,26.365],[88.003,26.365],[88.003,26.365],[88.004,26.365],[88.004,26.364],[88.004,26.364],[88.005,26.364],[88.005,26.364],[88.005,26.363],[88.005,26.363],[88.006,26.363],[88.006,26.363],[88.005,26.362],[88.006,26.362],[88.006,26.362],[88.006,26.362],[88.006,26.362],[88.006,26.362],[88.006,26.362],[88.008,26.361],[88.031,26.366],[88.029,26.367],[88.027,26.369],[88.027,26.371],[88.028,26.372],[88.028,26.372],[88.028,26.373],[88.027,26.374],[88.029,26.376],[88.029,26.376],[88.03,26.377],[88.03,26.378],[88.029,26.378],[88.029,26.378],[88.028,26.379],[88.027,26.38],[88.027,26.382],[88.027,26.383],[88.03,26.384],[88.03,26.383],[88.031,26.383],[88.032,26.386],[88.031,26.388],[88.032,26.389],[88.033,26.388],[88.034,26.389],[88.035,26.391],[88.035,26.391],[88.035,26.391],[88.036,26.391],[88.036,26.39],[88.037,26.39],[88.037,26.391],[88.036,26.391],[88.037,26.392],[88.037,26.392],[88.038,26.392],[88.038,26.393],[88.038,26.393],[88.038,26.394],[88.04,26.394],[88.04,26.394],[88.041,26.395],[88.042,26.395],[88.042,26.396],[88.043,26.396],[88.044,26.397],[88.044,26.397],[88.045,26.398],[88.046,26.398],[88.046,26.398],[88.047,26.398],[88.046,26.399],[88.046,26.399],[88.045,26.399],[88.045,26.4],[88.046,26.4],[88.047,26.4],[88.047,26.401],[88.047,26.401],[88.047,26.401],[88.047,26.401],[88.047,26.401],[88.047,26.401],[88.047,26.401],[88.048,26.402],[88.048,26.402],[88.048,26.401],[88.048,26.401],[88.048,26.4],[88.049,26.4],[88.049,26.401],[88.05,26.401],[88.05,26.401],[88.051,26.401],[88.051,26.4],[88.051,26.4],[88.052,26.399],[88.052,26.4],[88.053,26.4],[88.053,26.4],[88.052,26.401],[88.052,26.401],[88.053,26.401],[88.054,26.401],[88.055,26.401],[88.055,26.401],[88.056,26.401],[88.055,26.402],[88.055,26.402],[88.055,26.402],[88.054,26.402],[88.054,26.402],[88.054,26.403],[88.055,26.403],[88.055,26.403],[88.056,26.403],[88.056,26.404],[88.056,26.405],[88.056,26.406],[88.056,26.406],[88.057,26.406],[88.058,26.407],[88.059,26.407],[88.059,26.407],[88.059,26.409],[88.06,26.41],[88.062,26.41],[88.063,26.41],[88.064,26.41],[88.064,26.409],[88.064,26.408],[88.065,26.408],[88.066,26.409],[88.067,26.41],[88.067,26.412],[88.068,26.414],[88.071,26.416],[88.075,26.416],[88.075,26.417],[88.076,26.419],[88.077,26.42],[88.079,26.42],[88.08,26.42],[88.082,26.421],[88.084,26.422],[88.085,26.423],[88.087,26.424],[88.089,26.425],[88.09,26.425],[88.091,26.426],[88.091,26.427],[88.091,26.427],[88.091,26.428],[88.09,26.428],[88.09,26.429],[88.09,26.43],[88.091,26.432],[88.091,26.432],[88.092,26.433],[88.092,26.434],[88.092,26.435],[88.092,26.436],[88.092,26.437],[88.092,26.438],[88.092,26.44],[88.093,26.442],[88.093,26.442],[88.094,26.443],[88.095,26.444],[88.097,26.447],[88.097,26.449],[88.098,26.451],[88.097,26.453],[88.094,26.456],[88.093,26.456],[88.093,26.456],[88.092,26.456],[88.092,26.457],[88.092,26.457],[88.092,26.457],[88.091,26.457],[88.091,26.458],[88.091,26.458],[88.091,26.459],[88.09,26.459],[88.09,26.459],[88.089,26.459],[88.089,26.46],[88.089,26.461],[88.088,26.462],[88.088,26.463],[88.089,26.464],[88.09,26.465],[88.091,26.465],[88.092,26.464],[88.092,26.463],[88.094,26.462],[88.095,26.462],[88.096,26.462],[88.097,26.462],[88.098,26.463],[88.099,26.463],[88.1,26.463],[88.102,26.463],[88.104,26.464],[88.105,26.466],[88.105,26.467],[88.105,26.469],[88.105,26.47],[88.105,26.472],[88.104,26.473],[88.102,26.475],[88.101,26.477],[88.099,26.477],[88.098,26.479],[88.098,26.482],[88.099,26.482],[88.102,26.482],[88.104,26.483],[88.104,26.483],[88.105,26.484],[88.105,26.484],[88.105,26.484],[88.106,26.484],[88.106,26.485],[88.106,26.485],[88.106,26.485],[88.106,26.486],[88.106,26.486],[88.106,26.486],[88.106,26.487],[88.106,26.487],[88.105,26.487],[88.106,26.488],[88.106,26.488],[88.106,26.488],[88.106,26.488],[88.106,26.489],[88.105,26.489],[88.105,26.489],[88.105,26.489],[88.105,26.489],[88.104,26.49],[88.101,26.492],[88.1,26.494],[88.099,26.496],[88.1,26.497],[88.1,26.498],[88.101,26.499],[88.102,26.501],[88.102,26.503],[88.1,26.504],[88.096,26.506],[88.094,26.509],[88.095,26.514],[88.099,26.518],[88.103,26.52],[88.104,26.522],[88.105,26.525],[88.104,26.528],[88.103,26.53],[88.097,26.533],[88.097,26.535],[88.097,26.537],[88.099,26.539],[88.102,26.54],[88.104,26.54],[88.108,26.542],[88.11,26.545],[88.111,26.546],[88.109,26.549],[88.105,26.551],[88.107,26.561],[88.108,26.559],[88.109,26.557],[88.11,26.557],[88.113,26.558],[88.113,26.56],[88.112,26.561],[88.11,26.562],[88.113,26.563],[88.115,26.565],[88.115,26.566],[88.114,26.567],[88.112,26.565],[88.111,26.565],[88.113,26.567],[88.111,26.568],[88.112,26.571],[88.113,26.573],[88.114,26.571],[88.117,26.57],[88.118,26.569],[88.119,26.569],[88.119,26.571],[88.117,26.575],[88.12,26.576],[88.121,26.575],[88.123,26.572],[88.125,26.574],[88.125,26.575],[88.124,26.578],[88.127,26.577],[88.128,26.575],[88.129,26.573],[88.13,26.577],[88.127,26.581],[88.13,26.585],[88.13,26.59],[88.132,26.597],[88.13,26.602],[88.135,26.606],[88.139,26.61],[88.14,26.619],[88.144,26.628],[88.151,26.63],[88.156,26.631],[88.158,26.634],[88.158,26.636],[88.159,26.637],[88.16,26.637],[88.16,26.638],[88.158,26.64],[88.159,26.642],[88.16,26.643],[88.161,26.643],[88.162,26.645],[88.163,26.647],[88.163,26.651],[88.163,26.653],[88.163,26.655],[88.164,26.661],[88.165,26.669],[88.164,26.677],[88.164,26.679],[88.166,26.682],[88.168,26.684],[88.167,26.687],[88.167,26.69],[88.168,26.697],[88.167,26.699],[88.168,26.701],[88.169,26.702],[88.173,26.708],[88.176,26.71],[88.177,26.712],[88.179,26.716],[88.181,26.719],[88.182,26.721],[88.182,26.726],[88.182,26.728],[88.185,26.732],[88.186,26.737],[88.186,26.74],[88.187,26.749],[88.186,26.754],[88.186,26.757],[88.187,26.761],[88.188,26.771],[88.185,26.778],[88.181,26.788],[88.181,26.793],[88.181,26.794],[88.181,26.796],[88.18,26.799],[88.178,26.803],[88.177,26.806],[88.178,26.809],[88.179,26.813],[88.179,26.814],[88.179,26.817],[88.177,26.819],[88.176,26.82],[88.176,26.822],[88.174,26.824],[88.173,26.825],[88.173,26.826],[88.172,26.827],[88.172,26.828],[88.172,26.829],[88.172,26.83],[88.173,26.83],[88.173,26.831],[88.173,26.832],[88.174,26.833],[88.174,26.834],[88.174,26.834],[88.173,26.835],[88.171,26.836],[88.171,26.836],[88.17,26.836],[88.17,26.836],[88.169,26.836],[88.168,26.837],[88.167,26.838],[88.168,26.84],[88.168,26.841],[88.168,26.842],[88.169,26.842],[88.169,26.843],[88.17,26.844],[88.17,26.845],[88.17,26.846],[88.169,26.847],[88.168,26.847],[88.168,26.847],[88.167,26.848],[88.168,26.849],[88.168,26.85],[88.168,26.85],[88.169,26.85],[88.17,26.851],[88.17,26.852],[88.171,26.852],[88.172,26.852],[88.173,26.852],[88.174,26.853],[88.175,26.853],[88.175,26.854],[88.174,26.854],[88.173,26.855],[88.173,26.856],[88.173,26.856],[88.174,26.856],[88.174,26.857],[88.174,26.858],[88.173,26.859],[88.174,26.859],[88.174,26.859],[88.174,26.86],[88.173,26.86],[88.172,26.86],[88.172,26.861],[88.172,26.862],[88.172,26.862],[88.172,26.863],[88.173,26.864],[88.173,26.864],[88.173,26.864],[88.173,26.865],[88.173,26.865],[88.174,26.866],[88.173,26.866],[88.172,26.866],[88.172,26.866],[88.172,26.867],[88.172,26.868],[88.172,26.869],[88.172,26.869],[88.171,26.87],[88.17,26.869],[88.17,26.869],[88.169,26.869],[88.168,26.869],[88.168,26.87],[88.167,26.87],[88.167,26.87],[88.166,26.87],[88.167,26.871],[88.166,26.872],[88.165,26.872],[88.165,26.873],[88.164,26.873],[88.164,26.874],[88.164,26.874],[88.164,26.875],[88.164,26.876],[88.164,26.876],[88.164,26.877],[88.163,26.877],[88.163,26.878],[88.163,26.879],[88.162,26.88],[88.162,26.88],[88.162,26.881],[88.161,26.881],[88.161,26.881],[88.16,26.882],[88.159,26.883],[88.159,26.883],[88.157,26.883],[88.157,26.884],[88.157,26.884],[88.157,26.885],[88.156,26.886],[88.156,26.886],[88.156,26.885],[88.155,26.885],[88.154,26.885],[88.153,26.885],[88.153,26.885],[88.152,26.885],[88.152,26.886],[88.151,26.886],[88.151,26.886],[88.151,26.887],[88.15,26.887],[88.15,26.887],[88.149,26.888],[88.149,26.888],[88.148,26.888],[88.148,26.889],[88.147,26.889],[88.146,26.889],[88.146,26.889],[88.145,26.89],[88.145,26.89],[88.145,26.891],[88.145,26.891],[88.144,26.891],[88.143,26.891],[88.142,26.892],[88.142,26.892],[88.142,26.893],[88.142,26.894],[88.142,26.894],[88.141,26.895],[88.14,26.895],[88.14,26.895],[88.14,26.896],[88.139,26.896],[88.139,26.896],[88.139,26.897],[88.139,26.897],[88.139,26.897],[88.138,26.898],[88.138,26.898],[88.137,26.898],[88.136,26.899],[88.136,26.899],[88.136,26.9],[88.137,26.901],[88.137,26.901],[88.138,26.901],[88.138,26.901],[88.139,26.902],[88.139,26.903],[88.139,26.904],[88.139,26.904],[88.139,26.905],[88.139,26.905],[88.139,26.905],[88.139,26.906],[88.14,26.906],[88.14,26.907],[88.14,26.908],[88.141,26.908],[88.141,26.909],[88.141,26.909],[88.142,26.91],[88.142,26.911],[88.142,26.911],[88.143,26.912],[88.143,26.913],[88.143,26.913],[88.144,26.914],[88.144,26.915],[88.145,26.916],[88.144,26.916],[88.144,26.917],[88.144,26.917],[88.144,26.918],[88.144,26.918],[88.144,26.919],[88.145,26.919],[88.145,26.92],[88.145,26.92],[88.146,26.92],[88.146,26.921],[88.145,26.922],[88.144,26.923],[88.143,26.924],[88.142,26.925],[88.142,26.926],[88.141,26.927],[88.14,26.928],[88.139,26.93],[88.138,26.931],[88.138,26.933],[88.137,26.934],[88.136,26.935],[88.134,26.936],[88.133,26.937],[88.132,26.938],[88.13,26.939],[88.129,26.939],[88.129,26.94],[88.128,26.941],[88.128,26.941],[88.128,26.942],[88.127,26.942],[88.126,26.943],[88.125,26.944],[88.125,26.945],[88.124,26.946],[88.124,26.946],[88.123,26.947],[88.122,26.948],[88.12,26.95],[88.121,26.951],[88.121,26.953],[88.121,26.955],[88.122,26.957],[88.123,26.959],[88.123,26.961],[88.122,26.962],[88.122,26.964],[88.122,26.964],[88.122,26.966],[88.122,26.968],[88.123,26.969],[88.123,26.971],[88.124,26.971],[88.125,26.972],[88.125,26.973],[88.126,26.975],[88.127,26.976],[88.128,26.977],[88.129,26.978],[88.13,26.98],[88.13,26.98],[88.131,26.981],[88.131,26.981],[88.132,26.982],[88.132,26.982],[88.133,26.983],[88.135,26.984],[88.135,26.985],[88.135,26.985],[88.135,26.985],[88.135,26.985],[88.134,26.986],[88.134,26.987],[88.131,26.987],[88.129,26.988],[88.125,26.988],[88.124,26.988],[88.123,26.987],[88.121,26.987],[88.121,26.987],[88.12,26.987],[88.12,26.987],[88.119,26.987],[88.118,26.987],[88.117,26.988],[88.115,26.989],[88.114,26.989],[88.113,26.99],[88.112,26.991],[88.111,26.991],[88.11,26.992],[88.109,26.993],[88.109,26.994],[88.109,26.995],[88.108,26.995],[88.107,26.996],[88.107,26.996],[88.107,26.996],[88.107,26.996],[88.106,26.997],[88.106,26.997],[88.105,26.997],[88.104,26.997],[88.104,26.998],[88.103,26.999],[88.102,26.999],[88.102,27.0],[88.102,27.0],[88.101,27.002],[88.1,27.003],[88.1,27.003],[88.099,27.004],[88.098,27.004],[88.097,27.004],[88.096,27.004],[88.095,27.004],[88.094,27.004],[88.093,27.005],[88.093,27.005],[88.092,27.005],[88.091,27.006],[88.09,27.007],[88.089,27.008],[88.089,27.008],[88.088,27.009],[88.089,27.01],[88.088,27.01],[88.088,27.011],[88.088,27.011],[88.088,27.012],[88.088,27.013],[88.089,27.014],[88.089,27.015],[88.088,27.016],[88.088,27.017],[88.087,27.018],[88.086,27.019],[88.085,27.02],[88.085,27.021],[88.084,27.022],[88.084,27.023],[88.084,27.024],[88.084,27.025],[88.083,27.026],[88.083,27.028],[88.083,27.029],[88.083,27.03],[88.082,27.03],[88.082,27.031],[88.08,27.033],[88.078,27.035],[88.077,27.036],[88.076,27.036],[88.076,27.036],[88.075,27.035],[88.074,27.035],[88.073,27.034],[88.072,27.033],[88.071,27.032],[88.07,27.032],[88.069,27.032],[88.068,27.031],[88.067,27.031],[88.065,27.031],[88.064,27.031],[88.063,27.03],[88.062,27.03],[88.06,27.029],[88.059,27.029],[88.059,27.03],[88.059,27.031],[88.058,27.032],[88.057,27.032],[88.056,27.033],[88.055,27.033],[88.054,27.033],[88.053,27.033],[88.052,27.034],[88.051,27.034],[88.049,27.035],[88.048,27.035],[88.046,27.037],[88.045,27.037],[88.043,27.037],[88.042,27.036],[88.041,27.037],[88.04,27.037],[88.039,27.036],[88.038,27.036],[88.037,27.037],[88.037,27.037],[88.037,27.038],[88.036,27.038],[88.036,27.039],[88.036,27.04],[88.036,27.041],[88.036,27.041],[88.036,27.042],[88.035,27.042],[88.035,27.043],[88.034,27.044],[88.034,27.044],[88.033,27.044],[88.033,27.044],[88.032,27.045],[88.032,27.046],[88.031,27.046],[88.031,27.047],[88.03,27.047],[88.03,27.047],[88.03,27.048],[88.03,27.049],[88.029,27.049],[88.028,27.05],[88.027,27.051],[88.027,27.052],[88.027,27.053],[88.026,27.054],[88.026,27.055],[88.026,27.055],[88.026,27.057],[88.026,27.057],[88.026,27.058],[88.025,27.059],[88.024,27.06],[88.024,27.06],[88.023,27.061],[88.023,27.062],[88.023,27.063],[88.022,27.063],[88.022,27.064],[88.022,27.064],[88.022,27.065],[88.023,27.065],[88.022,27.066],[88.022,27.067],[88.021,27.068],[88.021,27.069],[88.021,27.069],[88.02,27.069],[88.02,27.07],[88.019,27.07],[88.019,27.07],[88.018,27.07],[88.017,27.072],[88.017,27.072],[88.016,27.073],[88.016,27.074],[88.016,27.075],[88.016,27.076],[88.016,27.077],[88.016,27.077],[88.016,27.077],[88.017,27.077],[88.017,27.078],[88.018,27.079],[88.018,27.08],[88.018,27.08],[88.019,27.081],[88.019,27.081],[88.02,27.083],[88.02,27.084],[88.02,27.085],[88.02,27.085],[88.02,27.087],[88.021,27.087],[88.02,27.087],[88.019,27.088],[88.018,27.088],[88.017,27.089],[88.016,27.088],[88.016,27.089],[88.015,27.089],[88.015,27.09],[88.014,27.091],[88.013,27.091],[88.013,27.092],[88.013,27.093],[88.012,27.094],[88.012,27.095],[88.012,27.095],[88.012,27.097],[88.011,27.097],[88.011,27.098],[88.01,27.098],[88.009,27.098],[88.009,27.098],[88.008,27.099],[88.008,27.099],[88.008,27.1],[88.008,27.101],[88.008,27.101],[88.007,27.101],[88.007,27.102],[88.006,27.102],[88.005,27.103],[88.004,27.104],[88.003,27.104],[88.003,27.105],[88.002,27.105],[88.001,27.105],[88.001,27.104],[88.0,27.104],[87.999,27.104],[87.998,27.104],[87.997,27.104],[87.995,27.104],[87.994,27.104],[87.992,27.105],[87.991,27.106],[87.991,27.107],[87.991,27.109],[87.991,27.11],[87.991,27.111],[87.991,27.111],[87.99,27.112],[87.99,27.113],[87.99,27.114],[87.989,27.116],[87.989,27.116],[87.989,27.117],[87.988,27.118],[87.988,27.119],[87.988,27.119],[87.987,27.119],[87.988,27.12],[87.988,27.121],[87.989,27.121],[87.989,27.122],[87.989,27.122],[87.989,27.123],[87.989,27.123],[87.989,27.124],[87.99,27.124],[87.99,27.125],[87.99,27.125],[87.991,27.126],[87.991,27.127],[87.991,27.128],[87.991,27.129],[87.991,27.129],[87.991,27.13],[87.991,27.13],[87.991,27.131],[87.992,27.131],[87.993,27.132],[87.994,27.132],[87.995,27.132],[87.996,27.133],[87.996,27.133],[87.997,27.133],[87.997,27.133],[87.999,27.134],[87.999,27.134],[88.0,27.135],[87.999,27.136],[87.999,27.137],[87.999,27.137],[88.0,27.138],[88.0,27.138],[88.001,27.139],[88.001,27.139],[88.001,27.14],[88.001,27.14],[88.002,27.141],[88.003,27.142],[88.004,27.142],[88.004,27.142],[88.004,27.142],[88.004,27.143],[88.005,27.143],[88.006,27.143],[88.007,27.143],[88.007,27.143],[88.007,27.144],[88.008,27.144],[88.008,27.145],[88.008,27.146],[88.008,27.147],[88.008,27.148],[88.008,27.148],[88.008,27.149],[88.008,27.15],[88.008,27.15],[88.009,27.151],[88.009,27.151],[88.009,27.152],[88.009,27.152],[88.01,27.154],[88.01,27.155],[88.01,27.155],[88.01,27.156],[88.009,27.157],[88.01,27.158],[88.011,27.159],[88.011,27.159],[88.011,27.16],[88.011,27.16],[88.011,27.161],[88.011,27.161],[88.011,27.162],[88.011,27.162],[88.011,27.164],[88.011,27.165],[88.011,27.166],[88.011,27.166],[88.012,27.166],[88.012,27.167],[88.012,27.167],[88.013,27.167],[88.014,27.167],[88.015,27.167],[88.015,27.168],[88.016,27.169],[88.016,27.169],[88.017,27.17],[88.017,27.17],[88.017,27.17],[88.018,27.17],[88.018,27.171],[88.019,27.171],[88.019,27.171],[88.019,27.172],[88.019,27.173],[88.018,27.173],[88.018,27.174],[88.017,27.174],[88.017,27.174],[88.016,27.175],[88.016,27.175],[88.015,27.176],[88.014,27.176],[88.013,27.177],[88.013,27.177],[88.012,27.178],[88.013,27.179],[88.013,27.179],[88.013,27.18],[88.013,27.18],[88.013,27.181],[88.013,27.181],[88.013,27.182],[88.013,27.182],[88.013,27.183],[88.013,27.184],[88.013,27.184],[88.013,27.185],[88.014,27.185],[88.014,27.186],[88.013,27.187],[88.013,27.188],[88.013,27.188],[88.014,27.189],[88.014,27.189],[88.014,27.191],[88.015,27.192],[88.016,27.193],[88.016,27.193],[88.016,27.193],[88.016,27.194],[88.016,27.195],[88.016,27.196],[88.016,27.196],[88.016,27.197],[88.016,27.198],[88.015,27.199],[88.015,27.2],[88.015,27.2],[88.014,27.201],[88.013,27.202],[88.013,27.202],[88.012,27.203],[88.011,27.204],[88.012,27.204],[88.013,27.206],[88.013,27.206],[88.014,27.207],[88.014,27.207],[88.015,27.208],[88.015,27.209],[88.015,27.21],[88.015,27.21],[88.015,27.211],[88.015,27.211],[88.014,27.213],[88.014,27.213],[88.014,27.214],[88.013,27.214],[88.012,27.216],[88.012,27.216],[88.013,27.218],[88.014,27.22],[88.015,27.221],[88.016,27.222],[88.016,27.222],[88.017,27.223],[88.018,27.223],[88.018,27.223],[88.018,27.224],[88.019,27.225],[88.019,27.226],[88.019,27.227],[88.019,27.228],[88.019,27.229],[88.019,27.23],[88.02,27.231],[88.02,27.232],[88.019,27.234],[88.019,27.235],[88.019,27.236],[88.02,27.237],[88.021,27.237],[88.021,27.238],[88.021,27.238],[88.021,27.238],[88.022,27.238],[88.022,27.238],[88.022,27.238],[88.023,27.238],[88.023,27.238],[88.023,27.238],[88.024,27.238],[88.024,27.238],[88.025,27.238],[88.025,27.238],[88.024,27.239],[88.025,27.241],[88.025,27.241],[88.024,27.242],[88.024,27.242],[88.025,27.243],[88.025,27.243],[88.025,27.244],[88.026,27.245],[88.026,27.246],[88.027,27.246],[88.027,27.246],[88.027,27.247],[88.027,27.248],[88.028,27.249],[88.028,27.249],[88.028,27.25],[88.028,27.25],[88.029,27.25],[88.03,27.25],[88.031,27.25],[88.031,27.252],[88.031,27.252],[88.031,27.254],[88.03,27.255],[88.031,27.257],[88.031,27.258],[88.031,27.26],[88.031,27.261],[88.031,27.262],[88.03,27.263],[88.03,27.264],[88.032,27.264],[88.032,27.266],[88.032,27.267],[88.031,27.268],[88.031,27.27],[88.031,27.272],[88.031,27.273],[88.031,27.274],[88.031,27.274],[88.031,27.276],[88.031,27.276],[88.032,27.278],[88.033,27.28],[88.033,27.281],[88.033,27.282],[88.033,27.283],[88.032,27.283],[88.032,27.284],[88.032,27.285],[88.032,27.286],[88.032,27.287],[88.033,27.287],[88.033,27.287],[88.033,27.287],[88.034,27.288],[88.035,27.289],[88.035,27.289],[88.035,27.289],[88.035,27.29],[88.036,27.29],[88.037,27.29],[88.037,27.29],[88.037,27.291],[88.038,27.292],[88.039,27.292],[88.039,27.292],[88.04,27.292],[88.04,27.292],[88.041,27.291],[88.042,27.292],[88.043,27.292],[88.043,27.292],[88.043,27.292],[88.043,27.292],[88.044,27.293],[88.044,27.293],[88.044,27.293],[88.045,27.294],[88.044,27.294],[88.044,27.295],[88.044,27.295],[88.044,27.295],[88.044,27.295],[88.044,27.296],[88.044,27.296],[88.044,27.297],[88.043,27.297],[88.043,27.297],[88.043,27.298],[88.043,27.298],[88.043,27.298],[88.043,27.299],[88.042,27.299],[88.042,27.3],[88.042,27.3],[88.042,27.301],[88.042,27.301],[88.041,27.301],[88.041,27.302],[88.041,27.302],[88.041,27.302],[88.041,27.302],[88.041,27.303],[88.041,27.303],[88.041,27.304],[88.041,27.304],[88.042,27.304],[88.042,27.305],[88.043,27.306],[88.043,27.307],[88.044,27.308],[88.044,27.309],[88.045,27.31],[88.047,27.311],[88.047,27.311],[88.048,27.312],[88.048,27.312],[88.048,27.313],[88.049,27.314],[88.049,27.315],[88.049,27.316],[88.049,27.316],[88.049,27.317],[88.049,27.317],[88.049,27.318],[88.049,27.318],[88.049,27.318],[88.049,27.319],[88.049,27.319],[88.05,27.32],[88.05,27.32],[88.051,27.321],[88.051,27.321],[88.051,27.322],[88.052,27.323],[88.052,27.324],[88.053,27.325],[88.054,27.325],[88.054,27.326],[88.056,27.326],[88.057,27.327],[88.059,27.328],[88.06,27.328],[88.06,27.33],[88.061,27.331],[88.061,27.331],[88.062,27.332],[88.062,27.332],[88.062,27.333],[88.063,27.333],[88.063,27.334],[88.064,27.335],[88.065,27.335],[88.066,27.336],[88.066,27.336],[88.067,27.336],[88.066,27.337],[88.065,27.338],[88.065,27.34],[88.065,27.341],[88.065,27.342],[88.063,27.343],[88.062,27.343],[88.062,27.344],[88.061,27.345],[88.061,27.346],[88.062,27.346],[88.061,27.348],[88.06,27.349],[88.06,27.35],[88.06,27.351],[88.059,27.351],[88.059,27.352],[88.059,27.353],[88.058,27.354],[88.058,27.355],[88.057,27.356],[88.056,27.357],[88.056,27.357],[88.056,27.357],[88.055,27.357],[88.054,27.358],[88.054,27.358],[88.053,27.358],[88.053,27.358],[88.052,27.358],[88.051,27.358],[88.05,27.359],[88.049,27.36],[88.048,27.362],[88.047,27.363],[88.047,27.364],[88.046,27.365],[88.045,27.366],[88.044,27.367],[88.043,27.369],[88.042,27.37],[88.042,27.37],[88.042,27.372],[88.042,27.374],[88.042,27.375],[88.043,27.375],[88.043,27.376],[88.043,27.377],[88.044,27.378],[88.045,27.379],[88.045,27.38],[88.045,27.381],[88.045,27.382],[88.045,27.382],[88.045,27.383],[88.045,27.383],[88.044,27.384],[88.044,27.385],[88.045,27.386],[88.045,27.386],[88.045,27.387],[88.045,27.387],[88.045,27.388],[88.045,27.389],[88.045,27.389],[88.045,27.39],[88.045,27.391],[88.046,27.392],[88.046,27.393],[88.046,27.395],[88.046,27.396],[88.047,27.397],[88.047,27.399],[88.048,27.399],[88.048,27.4],[88.048,27.4],[88.048,27.4],[88.048,27.401],[88.049,27.401],[88.048,27.402],[88.048,27.403],[88.048,27.404],[88.048,27.404],[88.048,27.404],[88.048,27.405],[88.047,27.405],[88.048,27.406],[88.048,27.406],[88.049,27.407],[88.049,27.407],[88.05,27.408],[88.05,27.408],[88.05,27.41],[88.051,27.411],[88.051,27.412],[88.05,27.412],[88.051,27.413],[88.051,27.413],[88.052,27.414],[88.052,27.414],[88.053,27.414],[88.053,27.415],[88.053,27.415],[88.054,27.416],[88.054,27.417],[88.055,27.418],[88.056,27.418],[88.056,27.418],[88.057,27.419],[88.057,27.419],[88.057,27.419],[88.058,27.419],[88.059,27.42],[88.06,27.421],[88.061,27.421],[88.062,27.422],[88.063,27.422],[88.064,27.423],[88.065,27.424],[88.066,27.424],[88.066,27.425],[88.067,27.425],[88.068,27.425],[88.068,27.426],[88.069,27.426],[88.069,27.426],[88.07,27.426],[88.071,27.426],[88.072,27.426],[88.072,27.426],[88.072,27.426],[88.073,27.426],[88.073,27.426],[88.073,27.426],[88.074,27.427],[88.074,27.427],[88.074,27.428],[88.074,27.429],[88.075,27.431],[88.075,27.432],[88.074,27.434],[88.072,27.435],[88.071,27.435],[88.071,27.436],[88.07,27.437],[88.069,27.438],[88.068,27.438],[88.068,27.439],[88.069,27.44],[88.069,27.442],[88.07,27.443],[88.071,27.443],[88.071,27.444],[88.072,27.445],[88.073,27.446],[88.072,27.446],[88.071,27.447],[88.07,27.448],[88.07,27.448],[88.069,27.449],[88.068,27.449],[88.067,27.45],[88.067,27.451],[88.066,27.452],[88.065,27.453],[88.065,27.454],[88.065,27.455],[88.066,27.455],[88.066,27.455],[88.066,27.456],[88.066,27.457],[88.067,27.458],[88.066,27.458],[88.066,27.459],[88.065,27.459],[88.064,27.459],[88.062,27.46],[88.061,27.461],[88.06,27.462],[88.059,27.463],[88.058,27.465],[88.057,27.466],[88.057,27.466],[88.057,27.467],[88.057,27.467],[88.056,27.468],[88.056,27.468],[88.055,27.468],[88.054,27.469],[88.053,27.469],[88.053,27.47],[88.052,27.471],[88.052,27.471],[88.051,27.471],[88.051,27.472],[88.049,27.472],[88.048,27.473],[88.048,27.474],[88.048,27.474],[88.047,27.475],[88.046,27.475],[88.045,27.476],[88.045,27.478],[88.044,27.478],[88.044,27.48],[88.045,27.481],[88.045,27.482],[88.044,27.484],[88.044,27.486],[88.044,27.488],[88.044,27.49],[88.044,27.491],[88.044,27.492],[88.045,27.494],[88.044,27.496],[88.044,27.496],[88.044,27.497],[88.045,27.498],[88.046,27.5],[88.046,27.5],[88.046,27.501],[88.047,27.502],[88.047,27.502],[88.048,27.502],[88.048,27.502],[88.049,27.502],[88.049,27.503],[88.05,27.503],[88.05,27.504],[88.05,27.504],[88.05,27.504],[88.051,27.505],[88.052,27.505],[88.052,27.505],[88.053,27.505],[88.053,27.505],[88.054,27.505],[88.054,27.505],[88.055,27.505],[88.055,27.506],[88.055,27.506],[88.056,27.507],[88.056,27.507],[88.057,27.508],[88.057,27.51],[88.058,27.51],[88.06,27.512],[88.061,27.512],[88.061,27.513],[88.061,27.513],[88.061,27.513],[88.06,27.514],[88.058,27.516],[88.057,27.516],[88.057,27.517],[88.057,27.519],[88.057,27.521],[88.058,27.521],[88.06,27.522],[88.06,27.524],[88.061,27.525],[88.061,27.526],[88.062,27.526],[88.063,27.526],[88.064,27.527],[88.065,27.527],[88.066,27.527],[88.067,27.526],[88.067,27.526],[88.067,27.527],[88.066,27.528],[88.065,27.53],[88.063,27.53],[88.062,27.53],[88.06,27.531],[88.059,27.533],[88.059,27.533],[88.059,27.535],[88.059,27.536],[88.06,27.537],[88.06,27.537],[88.061,27.538],[88.061,27.54],[88.061,27.54],[88.062,27.541],[88.062,27.541],[88.063,27.542],[88.063,27.542],[88.064,27.542],[88.064,27.543],[88.065,27.544],[88.065,27.545],[88.065,27.545],[88.066,27.545],[88.066,27.545],[88.067,27.545],[88.067,27.545],[88.068,27.545],[88.068,27.546],[88.068,27.546],[88.069,27.547],[88.069,27.547],[88.069,27.548],[88.069,27.549],[88.068,27.55],[88.068,27.552],[88.069,27.554],[88.069,27.555],[88.069,27.556],[88.07,27.556],[88.071,27.557],[88.072,27.557],[88.073,27.557],[88.074,27.557],[88.074,27.558],[88.075,27.558],[88.075,27.558],[88.076,27.558],[88.076,27.559],[88.077,27.559],[88.077,27.559],[88.077,27.56],[88.078,27.56],[88.078,27.56],[88.079,27.561],[88.079,27.561],[88.079,27.561],[88.079,27.562],[88.079,27.562],[88.079,27.562],[88.079,27.562],[88.08,27.563],[88.08,27.563],[88.08,27.563],[88.08,27.564],[88.08,27.564],[88.08,27.564],[88.08,27.564],[88.08,27.565],[88.081,27.565],[88.081,27.565],[88.081,27.566],[88.08,27.567],[88.08,27.568],[88.079,27.569],[88.077,27.569],[88.076,27.571],[88.075,27.573],[88.077,27.574],[88.078,27.576],[88.079,27.576],[88.079,27.578],[88.079,27.579],[88.08,27.58],[88.08,27.581],[88.081,27.583],[88.082,27.586],[88.085,27.589],[88.086,27.591],[88.087,27.592],[88.088,27.593],[88.089,27.595],[88.089,27.595],[88.09,27.596],[88.091,27.596],[88.092,27.597],[88.093,27.598],[88.093,27.598],[88.094,27.598],[88.095,27.598],[88.095,27.598],[88.097,27.599],[88.097,27.599],[88.099,27.6],[88.1,27.6],[88.101,27.601],[88.103,27.602],[88.104,27.602],[88.105,27.602],[88.106,27.603],[88.107,27.605],[88.108,27.605],[88.108,27.606],[88.11,27.607],[88.111,27.607],[88.111,27.609],[88.112,27.609],[88.113,27.61],[88.114,27.611],[88.114,27.612],[88.114,27.613],[88.114,27.617],[88.115,27.619],[88.116,27.622],[88.118,27.626],[88.119,27.627],[88.117,27.628],[88.117,27.63],[88.118,27.633],[88.118,27.635],[88.119,27.635],[88.119,27.636],[88.119,27.636],[88.12,27.637],[88.12,27.638],[88.12,27.639],[88.12,27.639],[88.12,27.64],[88.12,27.641],[88.12,27.641],[88.12,27.642],[88.12,27.643],[88.12,27.644],[88.12,27.645],[88.12,27.646],[88.121,27.646],[88.122,27.647],[88.122,27.647],[88.123,27.649],[88.124,27.649],[88.124,27.65],[88.125,27.65],[88.125,27.65],[88.125,27.651],[88.126,27.651],[88.126,27.651],[88.126,27.651],[88.126,27.651],[88.127,27.651],[88.127,27.651],[88.128,27.651],[88.128,27.652],[88.128,27.652],[88.129,27.652],[88.129,27.652],[88.129,27.653],[88.13,27.653],[88.13,27.653],[88.13,27.653],[88.131,27.654],[88.131,27.654],[88.131,27.655],[88.131,27.655],[88.131,27.655],[88.132,27.656],[88.133,27.656],[88.134,27.656],[88.134,27.656],[88.135,27.656],[88.135,27.656],[88.136,27.656],[88.136,27.657],[88.137,27.657],[88.137,27.657],[88.138,27.658],[88.139,27.659],[88.139,27.659],[88.139,27.659],[88.139,27.66],[88.139,27.66],[88.14,27.661],[88.141,27.662],[88.142,27.663],[88.143,27.663],[88.144,27.664],[88.145,27.665],[88.145,27.666],[88.145,27.667],[88.145,27.669],[88.145,27.67],[88.146,27.671],[88.146,27.671],[88.146,27.672],[88.147,27.672],[88.146,27.673],[88.147,27.674],[88.147,27.674],[88.147,27.674],[88.147,27.675],[88.147,27.675],[88.147,27.675],[88.147,27.677],[88.147,27.679],[88.147,27.68],[88.147,27.68],[88.147,27.68],[88.147,27.68],[88.148,27.681],[88.148,27.681],[88.148,27.681],[88.148,27.681],[88.148,27.681],[88.148,27.682],[88.148,27.682],[88.149,27.682],[88.149,27.683],[88.149,27.683],[88.149,27.683],[88.149,27.683],[88.149,27.683],[88.149,27.683],[88.149,27.683],[88.149,27.683],[88.149,27.683],[88.149,27.684],[88.149,27.684],[88.149,27.684],[88.149,27.684],[88.15,27.684],[88.15,27.684],[88.15,27.684],[88.15,27.684],[88.15,27.684],[88.15,27.684],[88.15,27.685],[88.15,27.685],[88.15,27.685],[88.15,27.685],[88.15,27.685],[88.15,27.685],[88.15,27.685],[88.151,27.686],[88.151,27.686],[88.151,27.686],[88.151,27.686],[88.151,27.686],[88.151,27.686],[88.151,27.687],[88.151,27.687],[88.151,27.687],[88.152,27.687],[88.152,27.688],[88.152,27.688],[88.153,27.689],[88.153,27.689],[88.153,27.69],[88.153,27.69],[88.153,27.69],[88.153,27.69],[88.153,27.691],[88.153,27.691],[88.154,27.691],[88.154,27.692],[88.154,27.692],[88.154,27.692],[88.154,27.692],[88.154,27.692],[88.153,27.693],[88.153,27.693],[88.153,27.694],[88.152,27.695],[88.151,27.695],[88.151,27.696],[88.151,27.696],[88.151,27.697],[88.151,27.697],[88.151,27.698],[88.151,27.699],[88.15,27.699],[88.15,27.7],[88.15,27.7],[88.149,27.701],[88.149,27.701],[88.148,27.702],[88.148,27.702],[88.148,27.702],[88.148,27.702],[88.148,27.702],[88.148,27.703],[88.148,27.703],[88.148,27.703],[88.148,27.703],[88.148,27.704],[88.149,27.705],[88.149,27.706],[88.149,27.706],[88.149,27.707],[88.149,27.708],[88.15,27.709],[88.151,27.71],[88.152,27.711],[88.152,27.712],[88.153,27.712],[88.153,27.713],[88.153,27.713],[88.154,27.714],[88.154,27.715],[88.154,27.715],[88.154,27.716],[88.155,27.717],[88.155,27.718],[88.155,27.718],[88.156,27.719],[88.156,27.72],[88.155,27.72],[88.154,27.721],[88.154,27.722],[88.154,27.723],[88.155,27.725],[88.154,27.726],[88.154,27.727],[88.154,27.728],[88.154,27.729],[88.154,27.729],[88.155,27.73],[88.155,27.731],[88.155,27.732],[88.155,27.732],[88.155,27.733],[88.156,27.734],[88.156,27.735],[88.156,27.735],[88.156,27.735],[88.156,27.735],[88.156,27.736],[88.156,27.736],[88.156,27.737],[88.157,27.737],[88.157,27.737],[88.157,27.738],[88.158,27.738],[88.158,27.738],[88.158,27.738],[88.158,27.739],[88.158,27.739],[88.158,27.74],[88.159,27.74],[88.159,27.741],[88.16,27.741],[88.16,27.74],[88.161,27.74],[88.162,27.74],[88.162,27.74],[88.163,27.74],[88.164,27.74],[88.164,27.74],[88.165,27.741],[88.165,27.741],[88.166,27.741],[88.166,27.741],[88.168,27.741],[88.169,27.741],[88.17,27.742],[88.171,27.742],[88.172,27.743],[88.173,27.743],[88.173,27.743],[88.174,27.743],[88.174,27.744],[88.174,27.744],[88.176,27.747],[88.178,27.747],[88.178,27.747],[88.178,27.748],[88.178,27.749],[88.178,27.752],[88.177,27.756],[88.177,27.759],[88.178,27.76],[88.18,27.761],[88.182,27.764],[88.182,27.766],[88.182,27.768],[88.182,27.769],[88.181,27.771],[88.182,27.772],[88.182,27.774],[88.182,27.775],[88.181,27.776],[88.183,27.777],[88.184,27.777],[88.184,27.777],[88.185,27.777],[88.186,27.778],[88.187,27.779],[88.187,27.78],[88.188,27.78],[88.188,27.781],[88.189,27.782],[88.19,27.783],[88.19,27.783],[88.191,27.783],[88.191,27.784],[88.191,27.784],[88.192,27.784],[88.192,27.784],[88.192,27.785],[88.193,27.785],[88.193,27.785],[88.193,27.786],[88.194,27.786],[88.194,27.786],[88.194,27.786],[88.195,27.786],[88.195,27.787],[88.195,27.787],[88.195,27.787],[88.195,27.787],[88.195,27.787],[88.195,27.788],[88.196,27.788],[88.196,27.789],[88.196,27.789],[88.196,27.79],[88.196,27.79],[88.196,27.79],[88.197,27.79],[88.197,27.791],[88.197,27.791],[88.197,27.792],[88.197,27.793],[88.196,27.793],[88.196,27.793],[88.196,27.794],[88.195,27.794],[88.195,27.795],[88.194,27.795],[88.194,27.796],[88.193,27.797],[88.192,27.797],[88.191,27.798],[88.19,27.798],[88.189,27.799],[88.188,27.8],[88.187,27.801],[88.187,27.802],[88.187,27.803],[88.187,27.804],[88.186,27.804],[88.186,27.805],[88.186,27.805],[88.186,27.806],[88.186,27.808],[88.185,27.809],[88.185,27.809],[88.185,27.81],[88.185,27.811],[88.184,27.811],[88.184,27.812],[88.182,27.813],[88.181,27.814],[88.18,27.815],[88.179,27.816],[88.178,27.816],[88.176,27.817],[88.175,27.818],[88.174,27.818],[88.173,27.819],[88.173,27.821],[88.174,27.821],[88.175,27.821],[88.176,27.822],[88.177,27.822],[88.179,27.823],[88.181,27.823],[88.183,27.823],[88.184,27.824],[88.186,27.825],[88.187,27.826],[88.188,27.826],[88.189,27.827],[88.189,27.828],[88.19,27.828],[88.19,27.83],[88.191,27.83],[88.191,27.832],[88.191,27.832],[88.192,27.833],[88.192,27.834],[88.193,27.834],[88.194,27.835],[88.195,27.835],[88.195,27.836],[88.196,27.836],[88.197,27.837],[88.198,27.836],[88.199,27.837],[88.2,27.837],[88.201,27.837],[88.201,27.837],[88.201,27.838],[88.201,27.838],[88.201,27.838],[88.202,27.839],[88.202,27.839],[88.202,27.84],[88.202,27.84],[88.202,27.84],[88.201,27.841],[88.201,27.841],[88.201,27.842],[88.201,27.842],[88.201,27.842],[88.201,27.843],[88.201,27.843],[88.201,27.844],[88.2,27.845],[88.199,27.845],[88.198,27.845],[88.198,27.846],[88.197,27.848],[88.197,27.849],[88.197,27.849],[88.198,27.851],[88.197,27.852],[88.196,27.853],[88.196,27.854],[88.196,27.854],[88.195,27.854],[88.194,27.855],[88.193,27.855],[88.192,27.855],[88.19,27.854],[88.189,27.854],[88.188,27.853],[88.187,27.855],[88.187,27.856],[88.186,27.856],[88.185,27.857],[88.184,27.857],[88.183,27.857],[88.182,27.857],[88.181,27.857],[88.179,27.857],[88.178,27.857],[88.178,27.857],[88.177,27.858],[88.177,27.859],[88.176,27.859],[88.176,27.86],[88.175,27.86],[88.175,27.86],[88.174,27.861],[88.174,27.862],[88.174,27.862],[88.173,27.863],[88.173,27.863],[88.172,27.864],[88.171,27.864],[88.17,27.864],[88.169,27.865],[88.168,27.865],[88.168,27.865],[88.167,27.865],[88.167,27.866],[88.167,27.866],[88.167,27.866],[88.166,27.867],[88.166,27.867],[88.166,27.867],[88.165,27.868],[88.165,27.868],[88.164,27.868],[88.164,27.869],[88.163,27.869],[88.162,27.869],[88.162,27.869],[88.162,27.87],[88.161,27.87],[88.16,27.87],[88.16,27.87],[88.159,27.87],[88.159,27.87],[88.159,27.87],[88.158,27.87],[88.158,27.871],[88.158,27.871],[88.157,27.871],[88.157,27.871],[88.156,27.871],[88.156,27.871],[88.155,27.871],[88.154,27.871],[88.154,27.871],[88.153,27.872],[88.153,27.872],[88.153,27.873],[88.152,27.873],[88.152,27.874],[88.152,27.874],[88.151,27.874],[88.151,27.874],[88.151,27.875],[88.151,27.875],[88.15,27.875],[88.15,27.876],[88.149,27.876],[88.149,27.876],[88.149,27.876],[88.149,27.876],[88.148,27.877],[88.147,27.877],[88.146,27.877],[88.146,27.877],[88.146,27.877],[88.144,27.878],[88.144,27.878],[88.143,27.879],[88.142,27.878],[88.141,27.879],[88.14,27.878],[88.139,27.878],[88.139,27.879],[88.138,27.879],[88.138,27.88],[88.138,27.88],[88.136,27.881],[88.136,27.882],[88.139,27.889],[88.135,27.896],[88.131,27.898],[88.128,27.903],[88.123,27.907],[88.121,27.911],[88.118,27.918],[88.122,27.924],[88.128,27.926],[88.13,27.93],[88.135,27.937],[88.136,27.942],[88.132,27.949],[88.133,27.951],[88.137,27.956],[88.141,27.964],[88.148,27.963],[88.155,27.958],[88.163,27.959],[88.166,27.955],[88.171,27.952],[88.177,27.95],[88.18,27.949],[88.182,27.946],[88.184,27.944],[88.19,27.943],[88.195,27.943],[88.199,27.943],[88.202,27.941],[88.206,27.946],[88.205,27.957],[88.208,27.961],[88.21,27.963],[88.213,27.964],[88.217,27.963],[88.22,27.962],[88.224,27.961],[88.227,27.965],[88.235,27.969],[88.239,27.968],[88.242,27.958],[88.244,27.955],[88.246,27.952],[88.248,27.946],[88.25,27.943],[88.252,27.942],[88.254,27.945],[88.258,27.946],[88.263,27.955],[88.27,27.956],[88.277,27.955],[88.281,27.957],[88.282,27.96],[88.284,27.964],[88.288,27.966],[88.291,27.966],[88.295,27.967],[88.297,27.967],[88.3,27.966],[88.304,27.965],[88.305,27.967],[88.306,27.967],[88.307,27.968],[88.309,27.968],[88.311,27.97],[88.315,27.973],[88.315,27.978],[88.319,27.979],[88.323,27.98],[88.327,27.978],[88.331,27.976],[88.335,27.984],[88.34,27.985],[88.346,27.986],[88.352,27.988],[88.358,27.989],[88.362,27.989],[88.366,27.99],[88.368,27.989],[88.371,27.989],[88.373,27.99],[88.377,27.989],[88.379,27.985],[88.382,27.983],[88.385,27.982],[88.388,27.98],[88.389,27.977],[88.393,27.977],[88.397,27.979],[88.4,27.977],[88.403,27.981],[88.405,27.981],[88.409,27.98],[88.414,27.981],[88.413,27.988],[88.414,27.995],[88.416,27.999],[88.421,28.001],[88.425,28.003],[88.429,28.007],[88.435,28.007],[88.44,28.009],[88.446,28.011],[88.452,28.014],[88.456,28.016],[88.46,28.015],[88.464,28.017],[88.469,28.019],[88.471,28.022],[88.472,28.025],[88.474,28.029],[88.474,28.033],[88.481,28.041],[88.489,28.046],[88.495,28.055],[88.5,28.052],[88.505,28.049],[88.508,28.044],[88.512,28.042],[88.519,28.043],[88.523,28.039],[88.526,28.036],[88.53,28.038],[88.534,28.034],[88.547,28.035],[88.551,28.038],[88.554,28.039],[88.552,28.042],[88.55,28.047],[88.551,28.052],[88.554,28.058],[88.555,28.065],[88.556,28.072],[88.556,28.077],[88.554,28.082],[88.559,28.084],[88.564,28.088],[88.568,28.091],[88.574,28.088],[88.582,28.084],[88.589,28.088],[88.597,28.089],[88.603,28.092],[88.605,28.099],[88.611,28.109],[88.618,28.113],[88.626,28.112],[88.635,28.118],[88.639,28.117],[88.641,28.114],[88.643,28.108],[88.647,28.101],[88.651,28.097],[88.656,28.094],[88.659,28.091],[88.664,28.089],[88.665,28.087],[88.666,28.083],[88.669,28.075],[88.679,28.072],[88.684,28.078],[88.693,28.078],[88.7,28.077],[88.705,28.077],[88.709,28.078],[88.713,28.078],[88.718,28.076],[88.723,28.075],[88.727,28.074],[88.729,28.073],[88.734,28.073],[88.738,28.074],[88.74,28.075],[88.743,28.076],[88.745,28.077],[88.751,28.079],[88.757,28.077],[88.762,28.072],[88.764,28.07],[88.767,28.068],[88.769,28.065],[88.77,28.063],[88.773,28.059],[88.777,28.055],[88.781,28.053],[88.784,28.053],[88.789,28.05],[88.791,28.049],[88.793,28.046],[88.796,28.042],[88.799,28.039],[88.801,28.035],[88.803,28.032],[88.806,28.03],[88.809,28.027],[88.812,28.024],[88.816,28.022],[88.82,28.022],[88.823,28.021],[88.827,28.019],[88.831,28.017],[88.835,28.016],[88.837,28.012],[88.838,28.002],[88.844,27.992],[88.844,27.988],[88.843,27.986],[88.841,27.984],[88.841,27.98],[88.842,27.976],[88.842,27.974],[88.84,27.971],[88.84,27.968],[88.841,27.967],[88.841,27.966],[88.841,27.965],[88.841,27.964],[88.841,27.964],[88.841,27.963],[88.841,27.963],[88.841,27.962],[88.842,27.962],[88.842,27.961],[88.841,27.961],[88.842,27.961],[88.842,27.961],[88.842,27.96],[88.842,27.96],[88.842,27.959],[88.841,27.959],[88.841,27.959],[88.842,27.958],[88.842,27.957],[88.842,27.957],[88.843,27.956],[88.842,27.955],[88.842,27.954],[88.842,27.953],[88.842,27.952],[88.841,27.951],[88.841,27.949],[88.84,27.948],[88.841,27.945],[88.841,27.944],[88.84,27.944],[88.839,27.942],[88.839,27.941],[88.837,27.937],[88.838,27.934],[88.837,27.929],[88.84,27.927],[88.85,27.926],[88.853,27.926],[88.855,27.926],[88.857,27.926],[88.861,27.927],[88.868,27.919],[88.869,27.916],[88.87,27.914],[88.869,27.911],[88.87,27.907],[88.871,27.904],[88.872,27.901],[88.879,27.895],[88.881,27.892],[88.88,27.886],[88.879,27.884],[88.879,27.881],[88.878,27.875],[88.879,27.871],[88.881,27.867],[88.883,27.863],[88.886,27.86],[88.888,27.857],[88.886,27.855],[88.882,27.852],[88.881,27.841],[88.882,27.839],[88.883,27.835],[88.881,27.832],[88.873,27.827],[88.861,27.818],[88.859,27.809],[88.861,27.804],[88.86,27.797],[88.856,27.784],[88.855,27.781],[88.855,27.777],[88.856,27.774],[88.855,27.769],[88.854,27.765],[88.855,27.761],[88.856,27.755],[88.859,27.754],[88.863,27.752],[88.865,27.746],[88.867,27.743],[88.864,27.741],[88.859,27.738],[88.858,27.734],[88.858,27.73],[88.858,27.727],[88.857,27.725],[88.857,27.723],[88.856,27.72],[88.857,27.717],[88.855,27.716],[88.854,27.715],[88.852,27.715],[88.849,27.714],[88.846,27.713],[88.843,27.713],[88.84,27.711],[88.84,27.709],[88.839,27.705],[88.842,27.704],[88.844,27.702],[88.845,27.7],[88.846,27.7],[88.847,27.698],[88.848,27.696],[88.848,27.693],[88.845,27.689],[88.843,27.686],[88.842,27.683],[88.845,27.68],[88.847,27.677],[88.848,27.674],[88.848,27.671],[88.848,27.667],[88.846,27.664],[88.843,27.66],[88.84,27.658],[88.838,27.655],[88.836,27.653],[88.835,27.651],[88.832,27.648],[88.83,27.647],[88.827,27.646],[88.824,27.644],[88.822,27.644],[88.821,27.646],[88.818,27.648],[88.817,27.648],[88.814,27.644],[88.813,27.641],[88.812,27.64],[88.808,27.636],[88.808,27.633],[88.807,27.63],[88.805,27.628],[88.804,27.624],[88.807,27.622],[88.809,27.621],[88.811,27.619],[88.81,27.616],[88.808,27.614],[88.807,27.61],[88.807,27.607],[88.808,27.603],[88.807,27.599],[88.803,27.594],[88.8,27.593],[88.798,27.592],[88.796,27.591],[88.794,27.589],[88.791,27.587],[88.789,27.586],[88.789,27.584],[88.79,27.581],[88.791,27.578],[88.792,27.575],[88.791,27.575],[88.79,27.574],[88.785,27.573],[88.782,27.571],[88.78,27.57],[88.778,27.57],[88.776,27.571],[88.773,27.571],[88.77,27.571],[88.767,27.57],[88.765,27.567],[88.765,27.563],[88.767,27.562],[88.769,27.56],[88.771,27.559],[88.773,27.555],[88.774,27.552],[88.773,27.55],[88.773,27.548],[88.774,27.546],[88.774,27.543],[88.774,27.542],[88.774,27.539],[88.776,27.535],[88.778,27.532],[88.78,27.531],[88.782,27.53],[88.784,27.53],[88.785,27.531],[88.788,27.531],[88.79,27.532],[88.793,27.529],[88.794,27.527],[88.793,27.526],[88.792,27.525],[88.791,27.523],[88.788,27.522],[88.789,27.518],[88.79,27.514],[88.788,27.512],[88.787,27.509],[88.786,27.507],[88.786,27.504],[88.784,27.502],[88.783,27.5],[88.783,27.495],[88.785,27.494],[88.784,27.492],[88.784,27.49],[88.784,27.487],[88.784,27.485],[88.782,27.483],[88.781,27.48],[88.782,27.478],[88.782,27.477],[88.783,27.475],[88.781,27.474],[88.777,27.47],[88.778,27.466],[88.781,27.461],[88.783,27.457],[88.783,27.454],[88.786,27.453],[88.788,27.448],[88.791,27.447],[88.794,27.445],[88.793,27.439],[88.792,27.437],[88.793,27.435],[88.794,27.432],[88.795,27.429],[88.796,27.427],[88.8,27.428],[88.8,27.424],[88.803,27.423],[88.807,27.424],[88.806,27.418],[88.806,27.413],[88.806,27.408],[88.81,27.405],[88.816,27.405],[88.821,27.405],[88.82,27.4],[88.821,27.395],[88.825,27.391],[88.831,27.39],[88.831,27.386],[88.835,27.383],[88.838,27.381],[88.842,27.382],[88.847,27.385],[88.853,27.385],[88.86,27.386],[88.863,27.381],[88.864,27.377],[88.863,27.372],[88.865,27.367],[88.87,27.364],[88.874,27.363],[88.877,27.361],[88.881,27.361],[88.882,27.357],[88.881,27.354],[88.882,27.352],[88.882,27.352],[88.884,27.351],[88.884,27.351],[88.885,27.351],[88.885,27.351],[88.885,27.349],[88.883,27.347],[88.883,27.346],[88.884,27.345],[88.884,27.344],[88.886,27.342],[88.889,27.341],[88.891,27.341],[88.892,27.34],[88.893,27.34],[88.893,27.339],[88.893,27.338],[88.894,27.337],[88.895,27.334],[88.896,27.333],[88.897,27.333],[88.899,27.333],[88.903,27.332],[88.905,27.33],[88.907,27.329],[88.908,27.329],[88.91,27.329],[88.911,27.329],[88.913,27.33],[88.914,27.33],[88.916,27.331],[88.917,27.331],[88.917,27.33],[88.918,27.33],[88.919,27.33],[88.92,27.329],[88.92,27.328],[88.921,27.328],[88.921,27.327],[88.921,27.327],[88.92,27.324],[88.92,27.322],[88.92,27.32],[88.92,27.319],[88.919,27.318],[88.917,27.316],[88.916,27.314],[88.915,27.312],[88.915,27.311],[88.913,27.308],[88.912,27.307],[88.912,27.306],[88.91,27.305],[88.909,27.303],[88.909,27.302],[88.911,27.3],[88.913,27.295],[88.915,27.291],[88.914,27.289],[88.912,27.286],[88.91,27.283],[88.909,27.28],[88.909,27.279],[88.908,27.276],[88.906,27.274],[88.904,27.273],[88.901,27.274],[88.9,27.274],[88.899,27.27],[88.899,27.27],[88.896,27.27],[88.895,27.269],[88.893,27.269],[88.892,27.269],[88.891,27.269],[88.889,27.268],[88.886,27.267],[88.88,27.263],[88.879,27.261],[88.843,27.263],[88.811,27.251],[88.803,27.246],[88.804,27.241],[88.804,27.237],[88.803,27.235],[88.802,27.231],[88.802,27.229],[88.802,27.225],[88.803,27.222],[88.803,27.219],[88.801,27.215],[88.8,27.211],[88.799,27.208],[88.796,27.205],[88.795,27.202],[88.793,27.199],[88.791,27.196],[88.789,27.192],[88.79,27.189],[88.789,27.185],[88.787,27.183],[88.783,27.183],[88.78,27.184],[88.777,27.182],[88.773,27.182],[88.768,27.18],[88.765,27.178],[88.764,27.175],[88.761,27.172],[88.76,27.168],[88.758,27.164],[88.757,27.161],[88.757,27.158],[88.759,27.156],[88.76,27.153],[88.756,27.151],[88.752,27.151],[88.75,27.148],[88.747,27.144],[88.746,27.143],[88.748,27.142],[88.757,27.141],[88.763,27.14],[88.767,27.139],[88.768,27.139],[88.77,27.137],[88.774,27.136],[88.778,27.136],[88.782,27.135],[88.789,27.135],[88.796,27.137],[88.8,27.138],[88.804,27.138],[88.806,27.135],[88.808,27.132],[88.812,27.127],[88.815,27.126],[88.817,27.124],[88.819,27.123],[88.819,27.122],[88.821,27.122],[88.822,27.121],[88.824,27.121],[88.825,27.119],[88.827,27.119],[88.828,27.118],[88.83,27.117],[88.831,27.117],[88.833,27.116],[88.836,27.115],[88.839,27.116],[88.84,27.115],[88.842,27.114],[88.843,27.114],[88.842,27.112],[88.843,27.111],[88.847,27.112],[88.849,27.109],[88.852,27.108],[88.855,27.109],[88.858,27.109],[88.862,27.109],[88.865,27.111],[88.867,27.11],[88.868,27.111],[88.871,27.109],[88.871,27.107],[88.871,27.103],[88.874,27.097],[88.873,27.094],[88.876,27.091],[88.874,27.086],[88.874,27.084],[88.874,27.079],[88.877,27.075],[88.875,27.071],[88.88,27.066],[88.881,27.062],[88.879,27.06],[88.878,27.055],[88.879,27.049],[88.876,27.045],[88.876,27.042],[88.88,27.038],[88.877,27.035],[88.877,27.031],[88.876,27.026],[88.876,27.021],[88.874,27.019],[88.876,27.016],[88.876,27.013],[88.873,27.008],[88.872,27.0],[88.87,26.992],[88.873,26.989],[88.874,26.984],[88.873,26.975],[88.873,26.97],[88.873,26.966],[88.871,26.964],[88.871,26.961],[88.875,26.958],[88.875,26.954],[88.875,26.95],[88.875,26.947],[88.875,26.944],[88.879,26.945],[88.882,26.948],[88.883,26.955],[88.887,26.958],[88.888,26.961],[88.889,26.962],[88.895,26.964],[88.896,26.968],[88.901,26.973],[88.903,26.976],[88.906,26.979],[88.907,26.981],[88.908,26.982],[88.909,26.985],[88.911,26.988],[88.914,26.99],[88.918,26.992],[88.921,26.994],[88.932,26.986],[88.939,26.979],[88.946,26.974],[88.952,26.967],[88.952,26.966],[88.952,26.964],[88.952,26.963],[88.953,26.961],[88.954,26.959],[88.954,26.957],[88.955,26.955],[88.955,26.954],[88.954,26.953],[88.953,26.952],[88.954,26.951],[88.954,26.949],[88.954,26.947],[88.953,26.946],[88.953,26.945],[88.95,26.944],[88.948,26.942],[88.947,26.941],[88.948,26.939],[88.947,26.936],[88.947,26.932],[88.958,26.927],[88.968,26.923],[88.976,26.919],[89.002,26.929],[89.013,26.935],[89.021,26.941],[89.03,26.923],[89.04,26.923],[89.056,26.901],[89.08,26.897],[89.096,26.892],[89.093,26.873],[89.104,26.858],[89.103,26.841],[89.124,26.822],[89.156,26.813],[89.186,26.814],[89.219,26.817],[89.24,26.818],[89.263,26.815],[89.264,26.818],[89.265,26.818],[89.265,26.818],[89.266,26.819],[89.266,26.82],[89.267,26.82],[89.268,26.82],[89.268,26.821],[89.269,26.822],[89.27,26.823],[89.27,26.824],[89.271,26.825],[89.272,26.826],[89.272,26.826],[89.273,26.826],[89.273,26.827],[89.275,26.828],[89.275,26.829],[89.281,26.831],[89.296,26.839],[89.3,26.842],[89.304,26.844],[89.308,26.845],[89.311,26.846],[89.312,26.846],[89.313,26.847],[89.314,26.847],[89.315,26.848],[89.316,26.849],[89.317,26.85],[89.318,26.851],[89.32,26.852],[89.321,26.852],[89.322,26.852],[89.325,26.849],[89.325,26.847],[89.325,26.846],[89.326,26.845],[89.326,26.845],[89.327,26.843],[89.366,26.858],[89.38,26.861],[89.384,26.859],[89.385,26.855],[89.389,26.845],[89.403,26.841],[89.414,26.84],[89.422,26.837],[89.433,26.838],[89.449,26.827],[89.458,26.81],[89.476,26.803],[89.495,26.803],[89.497,26.803],[89.501,26.805],[89.504,26.807],[89.505,26.809],[89.506,26.81],[89.508,26.812],[89.51,26.813],[89.511,26.813],[89.511,26.813],[89.512,26.813],[89.514,26.814],[89.515,26.814],[89.516,26.814],[89.517,26.813],[89.518,26.812],[89.519,26.812],[89.52,26.812],[89.52,26.813],[89.52,26.813],[89.521,26.813],[89.521,26.813],[89.521,26.814],[89.522,26.814],[89.523,26.813],[89.524,26.813],[89.524,26.813],[89.525,26.813],[89.526,26.813],[89.527,26.813],[89.527,26.813],[89.528,26.813],[89.528,26.813],[89.529,26.813],[89.529,26.813],[89.529,26.814],[89.53,26.814],[89.531,26.814],[89.531,26.814],[89.532,26.814],[89.532,26.815],[89.533,26.815],[89.533,26.815],[89.534,26.815],[89.534,26.815],[89.535,26.814],[89.535,26.814],[89.536,26.814],[89.536,26.813],[89.537,26.813],[89.538,26.813],[89.539,26.813],[89.539,26.813],[89.54,26.813],[89.54,26.812],[89.542,26.812],[89.542,26.812],[89.543,26.812],[89.544,26.811],[89.545,26.811],[89.545,26.811],[89.545,26.81],[89.546,26.81],[89.546,26.81],[89.547,26.81],[89.549,26.81],[89.55,26.811],[89.552,26.812],[89.553,26.812],[89.555,26.813],[89.556,26.813],[89.557,26.813],[89.557,26.813],[89.559,26.813],[89.56,26.813],[89.561,26.81],[89.562,26.807],[89.564,26.805],[89.566,26.802],[89.566,26.8],[89.567,26.799],[89.57,26.798],[89.576,26.796],[89.578,26.796],[89.581,26.795],[89.584,26.795],[89.587,26.793],[89.588,26.792],[89.591,26.792],[89.594,26.792],[89.597,26.791],[89.602,26.788],[89.607,26.787],[89.613,26.786],[89.616,26.785],[89.619,26.782],[89.621,26.779],[89.623,26.78],[89.627,26.78],[89.629,26.781],[89.631,26.783],[89.634,26.782],[89.639,26.782],[89.641,26.781],[89.642,26.78],[89.644,26.778],[89.646,26.777],[89.648,26.777],[89.65,26.777],[89.651,26.774],[89.652,26.772],[89.652,26.767],[89.647,26.764],[89.644,26.761],[89.643,26.751],[89.644,26.749],[89.642,26.747],[89.64,26.747],[89.639,26.746],[89.638,26.747],[89.636,26.746],[89.634,26.745],[89.632,26.745],[89.631,26.744],[89.628,26.743],[89.626,26.742],[89.625,26.74],[89.624,26.739],[89.623,26.739],[89.622,26.737],[89.622,26.737],[89.622,26.735],[89.621,26.734],[89.62,26.733],[89.619,26.731],[89.619,26.727],[89.622,26.727],[89.624,26.725],[89.625,26.724],[89.628,26.724],[89.63,26.725],[89.632,26.725],[89.636,26.726],[89.639,26.723],[89.644,26.723],[89.647,26.722],[89.649,26.72],[89.649,26.718],[89.653,26.718],[89.657,26.718],[89.661,26.721],[89.662,26.723],[89.663,26.725],[89.664,26.726],[89.667,26.729],[89.669,26.733],[89.67,26.737],[89.67,26.739],[89.671,26.74],[89.678,26.739],[89.683,26.736],[89.685,26.735],[89.688,26.734],[89.69,26.733],[89.693,26.735],[89.696,26.737],[89.699,26.737],[89.702,26.736],[89.705,26.735],[89.707,26.733],[89.71,26.731],[89.71,26.731],[89.712,26.731],[89.715,26.731],[89.717,26.73],[89.718,26.729],[89.718,26.728],[89.72,26.726],[89.723,26.724],[89.727,26.724],[89.731,26.726],[89.734,26.727],[89.735,26.728],[89.739,26.729],[89.75,26.733],[89.756,26.733],[89.757,26.732],[89.757,26.731],[89.757,26.731],[89.758,26.73],[89.759,26.729],[89.76,26.728],[89.761,26.727],[89.761,26.726],[89.761,26.725],[89.761,26.724],[89.761,26.724],[89.76,26.723],[89.76,26.722],[89.76,26.72],[89.76,26.719],[89.761,26.718],[89.762,26.717],[89.763,26.716],[89.764,26.716],[89.766,26.715],[89.767,26.714],[89.768,26.714],[89.768,26.714],[89.769,26.714],[89.769,26.713],[89.769,26.713],[89.77,26.712],[89.77,26.712],[89.77,26.711],[89.77,26.71],[89.771,26.71],[89.771,26.71],[89.772,26.71],[89.772,26.709],[89.772,26.709],[89.772,26.708],[89.772,26.708],[89.772,26.707],[89.771,26.706],[89.771,26.706],[89.771,26.705],[89.772,26.704],[89.773,26.703],[89.775,26.702],[89.814,26.711],[89.841,26.706],[89.861,26.704],[89.861,26.708],[89.861,26.711],[89.86,26.713],[89.86,26.714],[89.859,26.716],[89.859,26.718],[89.86,26.72],[89.864,26.722],[89.866,26.724],[89.866,26.731],[89.866,26.733],[89.865,26.734],[89.863,26.734],[89.861,26.735],[89.87,26.735],[89.911,26.724],[89.96,26.724],[90.0,26.731],[90.046,26.73],[90.087,26.739],[90.123,26.749],[90.168,26.764],[90.191,26.79],[90.198,26.829],[90.23,26.859],[90.278,26.854],[90.316,26.857],[90.346,26.875],[90.347,26.877],[90.347,26.878],[90.347,26.88],[90.347,26.881],[90.348,26.881],[90.348,26.882],[90.348,26.883],[90.348,26.884],[90.348,26.888],[90.35,26.89],[90.351,26.891],[90.352,26.892],[90.353,26.892],[90.353,26.894],[90.353,26.895],[90.354,26.896],[90.354,26.897],[90.355,26.898],[90.355,26.898],[90.356,26.899],[90.356,26.9],[90.356,26.901],[90.388,26.903],[90.424,26.9],[90.46,26.875],[90.497,26.85],[90.538,26.823],[90.584,26.804],[90.634,26.794],[90.676,26.785],[90.709,26.771],[90.751,26.777],[90.798,26.778],[90.843,26.78],[90.893,26.783],[90.942,26.785],[90.974,26.788],[91.017,26.79],[91.06,26.79],[91.097,26.822],[91.145,26.811],[91.181,26.815],[91.226,26.813],[91.269,26.803],[91.307,26.786],[91.353,26.787],[91.386,26.811],[91.414,26.835],[91.442,26.815],[91.479,26.797],[91.505,26.793],[91.526,26.796],[91.558,26.801],[91.601,26.81],[91.644,26.817],[91.69,26.807],[91.729,26.816],[91.772,26.838],[91.816,26.86],[91.846,26.895],[91.877,26.915],[91.918,26.908],[91.952,26.892],[91.977,26.865],[92.017,26.851],[92.066,26.851],[92.102,26.874],[92.115,26.895],[92.117,26.899],[92.118,26.904],[92.118,26.909],[92.116,26.913],[92.114,26.916],[92.115,26.92],[92.115,26.923],[92.117,26.929],[92.115,26.933],[92.116,26.936],[92.118,26.938],[92.118,26.94],[92.118,26.943],[92.116,26.944],[92.114,26.946],[92.114,26.949],[92.113,26.951],[92.115,26.954],[92.117,26.955],[92.118,26.958],[92.121,26.961],[92.12,26.965],[92.12,26.972],[92.117,26.974],[92.114,26.976],[92.11,26.977],[92.105,26.981],[92.105,26.987],[92.107,26.991],[92.105,26.994],[92.104,26.998],[92.104,27.001],[92.103,27.005],[92.099,27.008],[92.095,27.01],[92.094,27.012],[92.09,27.014],[92.087,27.014],[92.084,27.016],[92.081,27.017],[92.078,27.019],[92.078,27.022],[92.078,27.023],[92.078,27.026],[92.079,27.029],[92.081,27.032],[92.082,27.035],[92.082,27.039],[92.08,27.041],[92.076,27.041],[92.074,27.043],[92.071,27.043],[92.068,27.045],[92.064,27.048],[92.061,27.048],[92.056,27.051],[92.051,27.051],[92.045,27.052],[92.044,27.055],[92.041,27.059],[92.038,27.061],[92.037,27.065],[92.038,27.068],[92.037,27.071],[92.034,27.074],[92.032,27.078],[92.031,27.08],[92.031,27.083],[92.031,27.085],[92.032,27.09],[92.031,27.093],[92.029,27.096],[92.029,27.098],[92.03,27.1],[92.028,27.102],[92.026,27.105],[92.024,27.107],[92.023,27.111],[92.024,27.113],[92.026,27.117],[92.029,27.121],[92.032,27.124],[92.033,27.127],[92.034,27.13],[92.034,27.133],[92.035,27.136],[92.035,27.139],[92.036,27.141],[92.034,27.144],[92.032,27.147],[92.033,27.15],[92.031,27.154],[92.028,27.157],[92.029,27.16],[92.028,27.164],[92.027,27.168],[92.028,27.17],[92.031,27.173],[92.034,27.175],[92.037,27.178],[92.039,27.181],[92.042,27.182],[92.045,27.182],[92.049,27.183],[92.053,27.186],[92.057,27.188],[92.058,27.191],[92.059,27.194],[92.06,27.197],[92.058,27.201],[92.06,27.204],[92.061,27.207],[92.062,27.21],[92.064,27.212],[92.068,27.214],[92.069,27.216],[92.069,27.219],[92.07,27.221],[92.071,27.225],[92.071,27.228],[92.072,27.235],[92.07,27.239],[92.066,27.243],[92.062,27.245],[92.059,27.252],[92.055,27.253],[92.049,27.254],[92.046,27.256],[92.043,27.256],[92.038,27.257],[92.04,27.26],[92.046,27.266],[92.047,27.268],[92.048,27.269],[92.048,27.269],[92.049,27.27],[92.05,27.27],[92.051,27.271],[92.052,27.271],[92.054,27.27],[92.055,27.271],[92.056,27.271],[92.057,27.272],[92.059,27.272],[92.06,27.272],[92.061,27.272],[92.062,27.273],[92.063,27.273],[92.064,27.274],[92.064,27.275],[92.067,27.277],[92.068,27.277],[92.069,27.277],[92.07,27.276],[92.071,27.276],[92.071,27.277],[92.073,27.278],[92.075,27.279],[92.076,27.278],[92.077,27.277],[92.078,27.276],[92.079,27.275],[92.08,27.275],[92.08,27.273],[92.083,27.273],[92.084,27.272],[92.086,27.271],[92.087,27.27],[92.088,27.269],[92.089,27.27],[92.089,27.27],[92.09,27.27],[92.091,27.27],[92.092,27.269],[92.092,27.269],[92.093,27.269],[92.094,27.27],[92.095,27.271],[92.096,27.271],[92.096,27.27],[92.098,27.269],[92.1,27.268],[92.102,27.268],[92.105,27.269],[92.107,27.269],[92.108,27.27],[92.11,27.27],[92.112,27.269],[92.115,27.27],[92.117,27.271],[92.119,27.271],[92.12,27.271],[92.12,27.272],[92.121,27.273],[92.122,27.274],[92.123,27.276],[92.123,27.276],[92.124,27.278],[92.125,27.278],[92.125,27.279],[92.125,27.28],[92.125,27.282],[92.125,27.282],[92.124,27.283],[92.124,27.283],[92.124,27.284],[92.123,27.285],[92.123,27.285],[92.123,27.286],[92.123,27.287],[92.123,27.287],[92.122,27.288],[92.121,27.289],[92.12,27.29],[92.119,27.29],[92.118,27.292],[92.117,27.292],[92.117,27.292],[92.116,27.293],[92.115,27.293],[92.114,27.294],[92.114,27.294],[92.113,27.295],[92.112,27.295],[92.11,27.296],[92.109,27.296],[92.108,27.297],[92.107,27.298],[92.105,27.299],[92.104,27.3],[92.104,27.301],[92.103,27.301],[92.102,27.301],[92.101,27.302],[92.099,27.303],[92.097,27.304],[92.095,27.304],[92.094,27.304],[92.092,27.304],[92.091,27.304],[92.09,27.305],[92.089,27.305],[92.088,27.305],[92.087,27.306],[92.087,27.306],[92.086,27.307],[92.086,27.307],[92.085,27.307],[92.085,27.308],[92.084,27.309],[92.083,27.31],[92.081,27.31],[92.08,27.311],[92.079,27.312],[92.078,27.314],[92.076,27.316],[92.074,27.318],[92.073,27.319],[92.072,27.321],[92.071,27.322],[92.07,27.323],[92.068,27.324],[92.066,27.326],[92.065,27.329],[92.063,27.334],[92.064,27.337],[92.06,27.345],[92.056,27.349],[92.051,27.355],[92.049,27.359],[92.048,27.367],[92.049,27.372],[92.049,27.377],[92.05,27.379],[92.053,27.381],[92.054,27.388],[92.055,27.393],[92.056,27.397],[92.055,27.401],[92.053,27.404],[92.05,27.407],[92.048,27.409],[92.047,27.411],[92.047,27.411],[92.043,27.413],[92.042,27.413],[92.041,27.413],[92.04,27.414],[92.04,27.416],[92.039,27.416],[92.039,27.417],[92.038,27.418],[92.037,27.418],[92.037,27.419],[92.038,27.42],[92.038,27.42],[92.038,27.421],[92.038,27.421],[92.039,27.423],[92.039,27.423],[92.039,27.424],[92.04,27.424],[92.042,27.426],[92.044,27.426],[92.044,27.428],[92.043,27.429],[92.043,27.432],[92.043,27.435],[92.041,27.437],[92.04,27.437],[92.039,27.438],[92.035,27.439],[92.034,27.439],[92.033,27.44],[92.032,27.44],[92.031,27.44],[92.029,27.44],[92.027,27.441],[92.026,27.442],[92.026,27.443],[92.025,27.444],[92.025,27.445],[92.024,27.445],[92.023,27.446],[92.022,27.447],[92.022,27.448],[92.022,27.449],[92.022,27.45],[92.022,27.451],[92.022,27.452],[92.023,27.453],[92.023,27.455],[92.023,27.457],[92.023,27.458],[92.023,27.459],[92.023,27.461],[92.023,27.462],[92.023,27.463],[92.022,27.464],[92.02,27.466],[92.02,27.467],[92.02,27.468],[92.02,27.47],[92.019,27.472],[92.019,27.473],[92.019,27.474],[92.019,27.475],[92.019,27.477],[92.019,27.478],[92.018,27.479],[92.018,27.48],[92.017,27.481],[92.016,27.48],[92.016,27.48],[92.015,27.479],[92.015,27.479],[92.014,27.479],[92.013,27.479],[92.012,27.479],[92.011,27.479],[92.01,27.479],[92.01,27.478],[92.009,27.478],[92.009,27.477],[92.008,27.477],[92.007,27.477],[92.007,27.476],[92.006,27.476],[92.005,27.477],[92.004,27.477],[92.002,27.478],[92.002,27.478],[92.0,27.479],[91.999,27.479],[91.998,27.479],[91.996,27.479],[91.995,27.479],[91.994,27.478],[91.994,27.478],[91.994,27.478],[91.994,27.477],[91.993,27.476],[91.992,27.475],[91.992,27.474],[91.992,27.472],[91.991,27.471],[91.991,27.47],[91.99,27.469],[91.99,27.468],[91.989,27.467],[91.987,27.467],[91.985,27.467],[91.985,27.466],[91.982,27.465],[91.979,27.463],[91.975,27.465],[91.973,27.467],[91.972,27.466],[91.971,27.466],[91.971,27.465],[91.97,27.464],[91.969,27.464],[91.968,27.463],[91.967,27.463],[91.967,27.463],[91.966,27.463],[91.965,27.463],[91.965,27.463],[91.964,27.463],[91.963,27.462],[91.963,27.461],[91.961,27.46],[91.96,27.46],[91.958,27.46],[91.956,27.46],[91.955,27.461],[91.955,27.46],[91.954,27.46],[91.953,27.46],[91.951,27.46],[91.95,27.46],[91.949,27.461],[91.947,27.461],[91.946,27.462],[91.945,27.461],[91.945,27.46],[91.944,27.46],[91.94,27.462],[91.938,27.463],[91.937,27.465],[91.935,27.466],[91.934,27.465],[91.933,27.465],[91.932,27.465],[91.931,27.466],[91.929,27.467],[91.928,27.469],[91.927,27.47],[91.926,27.472],[91.923,27.474],[91.921,27.473],[91.92,27.473],[91.919,27.472],[91.918,27.472],[91.916,27.472],[91.914,27.472],[91.912,27.472],[91.911,27.471],[91.91,27.472],[91.909,27.473],[91.907,27.472],[91.906,27.472],[91.905,27.471],[91.904,27.471],[91.903,27.471],[91.903,27.471],[91.902,27.471],[91.901,27.471],[91.9,27.471],[91.898,27.471],[91.895,27.471],[91.894,27.472],[91.893,27.472],[91.89,27.474],[91.887,27.475],[91.886,27.474],[91.885,27.475],[91.883,27.475],[91.881,27.474],[91.88,27.474],[91.879,27.473],[91.878,27.472],[91.877,27.472],[91.877,27.471],[91.876,27.471],[91.875,27.47],[91.874,27.47],[91.872,27.471],[91.871,27.472],[91.87,27.472],[91.87,27.473],[91.869,27.474],[91.87,27.475],[91.869,27.477],[91.868,27.479],[91.868,27.48],[91.867,27.48],[91.866,27.481],[91.864,27.481],[91.864,27.483],[91.862,27.485],[91.861,27.484],[91.86,27.484],[91.859,27.483],[91.857,27.482],[91.856,27.482],[91.855,27.482],[91.854,27.483],[91.854,27.484],[91.852,27.485],[91.851,27.486],[91.85,27.486],[91.849,27.486],[91.848,27.486],[91.848,27.485],[91.847,27.484],[91.847,27.484],[91.846,27.483],[91.846,27.483],[91.846,27.482],[91.845,27.481],[91.845,27.481],[91.844,27.48],[91.844,27.478],[91.843,27.477],[91.842,27.476],[91.841,27.476],[91.84,27.475],[91.838,27.474],[91.837,27.473],[91.836,27.472],[91.834,27.472],[91.832,27.472],[91.832,27.471],[91.832,27.471],[91.831,27.47],[91.83,27.469],[91.829,27.469],[91.828,27.468],[91.828,27.468],[91.827,27.468],[91.826,27.468],[91.826,27.468],[91.825,27.468],[91.825,27.468],[91.823,27.47],[91.822,27.47],[91.82,27.472],[91.818,27.472],[91.817,27.473],[91.815,27.474],[91.812,27.474],[91.81,27.474],[91.809,27.474],[91.806,27.476],[91.804,27.475],[91.803,27.474],[91.802,27.472],[91.8,27.473],[91.798,27.474],[91.797,27.472],[91.795,27.471],[91.793,27.47],[91.79,27.47],[91.787,27.47],[91.787,27.469],[91.785,27.469],[91.784,27.468],[91.783,27.467],[91.781,27.466],[91.779,27.466],[91.777,27.465],[91.775,27.465],[91.771,27.465],[91.769,27.465],[91.768,27.465],[91.767,27.466],[91.767,27.466],[91.766,27.467],[91.765,27.468],[91.766,27.47],[91.766,27.472],[91.765,27.474],[91.762,27.474],[91.757,27.475],[91.754,27.475],[91.751,27.475],[91.749,27.474],[91.748,27.472],[91.743,27.471],[91.74,27.47],[91.732,27.469],[91.726,27.471],[91.72,27.472],[91.711,27.476],[91.712,27.484],[91.715,27.49],[91.716,27.496],[91.716,27.498],[91.713,27.498],[91.71,27.498],[91.707,27.498],[91.705,27.499],[91.702,27.5],[91.699,27.502],[91.698,27.504],[91.697,27.505],[91.693,27.505],[91.692,27.504],[91.688,27.503],[91.685,27.5],[91.685,27.498],[91.681,27.493],[91.674,27.493],[91.668,27.491],[91.66,27.485],[91.655,27.484],[91.652,27.484],[91.651,27.488],[91.65,27.49],[91.649,27.493],[91.648,27.497],[91.647,27.499],[91.647,27.501],[91.645,27.501],[91.644,27.503],[91.641,27.504],[91.638,27.505],[91.636,27.505],[91.635,27.507],[91.634,27.508],[91.633,27.511],[91.631,27.511],[91.63,27.512],[91.628,27.513],[91.625,27.513],[91.624,27.513],[91.624,27.516],[91.623,27.518],[91.623,27.519],[91.623,27.522],[91.621,27.523],[91.618,27.526],[91.617,27.528],[91.616,27.53],[91.615,27.531],[91.614,27.532],[91.614,27.534],[91.614,27.535],[91.615,27.537],[91.614,27.539],[91.613,27.541],[91.612,27.542],[91.612,27.544],[91.607,27.543],[91.603,27.542],[91.602,27.541],[91.598,27.542],[91.597,27.541],[91.595,27.542],[91.594,27.542],[91.594,27.544],[91.592,27.546],[91.591,27.548],[91.59,27.55],[91.588,27.553],[91.586,27.554],[91.583,27.556],[91.582,27.558],[91.583,27.561],[91.584,27.564],[91.582,27.567],[91.58,27.57],[91.575,27.572],[91.572,27.575],[91.572,27.578],[91.571,27.58],[91.567,27.582],[91.566,27.584],[91.567,27.586],[91.568,27.589],[91.569,27.592],[91.57,27.595],[91.572,27.597],[91.575,27.599],[91.579,27.602],[91.581,27.604],[91.584,27.607],[91.584,27.609],[91.582,27.611],[91.578,27.615],[91.575,27.618],[91.572,27.62],[91.569,27.622],[91.567,27.624],[91.565,27.627],[91.563,27.63],[91.562,27.632],[91.563,27.634],[91.563,27.637],[91.564,27.641],[91.566,27.644],[91.568,27.647],[91.569,27.649],[91.571,27.652],[91.573,27.657],[91.573,27.66],[91.575,27.662],[91.58,27.662],[91.584,27.664],[91.585,27.666],[91.587,27.667],[91.588,27.667],[91.589,27.668],[91.591,27.668],[91.592,27.669],[91.594,27.67],[91.595,27.67],[91.595,27.671],[91.595,27.671],[91.594,27.672],[91.595,27.674],[91.596,27.676],[91.596,27.678],[91.596,27.679],[91.597,27.681],[91.599,27.681],[91.601,27.681],[91.602,27.682],[91.603,27.683],[91.604,27.683],[91.605,27.685],[91.605,27.686],[91.606,27.688],[91.606,27.689],[91.607,27.689],[91.607,27.69],[91.607,27.69],[91.608,27.691],[91.609,27.691],[91.609,27.691],[91.611,27.691],[91.611,27.692],[91.612,27.692],[91.613,27.692],[91.613,27.692],[91.614,27.693],[91.615,27.693],[91.617,27.693],[91.618,27.693],[91.618,27.693],[91.618,27.693],[91.618,27.693],[91.619,27.694],[91.619,27.694],[91.62,27.694],[91.62,27.694],[91.621,27.694],[91.621,27.695],[91.622,27.695],[91.623,27.695],[91.623,27.695],[91.624,27.696],[91.624,27.696],[91.624,27.696],[91.625,27.697],[91.626,27.697],[91.627,27.698],[91.627,27.698],[91.628,27.698],[91.628,27.699],[91.629,27.7],[91.629,27.701],[91.629,27.702],[91.629,27.703],[91.629,27.705],[91.63,27.706],[91.63,27.707],[91.63,27.708],[91.629,27.71],[91.629,27.712],[91.628,27.714],[91.627,27.715],[91.628,27.716],[91.628,27.716],[91.629,27.716],[91.63,27.716],[91.631,27.716],[91.631,27.717],[91.632,27.717],[91.632,27.717],[91.632,27.717],[91.632,27.718],[91.632,27.719],[91.632,27.72],[91.632,27.72],[91.633,27.721],[91.634,27.722],[91.634,27.722],[91.634,27.722],[91.635,27.724],[91.635,27.724],[91.635,27.725],[91.635,27.726],[91.636,27.727],[91.636,27.728],[91.637,27.729],[91.638,27.73],[91.638,27.731],[91.638,27.733],[91.638,27.734],[91.638,27.735],[91.639,27.735],[91.639,27.736],[91.638,27.737],[91.637,27.739],[91.636,27.741],[91.635,27.742],[91.635,27.746],[91.637,27.748],[91.637,27.749],[91.639,27.75],[91.641,27.752],[91.642,27.753],[91.642,27.755],[91.643,27.756],[91.643,27.757],[91.643,27.759],[91.643,27.761],[91.695,27.761],[91.733,27.761],[91.774,27.761],[91.817,27.761],[91.848,27.761],[91.848,27.76],[91.848,27.76],[91.849,27.76],[91.85,27.76],[91.852,27.759],[91.853,27.757],[91.852,27.756],[91.853,27.754],[91.854,27.754],[91.854,27.753],[91.855,27.752],[91.855,27.752],[91.855,27.751],[91.855,27.75],[91.856,27.749],[91.858,27.748],[91.859,27.747],[91.859,27.746],[91.859,27.745],[91.859,27.743],[91.86,27.741],[91.86,27.74],[91.861,27.739],[91.862,27.738],[91.862,27.737],[91.862,27.736],[91.862,27.736],[91.862,27.735],[91.862,27.735],[91.862,27.735],[91.865,27.734],[91.866,27.733],[91.869,27.732],[91.871,27.731],[91.872,27.729],[91.871,27.727],[91.871,27.725],[91.871,27.724],[91.872,27.723],[91.873,27.722],[91.875,27.722],[91.876,27.722],[91.877,27.721],[91.879,27.721],[91.88,27.721],[91.881,27.721],[91.882,27.722],[91.887,27.721],[91.892,27.723],[91.895,27.723],[91.897,27.724],[91.897,27.726],[91.898,27.727],[91.899,27.728],[91.899,27.729],[91.9,27.729],[91.902,27.729],[91.903,27.729],[91.905,27.728],[91.907,27.727],[91.908,27.727],[91.91,27.726],[91.912,27.726],[91.913,27.725],[91.913,27.724],[91.914,27.723],[91.915,27.722],[91.916,27.721],[91.918,27.719],[91.919,27.719],[91.921,27.718],[91.923,27.718],[91.924,27.717],[91.926,27.717],[91.927,27.719],[91.928,27.721],[91.929,27.721],[91.93,27.721],[91.931,27.722],[91.932,27.722],[91.933,27.722],[91.934,27.722],[91.935,27.723],[91.935,27.724],[91.936,27.725],[91.937,27.726],[91.938,27.726],[91.94,27.726],[91.941,27.726],[91.942,27.726],[91.943,27.727],[91.944,27.728],[91.944,27.727],[91.944,27.728],[91.945,27.728],[91.945,27.729],[91.945,27.729],[91.946,27.73],[91.946,27.731],[91.947,27.732],[91.949,27.732],[91.95,27.732],[91.951,27.733],[91.952,27.733],[91.952,27.734],[91.953,27.735],[91.953,27.736],[91.954,27.737],[91.954,27.737],[91.958,27.737],[91.96,27.737],[91.962,27.738],[91.964,27.738],[91.966,27.74],[91.965,27.742],[91.966,27.744],[91.967,27.745],[91.968,27.746],[91.967,27.748],[91.967,27.749],[91.968,27.75],[91.969,27.751],[91.969,27.752],[91.97,27.753],[91.97,27.753],[91.971,27.754],[91.972,27.754],[91.973,27.755],[91.974,27.755],[91.975,27.756],[91.975,27.757],[91.976,27.757],[91.976,27.758],[91.976,27.759],[91.976,27.76],[91.976,27.761],[91.977,27.762],[91.977,27.763],[91.977,27.764],[91.978,27.767],[91.978,27.769],[91.979,27.771],[91.979,27.772],[91.983,27.777],[91.986,27.778],[91.988,27.779],[91.991,27.78],[91.993,27.781],[91.995,27.782],[91.996,27.782],[91.997,27.781],[91.998,27.781],[92.0,27.78],[92.001,27.781],[92.002,27.782],[92.003,27.784],[92.004,27.783],[92.004,27.782],[92.005,27.782],[92.005,27.781],[92.006,27.78],[92.009,27.78],[92.01,27.781],[92.011,27.781],[92.011,27.782],[92.012,27.781],[92.012,27.781],[92.013,27.78],[92.013,27.779],[92.014,27.778],[92.015,27.778],[92.016,27.778],[92.017,27.777],[92.017,27.777],[92.017,27.777],[92.018,27.777],[92.018,27.777],[92.019,27.777],[92.019,27.777],[92.02,27.777],[92.02,27.777],[92.021,27.777],[92.021,27.778],[92.022,27.778],[92.023,27.778],[92.024,27.778],[92.025,27.778],[92.025,27.778],[92.025,27.777],[92.026,27.777],[92.027,27.777],[92.027,27.777],[92.027,27.777],[92.027,27.777],[92.028,27.777],[92.03,27.778],[92.033,27.779],[92.033,27.778],[92.034,27.777],[92.035,27.776],[92.036,27.776],[92.037,27.776],[92.039,27.776],[92.039,27.776],[92.04,27.777],[92.04,27.777],[92.041,27.777],[92.042,27.778],[92.042,27.779],[92.043,27.78],[92.044,27.78],[92.045,27.78],[92.047,27.78],[92.048,27.781],[92.049,27.781],[92.051,27.78],[92.054,27.78],[92.056,27.78],[92.057,27.78],[92.058,27.781],[92.058,27.782],[92.06,27.787],[92.063,27.79],[92.064,27.788],[92.066,27.789],[92.068,27.79],[92.069,27.79],[92.071,27.79],[92.072,27.791],[92.073,27.791],[92.076,27.792],[92.077,27.793],[92.08,27.793],[92.088,27.794],[92.096,27.798],[92.104,27.802],[92.11,27.803],[92.113,27.805],[92.118,27.81],[92.12,27.811],[92.121,27.812],[92.122,27.813],[92.123,27.814],[92.124,27.814],[92.126,27.815],[92.127,27.816],[92.127,27.817],[92.129,27.82],[92.13,27.822],[92.131,27.823],[92.132,27.824],[92.132,27.826],[92.132,27.826],[92.132,27.826],[92.133,27.827],[92.134,27.827],[92.134,27.828],[92.135,27.83],[92.138,27.831],[92.14,27.831],[92.141,27.832],[92.141,27.832],[92.142,27.833],[92.142,27.835],[92.143,27.835],[92.144,27.835],[92.145,27.835],[92.145,27.834],[92.146,27.834],[92.148,27.833],[92.149,27.831],[92.15,27.831],[92.151,27.832],[92.153,27.831],[92.155,27.83],[92.158,27.831],[92.16,27.831],[92.162,27.832],[92.163,27.832],[92.165,27.833],[92.166,27.834],[92.167,27.836],[92.17,27.839],[92.172,27.841],[92.172,27.843],[92.174,27.847],[92.177,27.847],[92.18,27.847],[92.182,27.847],[92.185,27.848],[92.187,27.847],[92.188,27.849],[92.192,27.855],[92.197,27.857],[92.209,27.863],[92.214,27.865],[92.212,27.871],[92.218,27.874],[92.224,27.876],[92.226,27.878],[92.228,27.88],[92.232,27.88],[92.237,27.884],[92.241,27.887],[92.243,27.888],[92.246,27.887],[92.248,27.885],[92.25,27.884],[92.251,27.883],[92.253,27.882],[92.255,27.882],[92.256,27.88],[92.258,27.883],[92.262,27.885],[92.263,27.885],[92.264,27.886],[92.265,27.887],[92.267,27.887],[92.268,27.886],[92.269,27.885],[92.271,27.885],[92.271,27.885],[92.272,27.885],[92.273,27.884],[92.273,27.884],[92.274,27.884],[92.275,27.883],[92.277,27.882],[92.279,27.881],[92.279,27.88],[92.279,27.88],[92.28,27.88],[92.281,27.88],[92.282,27.879],[92.283,27.878],[92.283,27.878],[92.285,27.877],[92.285,27.876],[92.286,27.876],[92.286,27.876],[92.288,27.875],[92.288,27.875],[92.288,27.875],[92.288,27.875],[92.288,27.875],[92.289,27.874],[92.289,27.874],[92.29,27.874],[92.291,27.873],[92.291,27.873],[92.292,27.873],[92.293,27.873],[92.293,27.871],[92.296,27.862],[92.297,27.833],[92.318,27.812],[92.325,27.797],[92.355,27.805],[92.373,27.81],[92.405,27.82],[92.424,27.835],[92.426,27.815],[92.436,27.805],[92.457,27.799],[92.477,27.826],[92.492,27.842],[92.517,27.85],[92.533,27.866],[92.567,27.878],[92.581,27.889],[92.607,27.917],[92.627,27.91],[92.656,27.92],[92.672,27.945],[92.696,27.961],[92.72,27.97],[92.732,27.986],[92.722,28.006],[92.736,28.041],[92.718,28.062],[92.682,28.069],[92.657,28.085],[92.668,28.119],[92.676,28.147],[92.702,28.156],[92.71,28.164],[92.722,28.164],[92.727,28.16],[92.732,28.157],[92.735,28.156],[92.741,28.155],[92.743,28.158],[92.744,28.16],[92.748,28.162],[92.752,28.162],[92.757,28.161],[92.759,28.161],[92.763,28.161],[92.764,28.162],[92.768,28.164],[92.769,28.165],[92.77,28.165],[92.772,28.166],[92.773,28.168],[92.773,28.17],[92.774,28.17],[92.774,28.171],[92.774,28.173],[92.773,28.175],[92.771,28.177],[92.771,28.179],[92.773,28.181],[92.778,28.184],[92.808,28.181],[92.833,28.175],[92.852,28.186],[92.873,28.195],[92.894,28.202],[92.924,28.203],[92.934,28.22],[92.931,28.243],[92.952,28.262],[92.985,28.272],[93.002,28.294],[93.031,28.3],[93.058,28.305],[93.075,28.324],[93.093,28.334],[93.116,28.345],[93.145,28.365],[93.15,28.368],[93.149,28.371],[93.148,28.374],[93.147,28.378],[93.146,28.38],[93.148,28.381],[93.15,28.383],[93.151,28.385],[93.152,28.386],[93.153,28.388],[93.155,28.393],[93.159,28.398],[93.163,28.401],[93.166,28.41],[93.166,28.419],[93.17,28.427],[93.17,28.434],[93.171,28.438],[93.168,28.447],[93.169,28.456],[93.172,28.46],[93.179,28.475],[93.184,28.48],[93.186,28.481],[93.189,28.482],[93.19,28.484],[93.191,28.485],[93.191,28.487],[93.191,28.488],[93.191,28.489],[93.191,28.49],[93.191,28.49],[93.191,28.491],[93.191,28.492],[93.192,28.493],[93.192,28.494],[93.193,28.494],[93.194,28.494],[93.194,28.494],[93.195,28.494],[93.195,28.493],[93.197,28.494],[93.199,28.495],[93.2,28.494],[93.201,28.494],[93.202,28.496],[93.202,28.497],[93.203,28.497],[93.204,28.498],[93.205,28.5],[93.224,28.519],[93.248,28.544],[93.275,28.559],[93.305,28.574],[93.338,28.587],[93.357,28.592],[93.374,28.603],[93.405,28.639],[93.426,28.662],[93.429,28.662],[93.434,28.663],[93.44,28.664],[93.443,28.666],[93.446,28.667],[93.45,28.669],[93.456,28.669],[93.46,28.669],[93.463,28.67],[93.465,28.672],[93.472,28.671],[93.478,28.673],[93.484,28.673],[93.492,28.671],[93.503,28.668],[93.511,28.667],[93.52,28.671],[93.523,28.673],[93.527,28.674],[93.531,28.674],[93.536,28.673],[93.546,28.674],[93.555,28.675],[93.561,28.676],[93.566,28.675],[93.572,28.675],[93.579,28.677],[93.583,28.678],[93.589,28.679],[93.593,28.68],[93.599,28.682],[93.607,28.683],[93.612,28.683],[93.619,28.684],[93.622,28.685],[93.628,28.679],[93.643,28.657],[93.671,28.669],[93.694,28.674],[93.716,28.666],[93.734,28.684],[93.766,28.704],[93.786,28.728],[93.804,28.736],[93.829,28.742],[93.86,28.742],[93.897,28.757],[93.918,28.743],[93.915,28.775],[93.943,28.795],[93.967,28.815],[93.986,28.802],[94.005,28.792],[94.019,28.828],[94.028,28.853],[94.058,28.859],[94.068,28.876],[94.099,28.884],[94.136,28.89],[94.17,28.909],[94.168,28.927],[94.197,28.935],[94.231,28.928],[94.262,28.934],[94.274,28.968],[94.305,28.989],[94.322,28.993],[94.352,29.013],[94.364,29.03],[94.337,29.037],[94.326,29.048],[94.32,29.061],[94.315,29.072],[94.306,29.081],[94.277,29.094],[94.287,29.12],[94.295,29.14],[94.318,29.156],[94.332,29.155],[94.349,29.152],[94.366,29.152],[94.385,29.16],[94.393,29.185],[94.421,29.181],[94.452,29.189],[94.457,29.213],[94.475,29.21],[94.5,29.214],[94.511,29.231],[94.547,29.225],[94.56,29.237],[94.572,29.247],[94.577,29.258],[94.589,29.27],[94.598,29.275],[94.62,29.286],[94.632,29.296],[94.656,29.306],[94.666,29.305],[94.691,29.318],[94.704,29.308],[94.714,29.294],[94.729,29.289],[94.738,29.271],[94.749,29.251],[94.75,29.235],[94.775,29.217],[94.794,29.218],[94.801,29.206],[94.801,29.174],[94.822,29.172],[94.83,29.175],[94.84,29.178],[94.852,29.183],[94.884,29.179],[94.9,29.174],[94.907,29.167],[94.921,29.157],[94.94,29.161],[94.965,29.159],[94.987,29.149],[95.003,29.131],[95.02,29.127],[95.018,29.132],[95.013,29.149],[95.003,29.16],[94.995,29.169],[94.987,29.173],[95.0,29.172],[95.005,29.167],[95.03,29.156],[95.055,29.153],[95.085,29.143],[95.099,29.134],[95.119,29.112],[95.102,29.097],[95.13,29.098],[95.144,29.09],[95.167,29.098],[95.187,29.102],[95.204,29.106],[95.218,29.105],[95.237,29.086],[95.259,29.08],[95.271,29.073],[95.272,29.103],[95.278,29.114],[95.289,29.123],[95.312,29.139],[95.339,29.137],[95.385,29.136],[95.406,29.125],[95.415,29.148],[95.421,29.17],[95.434,29.193],[95.447,29.179],[95.449,29.161],[95.458,29.137],[95.487,29.137],[95.51,29.132],[95.513,29.158],[95.506,29.175],[95.508,29.195],[95.541,29.195],[95.557,29.192],[95.561,29.188],[95.565,29.185],[95.571,29.182],[95.573,29.18],[95.576,29.18],[95.578,29.181],[95.579,29.182],[95.582,29.183],[95.584,29.183],[95.585,29.185],[95.588,29.188],[95.59,29.188],[95.598,29.203],[95.597,29.226],[95.625,29.23],[95.648,29.21],[95.664,29.224],[95.702,29.219],[95.722,29.216],[95.738,29.227],[95.735,29.249],[95.746,29.267],[95.746,29.291],[95.757,29.323],[95.786,29.329],[95.808,29.344],[95.838,29.352],[95.837,29.333],[95.85,29.317],[95.877,29.315],[95.893,29.331],[95.922,29.342],[95.942,29.366],[95.971,29.373],[95.991,29.367],[96.024,29.366],[96.058,29.381],[96.076,29.369],[96.106,29.359],[96.132,29.348],[96.142,29.339],[96.144,29.33],[96.143,29.322],[96.143,29.315],[96.15,29.308],[96.151,29.302],[96.152,29.297],[96.157,29.295],[96.162,29.294],[96.167,29.295],[96.17,29.295],[96.172,29.292],[96.172,29.289],[96.175,29.287],[96.176,29.284],[96.18,29.282],[96.183,29.28],[96.184,29.275],[96.19,29.27],[96.195,29.266],[96.201,29.265],[96.204,29.265],[96.209,29.266],[96.214,29.266],[96.22,29.264],[96.223,29.261],[96.224,29.257],[96.229,29.256],[96.234,29.254],[96.236,29.252],[96.241,29.25],[96.245,29.249],[96.25,29.249],[96.256,29.248],[96.264,29.246],[96.265,29.243],[96.263,29.239],[96.263,29.236],[96.261,29.233],[96.261,29.232],[96.262,29.23],[96.263,29.227],[96.264,29.225],[96.264,29.223],[96.265,29.222],[96.261,29.219],[96.265,29.216],[96.27,29.211],[96.278,29.209],[96.283,29.21],[96.285,29.209],[96.287,29.209],[96.284,29.203],[96.294,29.198],[96.298,29.196],[96.298,29.193],[96.303,29.192],[96.302,29.19],[96.305,29.185],[96.305,29.18],[96.304,29.178],[96.301,29.171],[96.298,29.159],[96.299,29.152],[96.297,29.148],[96.295,29.145],[96.289,29.134],[96.279,29.126],[96.259,29.117],[96.246,29.111],[96.223,29.113],[96.211,29.112],[96.209,29.109],[96.208,29.106],[96.204,29.102],[96.201,29.1],[96.202,29.096],[96.207,29.091],[96.21,29.08],[96.215,29.074],[96.21,29.066],[96.205,29.058],[96.195,29.051],[96.185,29.046],[96.19,29.036],[96.201,29.035],[96.207,29.033],[96.21,29.039],[96.212,29.048],[96.224,29.054],[96.229,29.058],[96.231,29.062],[96.234,29.064],[96.238,29.07],[96.237,29.073],[96.239,29.077],[96.242,29.08],[96.242,29.082],[96.244,29.087],[96.245,29.088],[96.251,29.087],[96.256,29.084],[96.257,29.083],[96.261,29.087],[96.265,29.093],[96.272,29.096],[96.273,29.097],[96.274,29.098],[96.278,29.098],[96.281,29.099],[96.285,29.098],[96.288,29.099],[96.292,29.098],[96.295,29.097],[96.296,29.099],[96.299,29.099],[96.302,29.104],[96.305,29.108],[96.307,29.114],[96.313,29.115],[96.316,29.117],[96.326,29.115],[96.33,29.113],[96.332,29.111],[96.332,29.109],[96.332,29.107],[96.333,29.106],[96.333,29.105],[96.333,29.104],[96.335,29.104],[96.336,29.104],[96.337,29.103],[96.339,29.102],[96.339,29.1],[96.34,29.098],[96.342,29.097],[96.344,29.095],[96.345,29.093],[96.346,29.09],[96.35,29.086],[96.35,29.082],[96.353,29.082],[96.353,29.082],[96.355,29.082],[96.356,29.081],[96.358,29.082],[96.361,29.08],[96.363,29.08],[96.366,29.081],[96.366,29.08],[96.366,29.079],[96.366,29.078],[96.366,29.075],[96.367,29.074],[96.368,29.073],[96.367,29.071],[96.366,29.07],[96.365,29.069],[96.366,29.068],[96.365,29.067],[96.365,29.066],[96.366,29.065],[96.365,29.065],[96.365,29.064],[96.365,29.063],[96.364,29.062],[96.364,29.061],[96.364,29.059],[96.364,29.058],[96.363,29.055],[96.363,29.053],[96.363,29.052],[96.362,29.051],[96.362,29.05],[96.363,29.049],[96.362,29.047],[96.362,29.047],[96.362,29.046],[96.363,29.045],[96.364,29.043],[96.364,29.042],[96.366,29.041],[96.368,29.041],[96.368,29.04],[96.369,29.039],[96.37,29.039],[96.371,29.038],[96.373,29.037],[96.374,29.036],[96.376,29.035],[96.376,29.035],[96.377,29.034],[96.378,29.034],[96.378,29.034],[96.379,29.033],[96.38,29.033],[96.381,29.033],[96.381,29.033],[96.382,29.033],[96.382,29.033],[96.384,29.033],[96.385,29.033],[96.387,29.033],[96.388,29.033],[96.389,29.033],[96.39,29.033],[96.39,29.033],[96.391,29.033],[96.392,29.033],[96.393,29.033],[96.393,29.032],[96.394,29.032],[96.395,29.031],[96.398,29.031],[96.401,29.03],[96.402,29.029],[96.403,29.028],[96.404,29.028],[96.406,29.027],[96.407,29.026],[96.408,29.026],[96.409,29.025],[96.411,29.025],[96.413,29.024],[96.415,29.023],[96.416,29.022],[96.417,29.021],[96.418,29.02],[96.419,29.02],[96.419,29.019],[96.419,29.018],[96.419,29.018],[96.42,29.017],[96.42,29.017],[96.421,29.017],[96.421,29.017],[96.421,29.016],[96.422,29.016],[96.422,29.015],[96.423,29.015],[96.424,29.014],[96.425,29.014],[96.427,29.013],[96.429,29.013],[96.43,29.012],[96.431,29.011],[96.432,29.011],[96.433,29.011],[96.433,29.01],[96.434,29.01],[96.434,29.009],[96.434,29.008],[96.435,29.006],[96.435,29.006],[96.436,29.005],[96.437,29.004],[96.437,29.003],[96.439,29.002],[96.439,29.001],[96.44,29.0],[96.441,28.999],[96.442,28.998],[96.442,28.997],[96.443,28.996],[96.444,28.995],[96.444,28.994],[96.444,28.993],[96.443,28.992],[96.443,28.991],[96.443,28.99],[96.443,28.989],[96.443,28.989],[96.442,28.988],[96.44,28.988],[96.439,28.988],[96.439,28.987],[96.439,28.986],[96.44,28.985],[96.439,28.983],[96.438,28.982],[96.438,28.981],[96.437,28.98],[96.437,28.979],[96.437,28.979],[96.437,28.978],[96.437,28.977],[96.437,28.976],[96.436,28.974],[96.436,28.973],[96.436,28.971],[96.436,28.971],[96.437,28.969],[96.437,28.968],[96.437,28.968],[96.438,28.966],[96.439,28.965],[96.439,28.964],[96.439,28.963],[96.439,28.962],[96.439,28.961],[96.439,28.96],[96.44,28.958],[96.442,28.957],[96.443,28.956],[96.443,28.955],[96.443,28.954],[96.443,28.954],[96.444,28.953],[96.444,28.952],[96.445,28.952],[96.445,28.952],[96.445,28.951],[96.445,28.951],[96.445,28.95],[96.446,28.949],[96.446,28.949],[96.447,28.949],[96.447,28.949],[96.447,28.949],[96.448,28.948],[96.448,28.948],[96.448,28.947],[96.447,28.946],[96.447,28.945],[96.447,28.944],[96.447,28.943],[96.447,28.943],[96.447,28.942],[96.448,28.941],[96.448,28.94],[96.449,28.94],[96.45,28.939],[96.451,28.939],[96.452,28.938],[96.452,28.939],[96.453,28.939],[96.453,28.938],[96.453,28.937],[96.454,28.937],[96.455,28.937],[96.456,28.937],[96.457,28.937],[96.458,28.937],[96.459,28.936],[96.46,28.936],[96.461,28.936],[96.461,28.936],[96.461,28.935],[96.462,28.935],[96.463,28.935],[96.463,28.934],[96.463,28.934],[96.463,28.934],[96.464,28.934],[96.464,28.933],[96.465,28.933],[96.465,28.933],[96.466,28.933],[96.467,28.933],[96.467,28.934],[96.468,28.935],[96.469,28.935],[96.469,28.935],[96.47,28.937],[96.471,28.937],[96.473,28.938],[96.474,28.938],[96.475,28.939],[96.476,28.939],[96.477,28.94],[96.479,28.94],[96.479,28.94],[96.48,28.94],[96.48,28.941],[96.48,28.941],[96.48,28.941],[96.481,28.941],[96.481,28.941],[96.481,28.942],[96.482,28.942],[96.483,28.941],[96.485,28.941],[96.487,28.941],[96.49,28.941],[96.492,28.942],[96.493,28.942],[96.494,28.943],[96.495,28.943],[96.496,28.944],[96.497,28.945],[96.498,28.946],[96.498,28.946],[96.5,28.948],[96.501,28.948],[96.502,28.948],[96.503,28.948],[96.504,28.949],[96.506,28.948],[96.508,28.947],[96.51,28.947],[96.51,28.946],[96.512,28.946],[96.514,28.945],[96.514,28.944],[96.515,28.944],[96.515,28.943],[96.516,28.942],[96.517,28.941],[96.518,28.941],[96.518,28.94],[96.52,28.939],[96.522,28.939],[96.522,28.938],[96.523,28.937],[96.523,28.937],[96.523,28.935],[96.524,28.934],[96.524,28.934],[96.525,28.933],[96.526,28.931],[96.525,28.929],[96.526,28.928],[96.526,28.926],[96.526,28.923],[96.526,28.922],[96.527,28.92],[96.527,28.919],[96.528,28.918],[96.529,28.917],[96.527,28.916],[96.526,28.916],[96.526,28.915],[96.525,28.914],[96.524,28.913],[96.523,28.912],[96.522,28.912],[96.521,28.912],[96.52,28.911],[96.52,28.911],[96.519,28.91],[96.518,28.91],[96.518,28.91],[96.517,28.909],[96.517,28.908],[96.517,28.907],[96.517,28.906],[96.517,28.904],[96.517,28.904],[96.518,28.903],[96.518,28.902],[96.518,28.901],[96.518,28.9],[96.518,28.9],[96.518,28.899],[96.518,28.897],[96.518,28.896],[96.519,28.895],[96.519,28.894],[96.519,28.892],[96.52,28.892],[96.52,28.891],[96.52,28.89],[96.52,28.89],[96.52,28.888],[96.521,28.887],[96.521,28.887],[96.521,28.887],[96.521,28.887],[96.522,28.886],[96.523,28.886],[96.524,28.885],[96.525,28.884],[96.525,28.884],[96.525,28.883],[96.526,28.881],[96.527,28.88],[96.526,28.88],[96.525,28.879],[96.525,28.878],[96.524,28.877],[96.524,28.876],[96.524,28.875],[96.524,28.875],[96.524,28.875],[96.523,28.873],[96.523,28.873],[96.522,28.872],[96.522,28.871],[96.522,28.87],[96.521,28.869],[96.522,28.868],[96.522,28.866],[96.522,28.865],[96.523,28.865],[96.523,28.864],[96.523,28.863],[96.523,28.863],[96.523,28.862],[96.523,28.862],[96.524,28.862],[96.526,28.862],[96.527,28.862],[96.528,28.861],[96.529,28.861],[96.53,28.86],[96.531,28.86],[96.531,28.858],[96.532,28.858],[96.533,28.857],[96.533,28.855],[96.534,28.854],[96.534,28.853],[96.535,28.852],[96.535,28.852],[96.536,28.851],[96.537,28.851],[96.538,28.85],[96.539,28.85],[96.54,28.849],[96.542,28.849],[96.543,28.849],[96.545,28.849],[96.546,28.849],[96.546,28.849],[96.547,28.849],[96.547,28.85],[96.548,28.85],[96.549,28.85],[96.549,28.85],[96.55,28.85],[96.55,28.849],[96.551,28.849],[96.551,28.848],[96.551,28.847],[96.552,28.846],[96.552,28.845],[96.551,28.844],[96.553,28.844],[96.553,28.842],[96.554,28.841],[96.554,28.84],[96.555,28.84],[96.555,28.839],[96.555,28.838],[96.556,28.836],[96.557,28.835],[96.558,28.834],[96.56,28.833],[96.56,28.833],[96.562,28.832],[96.562,28.831],[96.563,28.83],[96.563,28.83],[96.564,28.83],[96.565,28.828],[96.565,28.828],[96.566,28.827],[96.566,28.827],[96.567,28.826],[96.568,28.826],[96.568,28.825],[96.569,28.825],[96.57,28.824],[96.57,28.824],[96.571,28.823],[96.572,28.823],[96.573,28.823],[96.574,28.822],[96.575,28.822],[96.576,28.821],[96.577,28.82],[96.578,28.82],[96.579,28.82],[96.579,28.82],[96.58,28.82],[96.581,28.82],[96.581,28.82],[96.582,28.819],[96.583,28.82],[96.583,28.82],[96.583,28.819],[96.584,28.82],[96.585,28.82],[96.585,28.82],[96.586,28.82],[96.586,28.82],[96.587,28.82],[96.587,28.82],[96.587,28.82],[96.588,28.82],[96.588,28.82],[96.588,28.82],[96.589,28.82],[96.589,28.819],[96.589,28.819],[96.589,28.819],[96.589,28.819],[96.59,28.819],[96.589,28.818],[96.589,28.817],[96.588,28.817],[96.588,28.816],[96.587,28.815],[96.585,28.814],[96.584,28.813],[96.581,28.81],[96.579,28.808],[96.579,28.806],[96.578,28.805],[96.577,28.803],[96.577,28.802],[96.578,28.801],[96.578,28.801],[96.578,28.8],[96.577,28.799],[96.577,28.798],[96.577,28.798],[96.577,28.797],[96.577,28.797],[96.577,28.796],[96.576,28.795],[96.575,28.795],[96.575,28.793],[96.573,28.793],[96.573,28.792],[96.572,28.791],[96.573,28.788],[96.573,28.787],[96.573,28.786],[96.573,28.785],[96.573,28.785],[96.573,28.784],[96.574,28.783],[96.574,28.783],[96.576,28.782],[96.577,28.781],[96.578,28.78],[96.579,28.78],[96.581,28.779],[96.582,28.779],[96.584,28.78],[96.585,28.78],[96.586,28.781],[96.588,28.781],[96.59,28.782],[96.591,28.782],[96.592,28.782],[96.593,28.782],[96.595,28.781],[96.596,28.781],[96.598,28.782],[96.599,28.782],[96.6,28.781],[96.601,28.781],[96.602,28.781],[96.603,28.781],[96.603,28.78],[96.603,28.779],[96.603,28.777],[96.603,28.775],[96.604,28.773],[96.604,28.771],[96.604,28.769],[96.604,28.766],[96.604,28.761],[96.604,28.758],[96.606,28.756],[96.607,28.755],[96.609,28.753],[96.609,28.752],[96.609,28.752],[96.61,28.751],[96.611,28.75],[96.612,28.748],[96.612,28.747],[96.613,28.746],[96.614,28.745],[96.614,28.744],[96.613,28.743],[96.614,28.742],[96.615,28.741],[96.615,28.741],[96.616,28.74],[96.617,28.739],[96.618,28.739],[96.619,28.738],[96.62,28.738],[96.62,28.738],[96.621,28.738],[96.622,28.737],[96.623,28.736],[96.623,28.736],[96.624,28.736],[96.624,28.735],[96.625,28.735],[96.625,28.735],[96.626,28.735],[96.626,28.735],[96.626,28.735],[96.626,28.735],[96.627,28.735],[96.627,28.735],[96.627,28.735],[96.628,28.735],[96.628,28.735],[96.629,28.735],[96.629,28.735],[96.63,28.735],[96.63,28.735],[96.631,28.734],[96.632,28.734],[96.632,28.733],[96.631,28.731],[96.631,28.729],[96.631,28.726],[96.631,28.724],[96.632,28.721],[96.632,28.718],[96.632,28.716],[96.631,28.714],[96.631,28.713],[96.63,28.712],[96.63,28.711],[96.629,28.711],[96.629,28.711],[96.629,28.71],[96.629,28.71],[96.629,28.708],[96.629,28.707],[96.629,28.706],[96.629,28.704],[96.629,28.703],[96.63,28.701],[96.63,28.701],[96.63,28.7],[96.631,28.7],[96.632,28.7],[96.632,28.7],[96.634,28.699],[96.635,28.699],[96.636,28.699],[96.637,28.698],[96.638,28.698],[96.638,28.698],[96.639,28.697],[96.64,28.696],[96.641,28.695],[96.642,28.694],[96.642,28.694],[96.643,28.694],[96.644,28.693],[96.645,28.692],[96.645,28.692],[96.646,28.692],[96.647,28.691],[96.646,28.69],[96.645,28.689],[96.645,28.689],[96.645,28.688],[96.645,28.688],[96.645,28.687],[96.644,28.686],[96.644,28.685],[96.644,28.684],[96.644,28.683],[96.643,28.683],[96.643,28.682],[96.642,28.681],[96.641,28.681],[96.641,28.68],[96.641,28.68],[96.64,28.679],[96.64,28.679],[96.639,28.679],[96.638,28.679],[96.638,28.679],[96.637,28.679],[96.636,28.679],[96.636,28.679],[96.635,28.679],[96.634,28.68],[96.634,28.68],[96.633,28.68],[96.632,28.68],[96.632,28.679],[96.631,28.678],[96.631,28.677],[96.629,28.676],[96.628,28.676],[96.628,28.675],[96.627,28.675],[96.626,28.674],[96.624,28.674],[96.619,28.675],[96.618,28.675],[96.616,28.676],[96.615,28.675],[96.615,28.675],[96.615,28.675],[96.614,28.675],[96.614,28.675],[96.613,28.675],[96.612,28.675],[96.611,28.675],[96.611,28.675],[96.61,28.674],[96.609,28.675],[96.609,28.675],[96.608,28.675],[96.608,28.675],[96.607,28.675],[96.605,28.674],[96.604,28.673],[96.603,28.674],[96.602,28.674],[96.601,28.675],[96.6,28.676],[96.599,28.677],[96.598,28.678],[96.598,28.678],[96.598,28.679],[96.597,28.679],[96.597,28.679],[96.596,28.679],[96.596,28.68],[96.594,28.682],[96.593,28.682],[96.593,28.683],[96.592,28.683],[96.591,28.682],[96.59,28.682],[96.588,28.683],[96.587,28.683],[96.586,28.683],[96.584,28.683],[96.583,28.683],[96.581,28.683],[96.579,28.683],[96.578,28.683],[96.578,28.683],[96.577,28.683],[96.577,28.684],[96.576,28.686],[96.576,28.688],[96.576,28.69],[96.575,28.691],[96.574,28.691],[96.572,28.692],[96.57,28.693],[96.569,28.694],[96.568,28.695],[96.567,28.696],[96.566,28.696],[96.565,28.697],[96.565,28.697],[96.564,28.698],[96.563,28.698],[96.562,28.698],[96.562,28.698],[96.562,28.697],[96.561,28.695],[96.561,28.694],[96.56,28.693],[96.559,28.691],[96.559,28.69],[96.558,28.689],[96.558,28.688],[96.557,28.688],[96.557,28.687],[96.557,28.687],[96.557,28.687],[96.556,28.686],[96.556,28.686],[96.555,28.686],[96.555,28.686],[96.555,28.686],[96.554,28.686],[96.554,28.686],[96.554,28.686],[96.553,28.686],[96.553,28.686],[96.552,28.686],[96.552,28.686],[96.552,28.686],[96.551,28.686],[96.55,28.686],[96.55,28.686],[96.55,28.686],[96.549,28.686],[96.548,28.687],[96.547,28.687],[96.547,28.687],[96.547,28.687],[96.546,28.687],[96.545,28.687],[96.545,28.687],[96.544,28.687],[96.544,28.686],[96.543,28.685],[96.543,28.684],[96.541,28.682],[96.54,28.681],[96.539,28.68],[96.538,28.679],[96.538,28.678],[96.537,28.677],[96.538,28.676],[96.538,28.676],[96.539,28.676],[96.539,28.675],[96.54,28.674],[96.54,28.673],[96.54,28.673],[96.541,28.672],[96.542,28.672],[96.542,28.671],[96.542,28.671],[96.543,28.67],[96.543,28.67],[96.543,28.669],[96.543,28.669],[96.544,28.669],[96.544,28.669],[96.544,28.668],[96.545,28.668],[96.545,28.668],[96.544,28.667],[96.544,28.666],[96.544,28.665],[96.546,28.664],[96.546,28.663],[96.546,28.662],[96.545,28.662],[96.544,28.662],[96.544,28.662],[96.543,28.661],[96.543,28.661],[96.542,28.661],[96.542,28.66],[96.542,28.659],[96.542,28.657],[96.542,28.657],[96.543,28.656],[96.543,28.655],[96.543,28.655],[96.543,28.654],[96.543,28.653],[96.543,28.653],[96.543,28.653],[96.543,28.652],[96.544,28.651],[96.544,28.651],[96.543,28.651],[96.543,28.651],[96.542,28.65],[96.542,28.65],[96.541,28.651],[96.541,28.65],[96.541,28.65],[96.54,28.65],[96.539,28.65],[96.538,28.65],[96.538,28.65],[96.537,28.65],[96.537,28.65],[96.536,28.65],[96.536,28.65],[96.535,28.65],[96.535,28.65],[96.535,28.65],[96.535,28.65],[96.534,28.65],[96.534,28.65],[96.534,28.65],[96.533,28.649],[96.533,28.648],[96.532,28.648],[96.531,28.648],[96.53,28.647],[96.529,28.646],[96.528,28.646],[96.527,28.645],[96.527,28.644],[96.526,28.643],[96.526,28.643],[96.525,28.642],[96.524,28.641],[96.525,28.64],[96.526,28.64],[96.527,28.64],[96.527,28.639],[96.527,28.639],[96.527,28.638],[96.528,28.638],[96.528,28.638],[96.528,28.637],[96.528,28.637],[96.527,28.636],[96.527,28.635],[96.527,28.635],[96.528,28.634],[96.529,28.633],[96.528,28.632],[96.527,28.631],[96.526,28.63],[96.526,28.629],[96.526,28.628],[96.526,28.627],[96.526,28.626],[96.527,28.625],[96.527,28.624],[96.527,28.624],[96.528,28.623],[96.528,28.623],[96.528,28.622],[96.528,28.621],[96.528,28.62],[96.528,28.62],[96.527,28.619],[96.526,28.618],[96.525,28.617],[96.524,28.617],[96.523,28.617],[96.522,28.617],[96.521,28.617],[96.52,28.617],[96.52,28.617],[96.519,28.617],[96.519,28.617],[96.518,28.616],[96.517,28.616],[96.516,28.616],[96.515,28.615],[96.514,28.614],[96.514,28.614],[96.513,28.613],[96.512,28.613],[96.512,28.613],[96.512,28.612],[96.512,28.612],[96.511,28.612],[96.511,28.611],[96.511,28.611],[96.511,28.611],[96.51,28.61],[96.51,28.609],[96.511,28.609],[96.511,28.608],[96.511,28.607],[96.511,28.607],[96.512,28.606],[96.512,28.606],[96.512,28.606],[96.513,28.606],[96.513,28.605],[96.513,28.605],[96.513,28.605],[96.513,28.604],[96.512,28.604],[96.512,28.604],[96.512,28.603],[96.513,28.603],[96.513,28.603],[96.513,28.603],[96.513,28.602],[96.513,28.602],[96.514,28.601],[96.514,28.601],[96.515,28.601],[96.515,28.6],[96.515,28.598],[96.516,28.598],[96.517,28.597],[96.517,28.596],[96.518,28.595],[96.518,28.594],[96.518,28.593],[96.518,28.591],[96.517,28.589],[96.517,28.588],[96.516,28.587],[96.515,28.585],[96.515,28.585],[96.515,28.584],[96.514,28.583],[96.514,28.582],[96.512,28.582],[96.512,28.582],[96.511,28.582],[96.511,28.582],[96.51,28.582],[96.509,28.582],[96.509,28.582],[96.509,28.582],[96.508,28.582],[96.508,28.581],[96.507,28.581],[96.507,28.581],[96.507,28.581],[96.506,28.581],[96.506,28.581],[96.505,28.581],[96.505,28.581],[96.504,28.581],[96.503,28.582],[96.503,28.582],[96.503,28.583],[96.502,28.583],[96.502,28.583],[96.501,28.583],[96.501,28.583],[96.5,28.584],[96.5,28.584],[96.5,28.584],[96.499,28.584],[96.499,28.584],[96.499,28.584],[96.499,28.584],[96.498,28.584],[96.498,28.584],[96.498,28.584],[96.498,28.584],[96.497,28.584],[96.497,28.584],[96.496,28.585],[96.496,28.585],[96.496,28.585],[96.495,28.585],[96.495,28.585],[96.494,28.585],[96.494,28.585],[96.494,28.585],[96.493,28.585],[96.493,28.584],[96.493,28.584],[96.492,28.584],[96.492,28.584],[96.492,28.584],[96.492,28.584],[96.491,28.584],[96.491,28.584],[96.491,28.584],[96.49,28.584],[96.49,28.584],[96.49,28.584],[96.489,28.584],[96.489,28.583],[96.488,28.583],[96.488,28.582],[96.488,28.582],[96.487,28.582],[96.487,28.581],[96.487,28.58],[96.487,28.579],[96.486,28.579],[96.485,28.579],[96.485,28.578],[96.485,28.577],[96.484,28.576],[96.482,28.575],[96.48,28.575],[96.479,28.575],[96.478,28.574],[96.477,28.574],[96.477,28.573],[96.476,28.573],[96.475,28.573],[96.475,28.573],[96.476,28.571],[96.476,28.571],[96.476,28.57],[96.477,28.569],[96.478,28.567],[96.479,28.566],[96.481,28.564],[96.481,28.558],[96.477,28.553],[96.471,28.549],[96.466,28.547],[96.464,28.546],[96.463,28.546],[96.464,28.544],[96.465,28.542],[96.467,28.537],[96.467,28.527],[96.466,28.523],[96.461,28.523],[96.454,28.523],[96.449,28.52],[96.444,28.518],[96.433,28.519],[96.431,28.519],[96.424,28.521],[96.418,28.524],[96.415,28.525],[96.413,28.524],[96.41,28.524],[96.408,28.523],[96.408,28.516],[96.409,28.513],[96.41,28.511],[96.409,28.51],[96.406,28.508],[96.407,28.505],[96.416,28.505],[96.424,28.511],[96.433,28.509],[96.442,28.5],[96.45,28.488],[96.456,28.486],[96.46,28.49],[96.462,28.493],[96.468,28.493],[96.472,28.495],[96.476,28.494],[96.476,28.49],[96.477,28.487],[96.479,28.481],[96.48,28.478],[96.483,28.476],[96.485,28.473],[96.486,28.471],[96.488,28.465],[96.489,28.462],[96.49,28.457],[96.49,28.453],[96.49,28.449],[96.491,28.44],[96.492,28.431],[96.495,28.431],[96.497,28.43],[96.498,28.429],[96.502,28.432],[96.506,28.44],[96.511,28.447],[96.512,28.45],[96.511,28.456],[96.509,28.46],[96.51,28.466],[96.506,28.473],[96.503,28.479],[96.504,28.483],[96.506,28.486],[96.504,28.489],[96.498,28.494],[96.498,28.497],[96.503,28.5],[96.506,28.504],[96.506,28.505],[96.507,28.507],[96.507,28.513],[96.507,28.517],[96.508,28.52],[96.505,28.522],[96.501,28.526],[96.497,28.529],[96.495,28.534],[96.493,28.538],[96.493,28.541],[96.497,28.544],[96.504,28.547],[96.509,28.549],[96.509,28.55],[96.51,28.551],[96.511,28.552],[96.513,28.553],[96.514,28.554],[96.515,28.555],[96.517,28.556],[96.519,28.557],[96.522,28.557],[96.523,28.558],[96.525,28.557],[96.526,28.558],[96.529,28.558],[96.53,28.558],[96.532,28.559],[96.533,28.56],[96.534,28.56],[96.536,28.561],[96.537,28.561],[96.539,28.561],[96.54,28.561],[96.542,28.561],[96.543,28.561],[96.545,28.561],[96.546,28.562],[96.548,28.561],[96.549,28.561],[96.55,28.562],[96.552,28.563],[96.553,28.566],[96.554,28.571],[96.556,28.577],[96.559,28.581],[96.562,28.583],[96.569,28.584],[96.572,28.585],[96.573,28.587],[96.574,28.59],[96.574,28.591],[96.577,28.591],[96.586,28.595],[96.593,28.599],[96.595,28.6],[96.597,28.603],[96.6,28.605],[96.599,28.607],[96.599,28.61],[96.604,28.613],[96.609,28.615],[96.612,28.618],[96.615,28.621],[96.623,28.621],[96.628,28.621],[96.629,28.622],[96.631,28.622],[96.632,28.622],[96.632,28.623],[96.633,28.623],[96.634,28.623],[96.635,28.622],[96.637,28.621],[96.638,28.62],[96.639,28.62],[96.64,28.619],[96.641,28.619],[96.641,28.619],[96.642,28.619],[96.643,28.619],[96.644,28.619],[96.645,28.619],[96.645,28.619],[96.646,28.619],[96.646,28.619],[96.647,28.619],[96.648,28.618],[96.649,28.618],[96.651,28.617],[96.651,28.615],[96.651,28.615],[96.651,28.614],[96.651,28.613],[96.651,28.613],[96.652,28.613],[96.653,28.613],[96.654,28.612],[96.655,28.612],[96.656,28.611],[96.657,28.611],[96.658,28.61],[96.659,28.609],[96.659,28.609],[96.66,28.608],[96.661,28.607],[96.662,28.606],[96.662,28.605],[96.663,28.603],[96.663,28.603],[96.664,28.602],[96.665,28.602],[96.665,28.601],[96.666,28.6],[96.667,28.6],[96.667,28.6],[96.668,28.6],[96.669,28.599],[96.67,28.599],[96.671,28.598],[96.671,28.598],[96.672,28.598],[96.673,28.597],[96.675,28.597],[96.675,28.596],[96.676,28.595],[96.677,28.594],[96.677,28.594],[96.678,28.594],[96.679,28.593],[96.681,28.593],[96.682,28.593],[96.683,28.593],[96.684,28.592],[96.687,28.59],[96.688,28.59],[96.69,28.591],[96.691,28.593],[96.694,28.593],[96.697,28.594],[96.701,28.596],[96.704,28.598],[96.704,28.599],[96.706,28.602],[96.707,28.604],[96.707,28.605],[96.709,28.606],[96.709,28.609],[96.71,28.61],[96.711,28.611],[96.712,28.611],[96.713,28.61],[96.715,28.609],[96.717,28.608],[96.718,28.607],[96.719,28.606],[96.719,28.603],[96.719,28.603],[96.719,28.601],[96.718,28.598],[96.718,28.597],[96.718,28.595],[96.718,28.593],[96.718,28.592],[96.718,28.59],[96.719,28.589],[96.72,28.587],[96.72,28.586],[96.721,28.584],[96.721,28.583],[96.722,28.582],[96.722,28.581],[96.722,28.58],[96.722,28.579],[96.723,28.578],[96.724,28.578],[96.724,28.578],[96.725,28.578],[96.725,28.578],[96.726,28.578],[96.727,28.577],[96.728,28.577],[96.729,28.577],[96.729,28.577],[96.73,28.576],[96.732,28.576],[96.733,28.575],[96.734,28.575],[96.736,28.575],[96.737,28.575],[96.738,28.575],[96.74,28.573],[96.741,28.572],[96.742,28.572],[96.745,28.571],[96.748,28.57],[96.749,28.569],[96.749,28.569],[96.75,28.567],[96.752,28.564],[96.753,28.561],[96.753,28.559],[96.756,28.559],[96.757,28.558],[96.758,28.556],[96.76,28.555],[96.76,28.555],[96.76,28.555],[96.761,28.554],[96.761,28.554],[96.761,28.554],[96.762,28.553],[96.762,28.553],[96.762,28.553],[96.761,28.552],[96.761,28.551],[96.761,28.55],[96.759,28.549],[96.758,28.548],[96.757,28.546],[96.756,28.545],[96.755,28.544],[96.754,28.543],[96.752,28.542],[96.751,28.542],[96.751,28.541],[96.751,28.54],[96.752,28.538],[96.752,28.538],[96.752,28.537],[96.753,28.534],[96.752,28.532],[96.753,28.53],[96.754,28.529],[96.755,28.528],[96.755,28.527],[96.756,28.527],[96.756,28.526],[96.757,28.526],[96.758,28.525],[96.758,28.524],[96.758,28.523],[96.758,28.522],[96.759,28.521],[96.76,28.52],[96.76,28.519],[96.761,28.519],[96.761,28.518],[96.762,28.518],[96.763,28.517],[96.763,28.517],[96.764,28.517],[96.765,28.517],[96.766,28.517],[96.767,28.516],[96.768,28.516],[96.768,28.516],[96.769,28.516],[96.77,28.514],[96.771,28.515],[96.772,28.514],[96.773,28.515],[96.775,28.514],[96.777,28.514],[96.779,28.513],[96.782,28.512],[96.785,28.511],[96.788,28.511],[96.79,28.51],[96.793,28.506],[96.801,28.504],[96.804,28.504],[96.809,28.505],[96.813,28.503],[96.817,28.503],[96.82,28.504],[96.823,28.503],[96.826,28.5],[96.828,28.498],[96.835,28.495],[96.839,28.492],[96.845,28.49],[96.849,28.486],[96.854,28.485],[96.861,28.483],[96.86,28.479],[96.861,28.476],[96.86,28.47],[96.861,28.467],[96.862,28.463],[96.863,28.459],[96.864,28.456],[96.862,28.453],[96.864,28.451],[96.865,28.45],[96.867,28.448],[96.87,28.445],[96.873,28.442],[96.875,28.438],[96.881,28.434],[96.883,28.432],[96.885,28.43],[96.888,28.426],[96.889,28.424],[96.892,28.42],[96.893,28.418],[96.893,28.416],[96.892,28.413],[96.891,28.411],[96.887,28.408],[96.885,28.407],[96.884,28.405],[96.884,28.401],[96.886,28.398],[96.887,28.395],[96.888,28.39],[96.888,28.388],[96.889,28.387],[96.893,28.386],[96.894,28.385],[96.897,28.383],[96.898,28.382],[96.9,28.381],[96.902,28.379],[96.904,28.378],[96.907,28.377],[96.908,28.376],[96.91,28.374],[96.91,28.373],[96.911,28.371],[96.911,28.371],[96.912,28.37],[96.912,28.369],[96.914,28.367],[96.916,28.366],[96.918,28.365],[96.92,28.366],[96.922,28.365],[96.922,28.364],[96.923,28.362],[96.922,28.36],[96.921,28.359],[96.922,28.358],[96.923,28.357],[96.924,28.355],[96.925,28.353],[96.929,28.352],[96.933,28.352],[96.936,28.35],[96.938,28.349],[96.94,28.348],[96.943,28.348],[96.946,28.348],[96.947,28.349],[96.947,28.348],[96.949,28.348],[96.95,28.346],[96.951,28.346],[96.953,28.346],[96.954,28.346],[96.957,28.345],[96.96,28.342],[96.966,28.338],[96.968,28.335],[96.972,28.334],[96.973,28.331],[96.976,28.33],[96.98,28.329],[96.983,28.328],[96.985,28.328],[96.988,28.328],[96.99,28.328],[96.993,28.326],[96.998,28.326],[97.004,28.326],[97.014,28.328],[97.023,28.33],[97.027,28.332],[97.031,28.334],[97.035,28.338],[97.039,28.341],[97.041,28.345],[97.045,28.35],[97.048,28.352],[97.051,28.355],[97.053,28.358],[97.058,28.36],[97.064,28.361],[97.068,28.362],[97.072,28.366],[97.075,28.368],[97.077,28.37],[97.082,28.37],[97.089,28.369],[97.091,28.368],[97.092,28.369],[97.095,28.367],[97.097,28.366],[97.098,28.365],[97.101,28.366],[97.103,28.366],[97.105,28.365],[97.108,28.365],[97.111,28.365],[97.113,28.364],[97.116,28.363],[97.121,28.361],[97.123,28.361],[97.124,28.362],[97.125,28.362],[97.125,28.362],[97.126,28.362],[97.126,28.362],[97.127,28.362],[97.128,28.361],[97.128,28.36],[97.132,28.358],[97.136,28.353],[97.139,28.351],[97.142,28.35],[97.146,28.351],[97.148,28.35],[97.149,28.347],[97.149,28.345],[97.15,28.343],[97.152,28.342],[97.153,28.342],[97.153,28.34],[97.154,28.337],[97.155,28.337],[97.157,28.335],[97.159,28.334],[97.163,28.332],[97.166,28.33],[97.169,28.33],[97.171,28.332],[97.173,28.333],[97.174,28.334],[97.176,28.334],[97.178,28.334],[97.179,28.333],[97.18,28.333],[97.181,28.331],[97.182,28.329],[97.186,28.325],[97.189,28.321],[97.191,28.318],[97.195,28.316],[97.197,28.315],[97.197,28.314],[97.198,28.312],[97.199,28.312],[97.2,28.311],[97.201,28.31],[97.201,28.309],[97.201,28.308],[97.201,28.308],[97.201,28.307],[97.201,28.307],[97.202,28.306],[97.202,28.306],[97.202,28.305],[97.203,28.305],[97.204,28.304],[97.204,28.304],[97.204,28.304],[97.205,28.303],[97.206,28.303],[97.206,28.303],[97.206,28.303],[97.207,28.302],[97.207,28.302],[97.208,28.302],[97.208,28.302],[97.208,28.302],[97.208,28.302],[97.209,28.303],[97.209,28.303],[97.209,28.304],[97.21,28.304],[97.211,28.304],[97.212,28.304],[97.213,28.304],[97.213,28.305],[97.214,28.305],[97.215,28.305],[97.215,28.304],[97.217,28.303],[97.217,28.303],[97.219,28.302],[97.219,28.302],[97.22,28.301],[97.221,28.301],[97.222,28.301],[97.223,28.301],[97.223,28.301],[97.224,28.301],[97.225,28.301],[97.225,28.3],[97.226,28.3],[97.226,28.3],[97.227,28.299],[97.227,28.299],[97.227,28.299],[97.228,28.299],[97.228,28.298],[97.229,28.298],[97.229,28.298],[97.23,28.298],[97.23,28.298],[97.231,28.298],[97.231,28.297],[97.231,28.296],[97.231,28.296],[97.232,28.296],[97.232,28.295],[97.233,28.295],[97.233,28.295],[97.233,28.295],[97.234,28.295],[97.235,28.295],[97.235,28.295],[97.235,28.295],[97.236,28.296],[97.236,28.295],[97.236,28.294],[97.236,28.294],[97.237,28.294],[97.237,28.294],[97.237,28.294],[97.237,28.293],[97.237,28.292],[97.237,28.292],[97.237,28.291],[97.237,28.291],[97.237,28.291],[97.237,28.291],[97.237,28.291],[97.237,28.29],[97.237,28.289],[97.236,28.289],[97.236,28.288],[97.236,28.288],[97.235,28.288],[97.235,28.287],[97.235,28.287],[97.235,28.287],[97.235,28.286],[97.236,28.285],[97.237,28.284],[97.238,28.283],[97.238,28.282],[97.237,28.281],[97.237,28.28],[97.237,28.279],[97.237,28.279],[97.237,28.278],[97.237,28.277],[97.238,28.276],[97.238,28.276],[97.239,28.276],[97.24,28.275],[97.241,28.274],[97.241,28.273],[97.242,28.272],[97.242,28.272],[97.242,28.272],[97.243,28.271],[97.243,28.27],[97.243,28.269],[97.243,28.268],[97.243,28.267],[97.243,28.266],[97.243,28.266],[97.243,28.265],[97.244,28.265],[97.244,28.264],[97.244,28.264],[97.245,28.264],[97.246,28.265],[97.246,28.265],[97.247,28.265],[97.247,28.265],[97.247,28.265],[97.248,28.265],[97.248,28.264],[97.249,28.264],[97.249,28.264],[97.249,28.264],[97.25,28.263],[97.25,28.263],[97.251,28.263],[97.251,28.263],[97.252,28.263],[97.252,28.263],[97.253,28.263],[97.253,28.263],[97.254,28.263],[97.254,28.263],[97.254,28.263],[97.254,28.263],[97.255,28.263],[97.255,28.263],[97.255,28.263],[97.256,28.264],[97.256,28.264],[97.256,28.264],[97.257,28.264],[97.257,28.264],[97.257,28.264],[97.257,28.264],[97.257,28.264],[97.258,28.264],[97.258,28.264],[97.258,28.264],[97.258,28.264],[97.258,28.265],[97.259,28.265],[97.259,28.265],[97.259,28.265],[97.259,28.265],[97.26,28.265],[97.261,28.264],[97.261,28.264],[97.262,28.264],[97.263,28.264],[97.264,28.265],[97.264,28.265],[97.264,28.264],[97.265,28.264],[97.265,28.263],[97.265,28.263],[97.266,28.262],[97.266,28.261],[97.266,28.261],[97.267,28.26],[97.268,28.259],[97.268,28.258],[97.268,28.258],[97.268,28.257],[97.268,28.257],[97.268,28.256],[97.268,28.255],[97.268,28.255],[97.268,28.255],[97.269,28.254],[97.269,28.253],[97.269,28.252],[97.268,28.252],[97.268,28.252],[97.269,28.251],[97.269,28.251],[97.269,28.251],[97.268,28.25],[97.268,28.25],[97.268,28.25],[97.269,28.25],[97.269,28.25],[97.269,28.249],[97.269,28.249],[97.269,28.249],[97.269,28.248],[97.269,28.248],[97.269,28.248],[97.27,28.247],[97.27,28.247],[97.27,28.246],[97.27,28.245],[97.27,28.245],[97.27,28.245],[97.271,28.245],[97.271,28.245],[97.271,28.245],[97.271,28.244],[97.272,28.244],[97.273,28.244],[97.274,28.244],[97.275,28.243],[97.275,28.243],[97.276,28.243],[97.276,28.244],[97.277,28.244],[97.277,28.244],[97.278,28.244],[97.279,28.244],[97.279,28.245],[97.28,28.246],[97.281,28.246],[97.281,28.246],[97.281,28.245],[97.282,28.244],[97.282,28.243],[97.282,28.242],[97.281,28.241],[97.281,28.24],[97.281,28.239],[97.281,28.238],[97.283,28.236],[97.283,28.234],[97.283,28.233],[97.284,28.232],[97.285,28.232],[97.286,28.232],[97.287,28.232],[97.288,28.232],[97.289,28.232],[97.291,28.232],[97.291,28.232],[97.293,28.233],[97.294,28.233],[97.295,28.234],[97.295,28.234],[97.296,28.234],[97.298,28.233],[97.298,28.232],[97.298,28.232],[97.297,28.231],[97.298,28.23],[97.299,28.229],[97.3,28.229],[97.301,28.229],[97.302,28.229],[97.302,28.229],[97.303,28.228],[97.304,28.228],[97.304,28.228],[97.304,28.227],[97.305,28.227],[97.306,28.227],[97.307,28.227],[97.308,28.227],[97.308,28.226],[97.309,28.226],[97.309,28.226],[97.309,28.225],[97.31,28.224],[97.311,28.224],[97.311,28.223],[97.312,28.223],[97.313,28.223],[97.314,28.224],[97.315,28.224],[97.315,28.223],[97.316,28.222],[97.317,28.221],[97.318,28.22],[97.32,28.22],[97.321,28.22],[97.322,28.22],[97.324,28.219],[97.325,28.218],[97.326,28.217],[97.327,28.216],[97.328,28.215],[97.328,28.215],[97.33,28.215],[97.33,28.214],[97.331,28.214],[97.332,28.214],[97.334,28.214],[97.334,28.215],[97.335,28.215],[97.336,28.215],[97.337,28.215],[97.338,28.215],[97.338,28.215],[97.339,28.215],[97.339,28.215],[97.34,28.214],[97.34,28.214],[97.341,28.214],[97.341,28.214],[97.342,28.214],[97.342,28.214],[97.343,28.214],[97.344,28.214],[97.344,28.215],[97.345,28.215],[97.346,28.214],[97.346,28.21],[97.352,28.208],[97.36,28.205],[97.361,28.197],[97.357,28.185],[97.354,28.175],[97.357,28.164],[97.353,28.156],[97.337,28.148],[97.333,28.142],[97.324,28.134],[97.324,28.126],[97.325,28.113],[97.33,28.11],[97.329,28.104],[97.325,28.1],[97.321,28.08],[97.312,28.062],[97.326,28.061],[97.342,28.062],[97.358,28.053],[97.372,28.038],[97.383,28.021],[97.395,28.012],[97.385,28.0],[97.372,27.977],[97.377,27.95],[97.37,27.925],[97.366,27.877],[97.326,27.887],[97.321,27.894],[97.316,27.899],[97.308,27.904],[97.307,27.913],[97.281,27.908],[97.262,27.903],[97.245,27.898],[97.233,27.883],[97.22,27.871],[97.215,27.868],[97.207,27.859],[97.2,27.855],[97.195,27.849],[97.187,27.844],[97.181,27.839],[97.185,27.832],[97.174,27.831],[97.167,27.829],[97.165,27.823],[97.165,27.816],[97.162,27.815],[97.157,27.81],[97.149,27.805],[97.14,27.806],[97.135,27.8],[97.131,27.794],[97.125,27.791],[97.123,27.787],[97.116,27.786],[97.114,27.782],[97.11,27.776],[97.102,27.771],[97.099,27.767],[97.097,27.763],[97.097,27.749],[97.092,27.741],[97.089,27.735],[97.079,27.736],[97.075,27.738],[97.072,27.739],[97.07,27.742],[97.062,27.748],[97.057,27.747],[97.049,27.74],[97.042,27.747],[97.037,27.749],[97.033,27.749],[97.032,27.747],[97.031,27.743],[97.024,27.742],[97.019,27.738],[97.019,27.731],[97.016,27.726],[97.012,27.722],[97.009,27.715],[97.008,27.709],[97.003,27.707],[96.999,27.701],[96.994,27.697],[96.992,27.692],[96.985,27.686],[96.983,27.676],[96.982,27.669],[96.977,27.664],[96.97,27.668],[96.965,27.662],[96.956,27.664],[96.947,27.662],[96.94,27.663],[96.935,27.66],[96.931,27.65],[96.928,27.643],[96.923,27.638],[96.921,27.633],[96.913,27.629],[96.912,27.625],[96.907,27.619],[96.903,27.614],[96.897,27.616],[96.892,27.612],[96.892,27.602],[96.892,27.593],[96.89,27.584],[96.894,27.58],[96.904,27.581],[96.909,27.575],[96.907,27.568],[96.909,27.559],[96.908,27.555],[96.907,27.548],[96.911,27.542],[96.921,27.534],[96.926,27.524],[96.928,27.515],[96.934,27.509],[96.928,27.508],[96.924,27.505],[96.921,27.5],[96.916,27.494],[96.912,27.488],[96.91,27.481],[96.907,27.476],[96.905,27.471],[96.904,27.463],[96.903,27.455],[96.907,27.449],[96.912,27.447],[96.92,27.443],[96.926,27.436],[96.931,27.432],[96.933,27.425],[96.932,27.42],[96.934,27.416],[96.94,27.413],[96.947,27.408],[96.954,27.407],[96.96,27.404],[96.961,27.398],[96.962,27.393],[96.966,27.387],[96.967,27.38],[96.962,27.373],[96.97,27.367],[96.976,27.36],[96.98,27.352],[96.982,27.345],[96.99,27.344],[96.993,27.336],[96.996,27.331],[96.996,27.322],[97.005,27.314],[97.009,27.311],[97.015,27.313],[97.019,27.311],[97.024,27.306],[97.029,27.308],[97.029,27.304],[97.032,27.298],[97.035,27.293],[97.04,27.284],[97.046,27.281],[97.051,27.277],[97.055,27.275],[97.055,27.269],[97.057,27.264],[97.064,27.26],[97.07,27.255],[97.074,27.25],[97.079,27.244],[97.088,27.239],[97.09,27.23],[97.092,27.222],[97.09,27.214],[97.099,27.208],[97.107,27.202],[97.115,27.194],[97.119,27.191],[97.122,27.184],[97.125,27.175],[97.132,27.171],[97.137,27.165],[97.145,27.165],[97.148,27.159],[97.151,27.153],[97.152,27.149],[97.157,27.147],[97.164,27.142],[97.163,27.133],[97.162,27.127],[97.156,27.119],[97.148,27.113],[97.147,27.107],[97.143,27.099],[97.138,27.091],[97.131,27.095],[97.126,27.096],[97.121,27.102],[97.115,27.105],[97.105,27.105],[97.099,27.109],[97.097,27.1],[97.093,27.096],[97.085,27.096],[97.078,27.098],[97.074,27.097],[97.072,27.091],[97.065,27.092],[97.063,27.096],[97.059,27.1],[97.053,27.106],[97.05,27.106],[97.044,27.108],[97.043,27.114],[97.035,27.118],[97.035,27.123],[97.033,27.128],[97.03,27.131],[97.026,27.131],[97.019,27.134],[97.013,27.138],[97.006,27.141],[96.996,27.14],[96.992,27.142],[96.987,27.15],[96.983,27.155],[96.973,27.157],[96.965,27.159],[96.961,27.162],[96.956,27.164],[96.953,27.162],[96.946,27.164],[96.942,27.164],[96.935,27.162],[96.928,27.164],[96.923,27.165],[96.916,27.166],[96.909,27.169],[96.897,27.171],[96.887,27.176],[96.882,27.178],[96.873,27.182],[96.866,27.187],[96.86,27.19],[96.857,27.196],[96.858,27.204],[96.858,27.212],[96.863,27.213],[96.869,27.218],[96.875,27.22],[96.88,27.224],[96.886,27.227],[96.885,27.232],[96.887,27.236],[96.882,27.238],[96.882,27.243],[96.887,27.246],[96.887,27.253],[96.884,27.256],[96.885,27.26],[96.874,27.259],[96.869,27.259],[96.863,27.26],[96.856,27.265],[96.851,27.269],[96.847,27.272],[96.85,27.277],[96.849,27.282],[96.848,27.29],[96.843,27.295],[96.838,27.301],[96.832,27.304],[96.825,27.307],[96.82,27.311],[96.813,27.322],[96.806,27.328],[96.803,27.334],[96.801,27.34],[96.799,27.343],[96.795,27.346],[96.788,27.346],[96.78,27.351],[96.773,27.353],[96.767,27.357],[96.76,27.354],[96.755,27.354],[96.751,27.353],[96.748,27.356],[96.746,27.358],[96.742,27.358],[96.737,27.358],[96.732,27.359],[96.729,27.36],[96.728,27.362],[96.724,27.364],[96.717,27.366],[96.712,27.37],[96.706,27.372],[96.703,27.369],[96.701,27.364],[96.702,27.36],[96.697,27.358],[96.693,27.358],[96.686,27.359],[96.679,27.361],[96.675,27.359],[96.671,27.359],[96.666,27.361],[96.659,27.363],[96.655,27.362],[96.65,27.36],[96.645,27.36],[96.641,27.361],[96.633,27.364],[96.628,27.366],[96.622,27.367],[96.619,27.366],[96.614,27.366],[96.606,27.366],[96.603,27.36],[96.602,27.358],[96.6,27.355],[96.599,27.353],[96.594,27.349],[96.591,27.348],[96.592,27.344],[96.596,27.341],[96.596,27.336],[96.591,27.336],[96.585,27.334],[96.582,27.332],[96.578,27.328],[96.575,27.325],[96.572,27.323],[96.568,27.323],[96.565,27.319],[96.559,27.319],[96.555,27.32],[96.553,27.318],[96.551,27.318],[96.55,27.313],[96.546,27.311],[96.542,27.308],[96.543,27.302],[96.538,27.299],[96.534,27.298],[96.531,27.295],[96.528,27.293],[96.526,27.29],[96.525,27.289],[96.524,27.286],[96.52,27.286],[96.518,27.286],[96.516,27.289],[96.512,27.292],[96.512,27.296],[96.509,27.297],[96.508,27.299],[96.497,27.3],[96.494,27.301],[96.49,27.302],[96.489,27.298],[96.486,27.297],[96.482,27.299],[96.477,27.3],[96.471,27.301],[96.465,27.304],[96.46,27.306],[96.455,27.303],[96.449,27.303],[96.443,27.303],[96.441,27.306],[96.439,27.305],[96.434,27.302],[96.427,27.301],[96.416,27.297],[96.411,27.291],[96.408,27.289],[96.405,27.289],[96.403,27.293],[96.401,27.291],[96.396,27.29],[96.39,27.286],[96.387,27.285],[96.382,27.286],[96.378,27.285],[96.374,27.286],[96.37,27.29],[96.367,27.287],[96.36,27.289],[96.355,27.294],[96.35,27.293],[96.349,27.288],[96.342,27.285],[96.334,27.286],[96.331,27.287],[96.33,27.29],[96.324,27.29],[96.32,27.29],[96.316,27.291],[96.31,27.293],[96.305,27.294],[96.295,27.291],[96.289,27.287],[96.282,27.285],[96.274,27.283],[96.274,27.277],[96.271,27.271],[96.266,27.272],[96.259,27.272],[96.253,27.274],[96.251,27.273],[96.246,27.276],[96.233,27.276],[96.231,27.277],[96.225,27.274],[96.215,27.266],[96.211,27.263],[96.207,27.262],[96.205,27.26],[96.198,27.261],[96.193,27.261],[96.189,27.256],[96.187,27.251],[96.18,27.249],[96.168,27.248],[96.161,27.248],[96.156,27.248],[96.151,27.245],[96.143,27.241],[96.138,27.242],[96.133,27.239],[96.125,27.236],[96.12,27.231],[96.109,27.23],[96.099,27.224],[96.089,27.22],[96.078,27.21],[96.076,27.208],[96.068,27.205],[96.063,27.204],[96.057,27.202],[96.054,27.196],[96.048,27.193],[96.041,27.189],[96.035,27.186],[96.028,27.183],[96.024,27.18],[96.021,27.176],[96.019,27.167],[96.018,27.161],[96.015,27.157],[96.015,27.154],[96.013,27.149],[96.01,27.143],[96.006,27.139],[96.0,27.135],[95.997,27.13],[95.992,27.125],[95.99,27.122],[95.987,27.118],[95.983,27.111],[95.975,27.105],[95.97,27.101],[95.967,27.097],[95.964,27.093],[95.965,27.087],[95.96,27.084],[95.956,27.078],[95.954,27.069],[95.951,27.064],[95.949,27.058],[95.947,27.054],[95.942,27.051],[95.938,27.048],[95.93,27.045],[95.924,27.043],[95.92,27.042],[95.912,27.038],[95.905,27.039],[95.901,27.035],[95.897,27.029],[95.891,27.025],[95.887,27.026],[95.881,27.023],[95.877,27.02],[95.876,27.018],[95.87,27.013],[95.864,27.013],[95.856,27.013],[95.848,27.014],[95.841,27.012],[95.831,27.007],[95.826,27.01],[95.821,27.01],[95.815,27.012],[95.811,27.014],[95.805,27.015],[95.801,27.012],[95.8,27.004],[95.796,26.998],[95.787,26.992],[95.783,26.986],[95.782,26.981],[95.781,26.978],[95.771,26.977],[95.768,26.976],[95.766,26.973],[95.762,26.966],[95.76,26.962],[95.759,26.955],[95.756,26.953],[95.758,26.947],[95.759,26.942],[95.76,26.937],[95.756,26.933],[95.755,26.929],[95.751,26.927],[95.749,26.924],[95.747,26.923],[95.747,26.919],[95.747,26.915],[95.75,26.909],[95.749,26.906],[95.746,26.901],[95.745,26.897],[95.743,26.896],[95.739,26.894],[95.735,26.894],[95.732,26.891],[95.727,26.887],[95.723,26.881],[95.715,26.879],[95.711,26.88],[95.706,26.882],[95.702,26.885],[95.695,26.892],[95.688,26.894],[95.679,26.896],[95.675,26.901],[95.668,26.903],[95.662,26.898],[95.656,26.893],[95.652,26.889],[95.646,26.883],[95.644,26.876],[95.638,26.877],[95.632,26.874],[95.63,26.866],[95.629,26.858],[95.628,26.853],[95.627,26.847],[95.625,26.841],[95.622,26.835],[95.616,26.827],[95.612,26.823],[95.609,26.815],[95.606,26.813],[95.6,26.811],[95.593,26.815],[95.586,26.817],[95.58,26.818],[95.572,26.816],[95.562,26.823],[95.556,26.83],[95.555,26.832],[95.55,26.833],[95.545,26.834],[95.542,26.834],[95.538,26.83],[95.532,26.827],[95.525,26.823],[95.522,26.814],[95.515,26.81],[95.508,26.81],[95.507,26.805],[95.505,26.795],[95.503,26.789],[95.498,26.784],[95.496,26.778],[95.492,26.772],[95.489,26.764],[95.486,26.76],[95.484,26.754],[95.482,26.748],[95.479,26.744],[95.467,26.744],[95.461,26.743],[95.454,26.736],[95.445,26.725],[95.437,26.72],[95.432,26.714],[95.432,26.709],[95.433,26.703],[95.427,26.698],[95.419,26.695],[95.412,26.693],[95.407,26.695],[95.401,26.691],[95.397,26.687],[95.394,26.685],[95.387,26.685],[95.381,26.685],[95.372,26.683],[95.365,26.674],[95.358,26.672],[95.351,26.672],[95.344,26.675],[95.335,26.674],[95.332,26.671],[95.328,26.669],[95.326,26.665],[95.322,26.664],[95.317,26.665],[95.311,26.659],[95.307,26.654],[95.303,26.651],[95.294,26.652],[95.287,26.655],[95.283,26.656],[95.277,26.658],[95.273,26.658],[95.265,26.657],[95.26,26.655],[95.256,26.662],[95.258,26.673],[95.253,26.68],[95.247,26.684],[95.238,26.682],[95.234,26.682],[95.23,26.677],[95.228,26.673],[95.223,26.667],[95.22,26.661],[95.214,26.657],[95.212,26.651],[95.206,26.647],[95.2,26.645],[95.199,26.642],[95.192,26.641],[95.184,26.642],[95.181,26.642],[95.174,26.639],[95.17,26.635],[95.167,26.632],[95.167,26.627],[95.163,26.622],[95.155,26.618],[95.149,26.615],[95.147,26.61],[95.148,26.606],[95.147,26.601],[95.148,26.596],[95.147,26.592],[95.15,26.587],[95.154,26.584],[95.15,26.58],[95.146,26.576],[95.144,26.57],[95.141,26.566],[95.139,26.562],[95.137,26.556],[95.13,26.558],[95.125,26.558],[95.123,26.553],[95.118,26.549],[95.114,26.547],[95.107,26.541],[95.11,26.538],[95.113,26.536],[95.113,26.531],[95.115,26.526],[95.114,26.522],[95.114,26.518],[95.108,26.511],[95.104,26.508],[95.099,26.503],[95.099,26.498],[95.096,26.493],[95.089,26.491],[95.085,26.486],[95.083,26.483],[95.083,26.48],[95.076,26.475],[95.073,26.472],[95.072,26.468],[95.071,26.464],[95.067,26.46],[95.065,26.455],[95.062,26.45],[95.064,26.444],[95.067,26.443],[95.073,26.448],[95.077,26.446],[95.084,26.447],[95.086,26.442],[95.087,26.441],[95.091,26.437],[95.096,26.433],[95.095,26.431],[95.099,26.426],[95.104,26.421],[95.103,26.414],[95.1,26.409],[95.098,26.403],[95.099,26.398],[95.104,26.395],[95.108,26.395],[95.116,26.391],[95.12,26.387],[95.124,26.387],[95.129,26.385],[95.131,26.38],[95.131,26.375],[95.131,26.371],[95.129,26.366],[95.125,26.362],[95.122,26.357],[95.123,26.353],[95.121,26.35],[95.123,26.346],[95.127,26.341],[95.127,26.334],[95.123,26.329],[95.124,26.324],[95.125,26.32],[95.125,26.317],[95.125,26.313],[95.123,26.309],[95.125,26.305],[95.128,26.297],[95.126,26.29],[95.124,26.285],[95.125,26.278],[95.122,26.274],[95.121,26.271],[95.12,26.262],[95.123,26.257],[95.126,26.254],[95.125,26.25],[95.123,26.245],[95.117,26.238],[95.114,26.233],[95.119,26.226],[95.129,26.22],[95.136,26.214],[95.142,26.211],[95.137,26.205],[95.131,26.2],[95.126,26.192],[95.122,26.185],[95.127,26.178],[95.125,26.175],[95.121,26.169],[95.118,26.164],[95.118,26.156],[95.119,26.152],[95.121,26.147],[95.121,26.143],[95.119,26.14],[95.122,26.137],[95.126,26.132],[95.124,26.126],[95.121,26.121],[95.119,26.116],[95.116,26.112],[95.117,26.106],[95.118,26.101],[95.126,26.097],[95.132,26.095],[95.142,26.095],[95.146,26.089],[95.151,26.087],[95.155,26.09],[95.159,26.09],[95.165,26.093],[95.167,26.089],[95.17,26.086],[95.174,26.085],[95.178,26.081],[95.183,26.075],[95.186,26.073],[95.181,26.067],[95.174,26.061],[95.169,26.056],[95.166,26.051],[95.163,26.046],[95.162,26.04],[95.159,26.028],[95.156,26.022],[95.15,26.017],[95.145,26.014],[95.142,26.009],[95.137,26.003],[95.135,25.999],[95.132,25.995],[95.126,25.987],[95.122,25.985],[95.117,25.985],[95.114,25.976],[95.11,25.971],[95.104,25.969],[95.1,25.963],[95.097,25.957],[95.087,25.951],[95.079,25.947],[95.064,25.943],[95.056,25.939],[95.048,25.935],[95.046,25.928],[95.041,25.927],[95.032,25.929],[95.031,25.931],[95.032,25.925],[95.028,25.916],[95.025,25.911],[95.018,25.904],[95.013,25.899],[95.015,25.894],[95.017,25.888],[95.019,25.881],[95.01,25.875],[95.012,25.864],[95.018,25.86],[95.02,25.854],[95.022,25.847],[95.029,25.839],[95.029,25.833],[95.033,25.823],[95.033,25.814],[95.039,25.809],[95.047,25.802],[95.05,25.793],[95.046,25.781],[95.044,25.774],[95.045,25.769],[95.048,25.761],[95.045,25.755],[95.042,25.746],[95.036,25.74],[95.027,25.737],[95.021,25.732],[95.004,25.729],[94.997,25.724],[94.995,25.721],[94.992,25.719],[94.991,25.716],[94.99,25.713],[94.989,25.709],[94.989,25.706],[94.985,25.703],[94.981,25.7],[94.978,25.698],[94.974,25.695],[94.971,25.689],[94.967,25.687],[94.963,25.685],[94.96,25.684],[94.956,25.681],[94.952,25.678],[94.95,25.675],[94.949,25.673],[94.944,25.672],[94.941,25.67],[94.939,25.669],[94.936,25.668],[94.934,25.664],[94.934,25.661],[94.933,25.66],[94.932,25.657],[94.929,25.655],[94.927,25.652],[94.924,25.648],[94.922,25.644],[94.921,25.641],[94.921,25.637],[94.922,25.635],[94.92,25.631],[94.919,25.629],[94.918,25.625],[94.916,25.621],[94.916,25.617],[94.916,25.613],[94.915,25.609],[94.914,25.607],[94.911,25.604],[94.907,25.602],[94.905,25.601],[94.903,25.599],[94.901,25.598],[94.9,25.597],[94.896,25.597],[94.893,25.598],[94.891,25.596],[94.888,25.594],[94.885,25.593],[94.882,25.59],[94.882,25.587],[94.882,25.586],[94.883,25.585],[94.887,25.582],[94.892,25.577],[94.893,25.574],[94.897,25.57],[94.898,25.567],[94.896,25.566],[94.892,25.566],[94.889,25.566],[94.887,25.565],[94.885,25.564],[94.882,25.564],[94.88,25.563],[94.876,25.563],[94.873,25.564],[94.868,25.564],[94.864,25.564],[94.861,25.564],[94.858,25.564],[94.854,25.564],[94.851,25.564],[94.849,25.563],[94.846,25.561],[94.844,25.557],[94.84,25.555],[94.835,25.553],[94.831,25.546],[94.828,25.544],[94.826,25.543],[94.825,25.541],[94.824,25.536],[94.823,25.532],[94.824,25.527],[94.824,25.523],[94.821,25.52],[94.818,25.517],[94.814,25.515],[94.811,25.508],[94.808,25.495],[94.804,25.492],[94.797,25.491],[94.791,25.49],[94.786,25.485],[94.784,25.481],[94.777,25.481],[94.767,25.482],[94.761,25.484],[94.758,25.491],[94.752,25.494],[94.747,25.488],[94.746,25.484],[94.744,25.481],[94.74,25.479],[94.734,25.477],[94.731,25.477],[94.727,25.476],[94.725,25.473],[94.72,25.472],[94.719,25.47],[94.718,25.469],[94.717,25.47],[94.713,25.471],[94.71,25.471],[94.704,25.468],[94.702,25.468],[94.696,25.467],[94.692,25.465],[94.688,25.466],[94.684,25.466],[94.683,25.464],[94.682,25.459],[94.68,25.458],[94.681,25.456],[94.68,25.454],[94.677,25.448],[94.674,25.444],[94.671,25.443],[94.671,25.441],[94.671,25.438],[94.672,25.435],[94.673,25.429],[94.673,25.425],[94.671,25.422],[94.67,25.421],[94.67,25.419],[94.669,25.417],[94.665,25.412],[94.664,25.412],[94.663,25.41],[94.661,25.407],[94.66,25.405],[94.659,25.406],[94.656,25.404],[94.655,25.405],[94.653,25.406],[94.649,25.406],[94.648,25.405],[94.645,25.401],[94.642,25.399],[94.636,25.396],[94.634,25.393],[94.633,25.39],[94.632,25.388],[94.633,25.384],[94.632,25.381],[94.633,25.38],[94.633,25.375],[94.634,25.371],[94.634,25.37],[94.634,25.366],[94.633,25.361],[94.633,25.36],[94.635,25.358],[94.635,25.356],[94.633,25.355],[94.631,25.352],[94.63,25.35],[94.629,25.349],[94.627,25.348],[94.623,25.345],[94.624,25.343],[94.621,25.337],[94.619,25.332],[94.616,25.327],[94.615,25.324],[94.613,25.324],[94.613,25.324],[94.612,25.321],[94.608,25.317],[94.607,25.315],[94.606,25.312],[94.604,25.309],[94.606,25.307],[94.606,25.306],[94.604,25.306],[94.604,25.304],[94.602,25.3],[94.6,25.296],[94.598,25.292],[94.594,25.287],[94.592,25.281],[94.591,25.278],[94.588,25.272],[94.585,25.267],[94.585,25.265],[94.587,25.261],[94.589,25.257],[94.589,25.254],[94.588,25.25],[94.588,25.244],[94.586,25.237],[94.585,25.229],[94.583,25.224],[94.581,25.22],[94.577,25.215],[94.579,25.212],[94.584,25.208],[94.59,25.201],[94.592,25.193],[94.597,25.191],[94.605,25.184],[94.61,25.182],[94.617,25.185],[94.623,25.184],[94.629,25.175],[94.638,25.169],[94.649,25.168],[94.655,25.165],[94.666,25.161],[94.675,25.156],[94.679,25.15],[94.687,25.153],[94.689,25.157],[94.692,25.155],[94.699,25.153],[94.702,25.148],[94.71,25.141],[94.718,25.139],[94.725,25.135],[94.735,25.134],[94.737,25.132],[94.738,25.129],[94.74,25.124],[94.738,25.115],[94.736,25.11],[94.74,25.105],[94.74,25.097],[94.741,25.088],[94.744,25.083],[94.743,25.076],[94.738,25.065],[94.744,25.058],[94.742,25.051],[94.743,25.044],[94.742,25.039],[94.744,25.037],[94.741,25.033],[94.738,25.026],[94.734,25.018],[94.727,25.01],[94.728,25.005],[94.726,24.999],[94.718,24.994],[94.711,24.99],[94.705,24.985],[94.703,24.981],[94.701,24.974],[94.697,24.967],[94.697,24.96],[94.704,24.952],[94.707,24.945],[94.709,24.94],[94.712,24.932],[94.707,24.929],[94.701,24.923],[94.695,24.913],[94.69,24.904],[94.689,24.897],[94.688,24.889],[94.676,24.882],[94.672,24.875],[94.665,24.874],[94.662,24.872],[94.655,24.87],[94.652,24.863],[94.648,24.86],[94.65,24.855],[94.641,24.847],[94.635,24.841],[94.632,24.839],[94.633,24.835],[94.633,24.833],[94.632,24.829],[94.632,24.823],[94.63,24.819],[94.629,24.813],[94.63,24.805],[94.625,24.796],[94.622,24.791],[94.618,24.786],[94.619,24.779],[94.623,24.771],[94.625,24.767],[94.628,24.763],[94.629,24.761],[94.629,24.757],[94.628,24.755],[94.625,24.752],[94.621,24.749],[94.619,24.746],[94.616,24.746],[94.614,24.741],[94.613,24.74],[94.612,24.735],[94.611,24.73],[94.609,24.728],[94.609,24.725],[94.606,24.723],[94.607,24.72],[94.606,24.714],[94.603,24.713],[94.602,24.71],[94.578,24.711],[94.578,24.712],[94.578,24.713],[94.578,24.715],[94.578,24.715],[94.58,24.716],[94.58,24.717],[94.58,24.719],[94.58,24.721],[94.579,24.722],[94.58,24.723],[94.58,24.725],[94.559,24.713],[94.542,24.702],[94.521,24.614],[94.475,24.58],[94.474,24.578],[94.47,24.577],[94.468,24.575],[94.468,24.573],[94.467,24.572],[94.465,24.572],[94.462,24.573],[94.459,24.573],[94.45,24.553],[94.398,24.482],[94.402,24.426],[94.37,24.367],[94.322,24.305],[94.306,24.24],[94.302,24.236],[94.301,24.238],[94.299,24.238],[94.297,24.237],[94.295,24.236],[94.293,24.235],[94.28,24.188],[94.253,24.111],[94.239,24.052],[94.238,24.052],[94.237,24.052],[94.237,24.052],[94.236,24.053],[94.235,24.052],[94.235,24.053],[94.234,24.054],[94.234,24.055],[94.233,24.054],[94.233,24.055],[94.233,24.056],[94.233,24.057],[94.233,24.058],[94.23,24.058],[94.237,24.035],[94.199,23.972],[94.189,23.933],[94.189,23.933],[94.187,23.932],[94.186,23.931],[94.186,23.93],[94.187,23.93],[94.187,23.93],[94.185,23.929],[94.185,23.929],[94.184,23.93],[94.183,23.93],[94.183,23.928],[94.181,23.928],[94.18,23.928],[94.179,23.927],[94.178,23.926],[94.177,23.926],[94.175,23.926],[94.173,23.927],[94.172,23.927],[94.171,23.927],[94.169,23.915],[94.157,23.848],[94.155,23.848],[94.155,23.847],[94.154,23.847],[94.154,23.847],[94.153,23.848],[94.153,23.847],[94.153,23.848],[94.153,23.849],[94.152,23.85],[94.15,23.849],[94.148,23.85],[94.145,23.849],[94.142,23.845],[94.142,23.841],[94.143,23.839],[94.143,23.838],[94.144,23.836],[94.14,23.835],[94.137,23.835],[94.135,23.834],[94.134,23.833],[94.132,23.833],[94.131,23.834],[94.13,23.835],[94.128,23.834],[94.127,23.833],[94.126,23.834],[94.125,23.835],[94.125,23.836],[94.125,23.837],[94.124,23.836],[94.122,23.836],[94.12,23.836],[94.118,23.837],[94.117,23.838],[94.116,23.84],[94.117,23.841],[94.118,23.843],[94.117,23.844],[94.115,23.844],[94.114,23.843],[94.113,23.844],[94.114,23.845],[94.114,23.846],[94.112,23.848],[94.111,23.849],[94.111,23.85],[94.113,23.851],[94.114,23.851],[94.116,23.852],[94.115,23.853],[94.112,23.853],[94.11,23.854],[94.109,23.855],[94.11,23.856],[94.113,23.856],[94.112,23.858],[94.112,23.86],[94.113,23.862],[94.112,23.864],[94.109,23.864],[94.108,23.864],[94.109,23.866],[94.109,23.867],[94.108,23.868],[94.107,23.868],[94.107,23.869],[94.106,23.87],[94.103,23.87],[94.103,23.871],[94.103,23.872],[94.103,23.873],[94.105,23.875],[94.104,23.876],[94.103,23.876],[94.102,23.877],[94.102,23.878],[94.102,23.879],[94.1,23.879],[94.099,23.88],[94.099,23.881],[94.101,23.881],[94.102,23.882],[94.102,23.883],[94.102,23.885],[94.1,23.884],[94.099,23.883],[94.098,23.883],[94.098,23.884],[94.099,23.886],[94.098,23.887],[94.097,23.888],[94.096,23.889],[94.095,23.889],[94.094,23.888],[94.092,23.887],[94.091,23.887],[94.09,23.887],[94.09,23.887],[94.089,23.888],[94.088,23.888],[94.086,23.887],[94.085,23.887],[94.084,23.885],[94.083,23.883],[94.083,23.882],[94.082,23.882],[94.081,23.883],[94.079,23.884],[94.078,23.884],[94.077,23.883],[94.075,23.883],[94.074,23.884],[94.073,23.885],[94.072,23.885],[94.071,23.886],[94.071,23.887],[94.069,23.888],[94.069,23.888],[94.069,23.89],[94.068,23.89],[94.067,23.889],[94.066,23.889],[94.066,23.89],[94.064,23.89],[94.062,23.891],[94.06,23.89],[94.059,23.888],[94.058,23.887],[94.056,23.887],[94.055,23.888],[94.054,23.889],[94.052,23.888],[94.052,23.887],[94.05,23.887],[94.049,23.887],[94.049,23.889],[94.049,23.891],[94.049,23.892],[94.047,23.893],[94.046,23.894],[94.045,23.895],[94.046,23.896],[94.045,23.897],[94.045,23.898],[94.044,23.899],[94.043,23.9],[94.042,23.9],[94.041,23.901],[94.042,23.902],[94.043,23.903],[94.041,23.903],[94.041,23.904],[94.041,23.905],[94.041,23.907],[94.041,23.909],[94.04,23.911],[94.038,23.913],[94.035,23.913],[94.033,23.913],[94.032,23.914],[94.03,23.915],[94.028,23.915],[94.026,23.915],[94.025,23.916],[94.025,23.917],[94.025,23.918],[94.024,23.92],[94.022,23.921],[94.021,23.922],[94.02,23.923],[94.02,23.925],[94.019,23.926],[94.017,23.927],[94.015,23.926],[94.012,23.926],[94.009,23.925],[94.007,23.924],[94.004,23.924],[94.002,23.923],[93.999,23.922],[93.995,23.924],[93.992,23.926],[93.987,23.928],[93.983,23.928],[93.981,23.929],[93.977,23.927],[93.973,23.926],[93.969,23.927],[93.966,23.929],[93.962,23.929],[93.958,23.929],[93.955,23.932],[93.955,23.934],[93.952,23.938],[93.947,23.943],[93.944,23.945],[93.942,23.946],[93.937,23.948],[93.931,23.949],[93.928,23.949],[93.923,23.951],[93.918,23.951],[93.913,23.95],[93.907,23.95],[93.902,23.95],[93.896,23.952],[93.893,23.953],[93.892,23.949],[93.888,23.946],[93.883,23.942],[93.878,23.942],[93.872,23.941],[93.868,23.937],[93.86,23.933],[93.853,23.933],[93.847,23.933],[93.841,23.932],[93.837,23.931],[93.834,23.929],[93.83,23.927],[93.826,23.926],[93.822,23.924],[93.819,23.924],[93.817,23.925],[93.811,23.926],[93.806,23.928],[93.802,23.93],[93.8,23.935],[93.8,23.939],[93.798,23.942],[93.799,23.945],[93.796,23.949],[93.793,23.951],[93.791,23.953],[93.787,23.958],[93.785,23.962],[93.78,23.963],[93.78,23.964],[93.776,23.967],[93.773,23.967],[93.772,23.969],[93.773,23.97],[93.774,23.971],[93.771,23.974],[93.771,23.976],[93.77,23.978],[93.768,23.981],[93.769,23.982],[93.766,23.985],[93.765,23.986],[93.765,23.989],[93.763,23.991],[93.763,23.993],[93.762,23.994],[93.764,23.994],[93.762,23.996],[93.761,24.0],[93.759,24.002],[93.759,24.004],[93.758,24.003],[93.757,24.004],[93.755,24.005],[93.754,24.006],[93.754,24.005],[93.753,24.005],[93.751,24.005],[93.748,24.003],[93.746,24.004],[93.744,24.001],[93.743,23.999],[93.741,23.997],[93.741,23.997],[93.741,23.999],[93.741,24.001],[93.74,24.003],[93.738,24.001],[93.735,24.0],[93.732,24.0],[93.728,23.999],[93.725,23.998],[93.722,23.998],[93.713,24.002],[93.704,24.004],[93.698,24.005],[93.692,24.008],[93.688,24.009],[93.683,24.006],[93.679,24.006],[93.674,24.005],[93.669,24.003],[93.665,24.002],[93.659,24.003],[93.656,24.002],[93.654,24.004],[93.654,24.008],[93.651,24.009],[93.643,24.009],[93.634,24.01],[93.628,24.01],[93.624,24.011],[93.618,24.008],[93.615,24.004],[93.614,23.999],[93.612,23.997],[93.612,23.996],[93.613,23.995],[93.614,23.994],[93.614,23.993],[93.614,23.993],[93.614,23.992],[93.613,23.991],[93.611,23.988],[93.61,23.985],[93.609,23.983],[93.608,23.98],[93.609,23.978],[93.609,23.977],[93.609,23.977],[93.608,23.975],[93.608,23.973],[93.609,23.972],[93.608,23.972],[93.605,23.972],[93.603,23.973],[93.602,23.973],[93.601,23.972],[93.599,23.973],[93.599,23.97],[93.599,23.97],[93.598,23.97],[93.598,23.97],[93.597,23.969],[93.597,23.968],[93.597,23.966],[93.594,23.965],[93.593,23.964],[93.593,23.963],[93.593,23.963],[93.593,23.963],[93.592,23.962],[93.592,23.962],[93.592,23.961],[93.592,23.961],[93.59,23.96],[93.588,23.96],[93.586,23.96],[93.583,23.962],[93.582,23.963],[93.581,23.962],[93.58,23.964],[93.578,23.965],[93.577,23.967],[93.576,23.967],[93.575,23.967],[93.574,23.967],[93.574,23.967],[93.574,23.968],[93.574,23.969],[93.573,23.969],[93.572,23.969],[93.572,23.97],[93.572,23.97],[93.571,23.97],[93.571,23.972],[93.571,23.973],[93.57,23.974],[93.571,23.975],[93.571,23.977],[93.571,23.978],[93.57,23.977],[93.57,23.977],[93.568,23.978],[93.567,23.979],[93.566,23.98],[93.564,23.98],[93.564,23.98],[93.564,23.98],[93.563,23.979],[93.562,23.981],[93.562,23.981],[93.561,23.981],[93.56,23.982],[93.558,23.981],[93.557,23.981],[93.557,23.98],[93.557,23.978],[93.556,23.978],[93.555,23.976],[93.556,23.975],[93.556,23.975],[93.554,23.973],[93.555,23.971],[93.555,23.97],[93.554,23.97],[93.554,23.968],[93.553,23.967],[93.553,23.965],[93.553,23.965],[93.553,23.964],[93.552,23.964],[93.551,23.964],[93.552,23.963],[93.553,23.962],[93.552,23.962],[93.551,23.962],[93.55,23.962],[93.55,23.962],[93.551,23.96],[93.549,23.959],[93.548,23.959],[93.547,23.958],[93.545,23.959],[93.544,23.961],[93.541,23.961],[93.54,23.961],[93.534,23.958],[93.532,23.957],[93.53,23.954],[93.53,23.954],[93.527,23.955],[93.525,23.956],[93.525,23.956],[93.524,23.955],[93.519,23.95],[93.517,23.945],[93.515,23.943],[93.514,23.943],[93.511,23.944],[93.508,23.943],[93.507,23.943],[93.506,23.942],[93.504,23.943],[93.503,23.945],[93.502,23.945],[93.502,23.945],[93.501,23.945],[93.501,23.945],[93.499,23.946],[93.498,23.948],[93.497,23.952],[93.494,23.954],[93.491,23.951],[93.489,23.952],[93.489,23.955],[93.486,23.956],[93.487,23.957],[93.486,23.957],[93.484,23.958],[93.482,23.957],[93.48,23.959],[93.479,23.96],[93.477,23.962],[93.473,23.964],[93.471,23.965],[93.471,23.966],[93.47,23.968],[93.468,23.97],[93.466,23.972],[93.466,23.973],[93.465,23.973],[93.463,23.974],[93.462,23.977],[93.461,23.979],[93.461,23.982],[93.463,23.985],[93.463,23.988],[93.463,23.99],[93.463,23.993],[93.462,23.996],[93.459,23.999],[93.454,23.999],[93.453,24.001],[93.454,24.007],[93.454,24.011],[93.452,24.014],[93.45,24.015],[93.447,24.015],[93.446,24.014],[93.444,24.014],[93.443,24.014],[93.442,24.015],[93.438,24.017],[93.437,24.019],[93.433,24.025],[93.433,24.027],[93.433,24.027],[93.433,24.028],[93.432,24.028],[93.431,24.029],[93.432,24.03],[93.431,24.03],[93.431,24.031],[93.43,24.031],[93.43,24.033],[93.429,24.033],[93.43,24.034],[93.43,24.035],[93.429,24.036],[93.429,24.036],[93.43,24.036],[93.43,24.037],[93.428,24.037],[93.428,24.038],[93.429,24.039],[93.428,24.04],[93.428,24.041],[93.427,24.042],[93.427,24.043],[93.427,24.043],[93.427,24.044],[93.427,24.045],[93.426,24.045],[93.426,24.045],[93.426,24.045],[93.425,24.046],[93.425,24.046],[93.425,24.047],[93.425,24.05],[93.426,24.051],[93.426,24.052],[93.425,24.053],[93.425,24.054],[93.424,24.058],[93.423,24.058],[93.422,24.061],[93.422,24.063],[93.421,24.064],[93.421,24.064],[93.421,24.065],[93.42,24.065],[93.42,24.066],[93.419,24.067],[93.419,24.068],[93.418,24.068],[93.416,24.069],[93.416,24.07],[93.417,24.07],[93.417,24.07],[93.417,24.071],[93.417,24.072],[93.415,24.072],[93.414,24.073],[93.414,24.074],[93.412,24.073],[93.412,24.073],[93.412,24.074],[93.411,24.074],[93.41,24.073],[93.41,24.074],[93.409,24.075],[93.41,24.077],[93.409,24.077],[93.407,24.077],[93.407,24.077],[93.407,24.078],[93.407,24.079],[93.407,24.08],[93.406,24.08],[93.405,24.08],[93.405,24.081],[93.404,24.081],[93.403,24.081],[93.403,24.082],[93.402,24.083],[93.401,24.084],[93.399,24.085],[93.398,24.085],[93.397,24.084],[93.396,24.084],[93.395,24.084],[93.393,24.084],[93.391,24.083],[93.388,24.084],[93.387,24.085],[93.386,24.086],[93.385,24.086],[93.384,24.087],[93.384,24.086],[93.384,24.086],[93.383,24.086],[93.381,24.087],[93.379,24.088],[93.378,24.088],[93.377,24.088],[93.377,24.089],[93.376,24.089],[93.375,24.09],[93.372,24.091],[93.371,24.091],[93.37,24.091],[93.368,24.09],[93.367,24.09],[93.367,24.091],[93.366,24.092],[93.365,24.092],[93.364,24.092],[93.361,24.092],[93.359,24.091],[93.358,24.091],[93.359,24.093],[93.359,24.094],[93.358,24.094],[93.357,24.094],[93.357,24.095],[93.356,24.096],[93.355,24.096],[93.354,24.097],[93.355,24.099],[93.354,24.099],[93.351,24.098],[93.35,24.099],[93.348,24.099],[93.351,24.1],[93.35,24.101],[93.349,24.102],[93.35,24.102],[93.35,24.102],[93.349,24.103],[93.349,24.104],[93.349,24.105],[93.348,24.104],[93.347,24.103],[93.346,24.104],[93.344,24.103],[93.342,24.102],[93.343,24.098],[93.344,24.097],[93.345,24.097],[93.346,24.095],[93.347,24.095],[93.349,24.095],[93.349,24.095],[93.35,24.095],[93.352,24.092],[93.354,24.091],[93.354,24.09],[93.352,24.091],[93.351,24.091],[93.348,24.088],[93.347,24.088],[93.347,24.09],[93.346,24.091],[93.342,24.091],[93.339,24.091],[93.335,24.09],[93.333,24.088],[93.331,24.086],[93.331,24.084],[93.331,24.082],[93.331,24.081],[93.33,24.081],[93.329,24.081],[93.328,24.078],[93.329,24.077],[93.33,24.075],[93.33,24.074],[93.331,24.073],[93.333,24.075],[93.334,24.075],[93.335,24.073],[93.333,24.071],[93.333,24.07],[93.337,24.068],[93.337,24.067],[93.337,24.066],[93.336,24.064],[93.336,24.063],[93.338,24.063],[93.338,24.062],[93.338,24.061],[93.336,24.06],[93.336,24.059],[93.336,24.058],[93.334,24.057],[93.332,24.053],[93.33,24.054],[93.328,24.054],[93.326,24.052],[93.326,24.049],[93.326,24.048],[93.326,24.047],[93.327,24.045],[93.328,24.044],[93.328,24.043],[93.329,24.042],[93.332,24.042],[93.334,24.041],[93.337,24.042],[93.338,24.041],[93.338,24.04],[93.337,24.039],[93.335,24.039],[93.333,24.039],[93.332,24.038],[93.332,24.037],[93.335,24.036],[93.335,24.036],[93.334,24.035],[93.33,24.034],[93.329,24.034],[93.326,24.03],[93.326,24.03],[93.327,24.029],[93.331,24.03],[93.332,24.03],[93.331,24.029],[93.331,24.027],[93.333,24.028],[93.334,24.027],[93.336,24.026],[93.338,24.025],[93.338,24.025],[93.338,24.024],[93.339,24.022],[93.339,24.021],[93.335,24.019],[93.334,24.019],[93.332,24.02],[93.33,24.021],[93.33,24.021],[93.33,24.019],[93.33,24.018],[93.331,24.015],[93.333,24.015],[93.333,24.015],[93.333,24.013],[93.333,24.012],[93.333,24.009],[93.334,24.005],[93.334,24.005],[93.332,24.0],[93.334,23.993],[93.337,23.99],[93.33,23.987],[93.332,23.984],[93.335,23.983],[93.333,23.98],[93.334,23.979],[93.339,23.98],[93.338,23.978],[93.337,23.975],[93.342,23.975],[93.344,23.972],[93.341,23.97],[93.346,23.965],[93.348,23.961],[93.351,23.961],[93.352,23.957],[93.351,23.954],[93.354,23.95],[93.35,23.948],[93.349,23.948],[93.351,23.946],[93.354,23.947],[93.354,23.942],[93.351,23.942],[93.352,23.941],[93.356,23.943],[93.357,23.945],[93.361,23.945],[93.361,23.943],[93.361,23.94],[93.365,23.935],[93.369,23.933],[93.369,23.931],[93.37,23.931],[93.375,23.932],[93.379,23.933],[93.382,23.933],[93.386,23.93],[93.39,23.93],[93.393,23.929],[93.392,23.928],[93.392,23.924],[93.395,23.924],[93.392,23.918],[93.393,23.917],[93.394,23.917],[93.395,23.915],[93.392,23.915],[93.391,23.911],[93.392,23.907],[93.39,23.906],[93.39,23.902],[93.39,23.899],[93.389,23.895],[93.389,23.891],[93.388,23.887],[93.387,23.884],[93.386,23.879],[93.385,23.875],[93.386,23.871],[93.388,23.868],[93.388,23.866],[93.387,23.863],[93.386,23.86],[93.387,23.856],[93.387,23.852],[93.385,23.848],[93.387,23.844],[93.389,23.84],[93.389,23.837],[93.389,23.835],[93.389,23.833],[93.39,23.83],[93.389,23.825],[93.393,23.823],[93.39,23.82],[93.391,23.817],[93.394,23.818],[93.397,23.815],[93.399,23.815],[93.403,23.812],[93.404,23.806],[93.403,23.802],[93.403,23.798],[93.399,23.793],[93.398,23.789],[93.398,23.787],[93.396,23.783],[93.397,23.779],[93.395,23.774],[93.396,23.769],[93.394,23.765],[93.394,23.764],[93.392,23.762],[93.392,23.76],[93.392,23.756],[93.395,23.755],[93.395,23.752],[93.395,23.75],[93.396,23.749],[93.399,23.748],[93.402,23.747],[93.404,23.745],[93.404,23.739],[93.406,23.736],[93.408,23.732],[93.411,23.729],[93.411,23.725],[93.409,23.721],[93.411,23.719],[93.412,23.717],[93.409,23.717],[93.408,23.717],[93.407,23.715],[93.406,23.715],[93.406,23.713],[93.408,23.709],[93.408,23.708],[93.408,23.707],[93.409,23.707],[93.41,23.704],[93.413,23.704],[93.415,23.703],[93.417,23.702],[93.418,23.702],[93.42,23.7],[93.421,23.699],[93.421,23.696],[93.426,23.693],[93.426,23.689],[93.429,23.688],[93.432,23.688],[93.438,23.687],[93.437,23.682],[93.436,23.679],[93.433,23.675],[93.433,23.673],[93.43,23.669],[93.429,23.668],[93.425,23.662],[93.422,23.66],[93.424,23.657],[93.42,23.653],[93.422,23.652],[93.419,23.65],[93.419,23.648],[93.416,23.648],[93.417,23.647],[93.418,23.645],[93.416,23.641],[93.417,23.638],[93.418,23.636],[93.422,23.634],[93.422,23.631],[93.424,23.629],[93.422,23.627],[93.421,23.626],[93.422,23.624],[93.42,23.624],[93.421,23.62],[93.421,23.617],[93.422,23.614],[93.42,23.612],[93.422,23.609],[93.422,23.606],[93.423,23.604],[93.421,23.603],[93.425,23.602],[93.425,23.601],[93.424,23.601],[93.426,23.6],[93.426,23.596],[93.426,23.593],[93.426,23.591],[93.428,23.589],[93.423,23.585],[93.422,23.578],[93.422,23.573],[93.419,23.57],[93.416,23.57],[93.414,23.571],[93.414,23.567],[93.412,23.564],[93.41,23.564],[93.413,23.561],[93.411,23.559],[93.409,23.558],[93.412,23.556],[93.413,23.552],[93.418,23.542],[93.417,23.537],[93.415,23.532],[93.411,23.525],[93.409,23.518],[93.407,23.517],[93.404,23.516],[93.405,23.513],[93.402,23.51],[93.398,23.511],[93.397,23.507],[93.395,23.504],[93.395,23.502],[93.395,23.495],[93.395,23.491],[93.394,23.486],[93.396,23.485],[93.394,23.481],[93.393,23.478],[93.396,23.475],[93.398,23.474],[93.398,23.473],[93.398,23.47],[93.396,23.466],[93.394,23.464],[93.393,23.46],[93.394,23.458],[93.392,23.457],[93.396,23.454],[93.393,23.451],[93.394,23.449],[93.394,23.447],[93.39,23.45],[93.388,23.448],[93.389,23.444],[93.39,23.441],[93.39,23.437],[93.389,23.433],[93.39,23.427],[93.388,23.422],[93.39,23.418],[93.391,23.411],[93.393,23.401],[93.394,23.398],[93.397,23.398],[93.398,23.394],[93.402,23.39],[93.401,23.387],[93.401,23.384],[93.399,23.384],[93.396,23.382],[93.394,23.377],[93.39,23.375],[93.386,23.373],[93.389,23.371],[93.391,23.369],[93.388,23.367],[93.389,23.364],[93.388,23.36],[93.386,23.36],[93.383,23.362],[93.381,23.358],[93.38,23.36],[93.375,23.359],[93.372,23.359],[93.366,23.356],[93.362,23.356],[93.357,23.354],[93.356,23.35],[93.358,23.343],[93.362,23.337],[93.369,23.334],[93.372,23.329],[93.37,23.325],[93.367,23.322],[93.368,23.318],[93.371,23.316],[93.37,23.313],[93.365,23.314],[93.363,23.313],[93.366,23.311],[93.371,23.31],[93.369,23.308],[93.365,23.307],[93.368,23.301],[93.366,23.296],[93.367,23.291],[93.369,23.286],[93.367,23.281],[93.363,23.282],[93.364,23.278],[93.368,23.274],[93.365,23.27],[93.367,23.269],[93.368,23.266],[93.373,23.262],[93.372,23.259],[93.37,23.257],[93.371,23.255],[93.37,23.25],[93.376,23.247],[93.379,23.238],[93.381,23.232],[93.38,23.226],[93.382,23.224],[93.385,23.22],[93.388,23.216],[93.381,23.216],[93.377,23.212],[93.377,23.207],[93.375,23.204],[93.379,23.201],[93.378,23.194],[93.378,23.189],[93.379,23.186],[93.377,23.181],[93.373,23.177],[93.368,23.175],[93.372,23.17],[93.372,23.163],[93.371,23.158],[93.369,23.154],[93.371,23.151],[93.368,23.145],[93.369,23.143],[93.373,23.141],[93.378,23.141],[93.384,23.145],[93.386,23.142],[93.385,23.135],[93.382,23.133],[93.377,23.133],[93.377,23.129],[93.376,23.126],[93.371,23.126],[93.366,23.122],[93.364,23.117],[93.359,23.116],[93.355,23.116],[93.357,23.111],[93.356,23.108],[93.355,23.103],[93.354,23.097],[93.35,23.093],[93.349,23.092],[93.345,23.093],[93.344,23.091],[93.345,23.088],[93.343,23.086],[93.343,23.082],[93.342,23.079],[93.339,23.074],[93.34,23.073],[93.344,23.075],[93.349,23.073],[93.352,23.072],[93.349,23.07],[93.345,23.071],[93.341,23.068],[93.34,23.065],[93.343,23.059],[93.341,23.058],[93.336,23.06],[93.333,23.058],[93.333,23.055],[93.333,23.05],[93.328,23.048],[93.327,23.045],[93.327,23.04],[93.324,23.037],[93.321,23.037],[93.32,23.034],[93.32,23.029],[93.317,23.028],[93.313,23.027],[93.314,23.021],[93.311,23.02],[93.305,23.021],[93.301,23.016],[93.296,23.01],[93.292,23.007],[93.289,23.008],[93.283,23.008],[93.278,23.005],[93.274,23.005],[93.272,23.011],[93.266,23.01],[93.261,23.009],[93.251,23.007],[93.241,23.007],[93.237,23.01],[93.23,23.011],[93.229,23.016],[93.229,23.02],[93.225,23.021],[93.224,23.024],[93.218,23.024],[93.215,23.028],[93.217,23.032],[93.216,23.036],[93.212,23.037],[93.21,23.047],[93.208,23.049],[93.202,23.051],[93.202,23.054],[93.197,23.055],[93.19,23.052],[93.186,23.055],[93.185,23.059],[93.182,23.058],[93.175,23.054],[93.17,23.048],[93.163,23.048],[93.16,23.047],[93.155,23.043],[93.153,23.046],[93.152,23.053],[93.149,23.054],[93.141,23.053],[93.14,23.057],[93.138,23.06],[93.134,23.06],[93.135,23.051],[93.131,23.047],[93.127,23.044],[93.125,23.037],[93.128,23.031],[93.125,23.023],[93.123,23.013],[93.122,23.006],[93.121,23.002],[93.124,23.003],[93.127,22.998],[93.129,22.994],[93.134,22.991],[93.139,22.991],[93.14,22.987],[93.139,22.984],[93.142,22.978],[93.143,22.974],[93.14,22.971],[93.137,22.972],[93.135,22.968],[93.137,22.963],[93.14,22.96],[93.14,22.954],[93.138,22.951],[93.145,22.946],[93.146,22.941],[93.145,22.934],[93.148,22.926],[93.152,22.921],[93.155,22.918],[93.16,22.918],[93.163,22.913],[93.163,22.91],[93.15,22.908],[93.142,22.914],[93.136,22.913],[93.133,22.908],[93.129,22.902],[93.132,22.897],[93.134,22.891],[93.13,22.884],[93.126,22.877],[93.127,22.873],[93.124,22.868],[93.118,22.865],[93.118,22.861],[93.116,22.85],[93.118,22.843],[93.114,22.836],[93.112,22.832],[93.112,22.828],[93.107,22.827],[93.103,22.822],[93.109,22.821],[93.109,22.817],[93.105,22.813],[93.099,22.81],[93.095,22.807],[93.095,22.803],[93.095,22.799],[93.097,22.793],[93.096,22.787],[93.096,22.782],[93.099,22.776],[93.102,22.767],[93.1,22.763],[93.106,22.756],[93.107,22.745],[93.103,22.74],[93.099,22.73],[93.098,22.725],[93.098,22.72],[93.096,22.716],[93.092,22.711],[93.092,22.706],[93.093,22.701],[93.096,22.7],[93.099,22.692],[93.097,22.689],[93.098,22.686],[93.1,22.687],[93.102,22.683],[93.099,22.681],[93.094,22.681],[93.095,22.676],[93.096,22.671],[93.102,22.664],[93.101,22.661],[93.11,22.653],[93.111,22.648],[93.109,22.643],[93.107,22.638],[93.11,22.635],[93.118,22.63],[93.122,22.626],[93.128,22.624],[93.127,22.619],[93.129,22.616],[93.132,22.615],[93.134,22.612],[93.137,22.604],[93.137,22.599],[93.14,22.591],[93.138,22.584],[93.131,22.58],[93.126,22.575],[93.124,22.569],[93.118,22.564],[93.114,22.562],[93.112,22.557],[93.109,22.547],[93.109,22.537],[93.112,22.535],[93.112,22.532],[93.106,22.527],[93.109,22.525],[93.115,22.525],[93.124,22.525],[93.128,22.522],[93.127,22.517],[93.124,22.512],[93.124,22.506],[93.129,22.498],[93.135,22.492],[93.134,22.489],[93.133,22.486],[93.134,22.48],[93.133,22.476],[93.132,22.47],[93.134,22.464],[93.138,22.455],[93.146,22.454],[93.153,22.454],[93.161,22.452],[93.167,22.445],[93.173,22.441],[93.178,22.439],[93.178,22.434],[93.181,22.431],[93.184,22.429],[93.186,22.425],[93.183,22.423],[93.182,22.419],[93.183,22.411],[93.187,22.404],[93.186,22.402],[93.183,22.397],[93.182,22.395],[93.185,22.39],[93.186,22.387],[93.19,22.383],[93.188,22.381],[93.185,22.378],[93.183,22.372],[93.186,22.369],[93.188,22.365],[93.187,22.36],[93.187,22.355],[93.187,22.35],[93.188,22.346],[93.186,22.34],[93.192,22.336],[93.197,22.328],[93.192,22.325],[93.189,22.323],[93.189,22.321],[93.194,22.317],[93.196,22.314],[93.191,22.311],[93.191,22.308],[93.196,22.303],[93.194,22.301],[93.191,22.303],[93.19,22.3],[93.194,22.296],[93.197,22.296],[93.199,22.293],[93.196,22.291],[93.194,22.291],[93.195,22.285],[93.197,22.275],[93.198,22.271],[93.202,22.266],[93.201,22.262],[93.199,22.261],[93.199,22.256],[93.197,22.255],[93.191,22.253],[93.184,22.25],[93.182,22.249],[93.178,22.246],[93.173,22.246],[93.168,22.246],[93.165,22.249],[93.16,22.25],[93.156,22.248],[93.151,22.248],[93.148,22.25],[93.144,22.248],[93.142,22.243],[93.142,22.237],[93.14,22.237],[93.14,22.235],[93.143,22.232],[93.148,22.229],[93.15,22.223],[93.152,22.217],[93.149,22.214],[93.151,22.21],[93.154,22.207],[93.157,22.201],[93.161,22.197],[93.158,22.19],[93.157,22.186],[93.156,22.184],[93.155,22.181],[93.154,22.178],[93.151,22.177],[93.149,22.176],[93.147,22.176],[93.145,22.175],[93.14,22.176],[93.135,22.174],[93.131,22.174],[93.126,22.174],[93.123,22.176],[93.123,22.179],[93.12,22.183],[93.119,22.187],[93.116,22.19],[93.114,22.192],[93.114,22.196],[93.112,22.201],[93.11,22.204],[93.106,22.202],[93.103,22.2],[93.098,22.198],[93.094,22.198],[93.088,22.197],[93.084,22.199],[93.079,22.201],[93.075,22.203],[93.071,22.204],[93.066,22.206],[93.064,22.207],[93.062,22.207],[93.059,22.203],[93.056,22.202],[93.054,22.203],[93.051,22.201],[93.048,22.203],[93.045,22.202],[93.043,22.2],[93.043,22.197],[93.041,22.196],[93.038,22.196],[93.038,22.194],[93.041,22.191],[93.04,22.189],[93.04,22.187],[93.043,22.183],[93.047,22.176],[93.049,22.173],[93.049,22.17],[93.048,22.165],[93.046,22.162],[93.042,22.161],[93.043,22.159],[93.043,22.156],[93.041,22.151],[93.038,22.15],[93.036,22.148],[93.038,22.144],[93.039,22.145],[93.042,22.143],[93.043,22.143],[93.042,22.142],[93.04,22.14],[93.04,22.138],[93.043,22.138],[93.045,22.137],[93.045,22.134],[93.048,22.131],[93.052,22.127],[93.054,22.124],[93.055,22.122],[93.057,22.121],[93.056,22.116],[93.058,22.112],[93.059,22.107],[93.058,22.103],[93.059,22.102],[93.058,22.101],[93.056,22.1],[93.054,22.101],[93.051,22.1],[93.049,22.1],[93.046,22.099],[93.041,22.1],[93.039,22.1],[93.037,22.101],[93.033,22.101],[93.029,22.101],[93.026,22.102],[93.024,22.101],[93.017,22.103],[93.013,22.103],[93.01,22.105],[93.006,22.105],[93.004,22.102],[93.006,22.098],[93.007,22.095],[93.011,22.092],[93.012,22.088],[93.009,22.083],[93.008,22.081],[93.005,22.08],[93.004,22.076],[93.006,22.073],[93.006,22.071],[93.003,22.069],[93.002,22.068],[93.003,22.063],[93.001,22.061],[92.999,22.056],[92.998,22.052],[92.996,22.049],[92.996,22.045],[92.995,22.041],[92.996,22.038],[92.997,22.035],[92.995,22.033],[92.997,22.029],[93.0,22.025],[93.002,22.02],[93.004,22.014],[93.003,22.01],[93.002,22.007],[93.003,22.001],[93.002,21.983],[92.996,21.979],[92.991,21.979],[92.981,21.981],[92.979,21.984],[92.978,21.989],[92.979,21.992],[92.979,21.995],[92.978,21.998],[92.976,22.0],[92.974,22.001],[92.971,22.004],[92.972,22.006],[92.97,22.007],[92.968,22.007],[92.967,22.009],[92.965,22.011],[92.964,22.013],[92.964,22.014],[92.964,22.015],[92.963,22.016],[92.964,22.017],[92.964,22.018],[92.962,22.02],[92.96,22.022],[92.961,22.024],[92.96,22.026],[92.956,22.03],[92.954,22.03],[92.952,22.03],[92.95,22.029],[92.948,22.026],[92.946,22.024],[92.945,22.021],[92.943,22.021],[92.942,22.019],[92.941,22.017],[92.94,22.016],[92.94,22.014],[92.937,22.014],[92.934,22.016],[92.931,22.017],[92.929,22.017],[92.927,22.014],[92.929,22.011],[92.929,22.009],[92.931,22.01],[92.935,22.01],[92.935,22.007],[92.933,22.002],[92.931,22.0],[92.93,21.998],[92.93,21.997],[92.927,21.996],[92.924,21.995],[92.921,21.992],[92.922,21.992],[92.921,21.991],[92.921,21.989],[92.92,21.988],[92.92,21.987],[92.92,21.985],[92.919,21.983],[92.919,21.982],[92.918,21.982],[92.917,21.981],[92.916,21.98],[92.915,21.978],[92.914,21.976],[92.913,21.972],[92.914,21.97],[92.913,21.968],[92.912,21.966],[92.913,21.966],[92.913,21.966],[92.913,21.964],[92.912,21.961],[92.912,21.955],[92.911,21.95],[92.908,21.947],[92.906,21.944],[92.908,21.944],[92.907,21.944],[92.907,21.942],[92.905,21.942],[92.903,21.941],[92.902,21.946],[92.902,21.95],[92.902,21.953],[92.901,21.954],[92.9,21.957],[92.9,21.958],[92.901,21.959],[92.9,21.96],[92.9,21.963],[92.9,21.965],[92.901,21.965],[92.9,21.966],[92.899,21.969],[92.899,21.971],[92.898,21.973],[92.899,21.975],[92.898,21.978],[92.899,21.98],[92.898,21.982],[92.898,21.984],[92.897,21.986],[92.896,21.989],[92.895,21.992],[92.895,21.994],[92.895,21.997],[92.894,22.0],[92.894,22.002],[92.894,22.005],[92.892,22.007],[92.892,22.009],[92.891,22.011],[92.89,22.013],[92.887,22.013],[92.885,22.014],[92.88,22.015],[92.878,22.017],[92.88,22.022],[92.878,22.022],[92.872,22.023],[92.87,22.023],[92.865,22.024],[92.864,22.026],[92.863,22.031],[92.863,22.033],[92.864,22.035],[92.865,22.037],[92.864,22.039],[92.864,22.043],[92.865,22.046],[92.865,22.048],[92.865,22.05],[92.865,22.052],[92.864,22.053],[92.863,22.055],[92.862,22.059],[92.863,22.061],[92.862,22.063],[92.861,22.063],[92.86,22.065],[92.858,22.067],[92.857,22.067],[92.855,22.066],[92.853,22.067],[92.851,22.066],[92.85,22.064],[92.849,22.063],[92.847,22.061],[92.844,22.061],[92.842,22.06],[92.84,22.061],[92.84,22.062],[92.839,22.065],[92.838,22.067],[92.838,22.069],[92.837,22.071],[92.836,22.072],[92.834,22.072],[92.831,22.074],[92.828,22.073],[92.824,22.075],[92.821,22.074],[92.818,22.075],[92.817,22.079],[92.817,22.082],[92.818,22.085],[92.816,22.089],[92.812,22.091],[92.812,22.094],[92.811,22.096],[92.808,22.096],[92.805,22.097],[92.804,22.098],[92.802,22.096],[92.799,22.094],[92.796,22.096],[92.796,22.099],[92.794,22.1],[92.792,22.101],[92.792,22.102],[92.791,22.104],[92.791,22.105],[92.789,22.105],[92.787,22.105],[92.784,22.106],[92.781,22.107],[92.779,22.108],[92.777,22.107],[92.776,22.107],[92.774,22.107],[92.773,22.109],[92.772,22.109],[92.771,22.11],[92.771,22.112],[92.769,22.113],[92.767,22.116],[92.767,22.117],[92.766,22.117],[92.766,22.119],[92.765,22.119],[92.764,22.119],[92.763,22.12],[92.764,22.121],[92.763,22.121],[92.762,22.121],[92.761,22.123],[92.761,22.125],[92.76,22.126],[92.757,22.126],[92.754,22.125],[92.752,22.126],[92.75,22.127],[92.748,22.127],[92.747,22.129],[92.747,22.131],[92.745,22.131],[92.744,22.131],[92.741,22.131],[92.741,22.132],[92.738,22.132],[92.735,22.134],[92.735,22.136],[92.732,22.138],[92.733,22.139],[92.731,22.14],[92.729,22.144],[92.728,22.145],[92.728,22.146],[92.728,22.147],[92.727,22.148],[92.726,22.149],[92.725,22.148],[92.723,22.148],[92.721,22.148],[92.718,22.148],[92.714,22.147],[92.711,22.149],[92.71,22.151],[92.707,22.152],[92.704,22.15],[92.7,22.153],[92.697,22.154],[92.695,22.154],[92.695,22.147],[92.696,22.139],[92.694,22.139],[92.692,22.134],[92.692,22.122],[92.692,22.11],[92.691,22.106],[92.692,22.098],[92.691,22.088],[92.692,22.076],[92.691,22.074],[92.691,22.073],[92.689,22.072],[92.688,22.087],[92.688,22.095],[92.688,22.1],[92.688,22.103],[92.686,22.104],[92.683,22.104],[92.682,22.101],[92.682,22.087],[92.682,22.073],[92.684,22.061],[92.684,22.056],[92.685,22.042],[92.684,22.033],[92.683,22.027],[92.682,22.021],[92.681,22.018],[92.681,22.016],[92.68,22.013],[92.675,22.011],[92.67,22.01],[92.668,22.011],[92.668,22.013],[92.664,22.014],[92.659,22.015],[92.652,22.017],[92.651,22.013],[92.649,22.009],[92.646,22.005],[92.643,21.997],[92.642,21.993],[92.636,21.988],[92.635,21.984],[92.629,21.983],[92.623,21.982],[92.616,21.978],[92.607,21.975],[92.603,21.977],[92.603,21.978],[92.602,21.979],[92.603,21.98],[92.604,21.982],[92.606,21.983],[92.608,21.983],[92.611,21.984],[92.611,21.984],[92.611,21.985],[92.612,21.986],[92.611,21.988],[92.612,21.99],[92.613,21.991],[92.612,21.992],[92.61,21.993],[92.61,21.996],[92.61,21.998],[92.608,21.999],[92.606,22.0],[92.603,22.002],[92.603,22.003],[92.601,22.005],[92.599,22.008],[92.598,22.009],[92.598,22.011],[92.598,22.013],[92.599,22.014],[92.599,22.015],[92.599,22.017],[92.6,22.017],[92.6,22.018],[92.601,22.02],[92.6,22.022],[92.6,22.023],[92.6,22.025],[92.6,22.026],[92.6,22.029],[92.598,22.03],[92.596,22.031],[92.595,22.031],[92.593,22.034],[92.593,22.036],[92.593,22.038],[92.593,22.039],[92.593,22.04],[92.594,22.041],[92.597,22.042],[92.599,22.042],[92.598,22.045],[92.598,22.046],[92.598,22.047],[92.599,22.049],[92.599,22.049],[92.599,22.05],[92.599,22.05],[92.6,22.052],[92.6,22.053],[92.6,22.055],[92.6,22.056],[92.601,22.058],[92.603,22.062],[92.598,22.061],[92.595,22.062],[92.594,22.063],[92.593,22.064],[92.592,22.065],[92.592,22.066],[92.592,22.067],[92.592,22.068],[92.59,22.071],[92.591,22.072],[92.59,22.072],[92.59,22.073],[92.59,22.075],[92.59,22.075],[92.59,22.077],[92.591,22.077],[92.59,22.08],[92.591,22.081],[92.59,22.081],[92.588,22.081],[92.586,22.083],[92.585,22.083],[92.585,22.084],[92.585,22.085],[92.585,22.086],[92.584,22.086],[92.583,22.088],[92.584,22.09],[92.583,22.091],[92.582,22.093],[92.582,22.094],[92.583,22.097],[92.582,22.098],[92.581,22.099],[92.581,22.101],[92.579,22.102],[92.578,22.103],[92.577,22.105],[92.576,22.106],[92.577,22.109],[92.575,22.113],[92.575,22.116],[92.573,22.118],[92.571,22.12],[92.57,22.121],[92.569,22.123],[92.568,22.124],[92.567,22.124],[92.565,22.125],[92.563,22.126],[92.562,22.128],[92.563,22.129],[92.563,22.13],[92.564,22.131],[92.563,22.133],[92.564,22.134],[92.567,22.135],[92.569,22.136],[92.572,22.136],[92.574,22.137],[92.576,22.138],[92.577,22.14],[92.578,22.142],[92.579,22.143],[92.582,22.142],[92.584,22.142],[92.588,22.141],[92.588,22.141],[92.591,22.14],[92.593,22.138],[92.592,22.136],[92.592,22.134],[92.59,22.132],[92.59,22.131],[92.591,22.129],[92.593,22.126],[92.598,22.124],[92.602,22.124],[92.605,22.123],[92.606,22.124],[92.607,22.125],[92.608,22.128],[92.609,22.13],[92.608,22.132],[92.608,22.133],[92.61,22.134],[92.611,22.135],[92.611,22.136],[92.611,22.137],[92.611,22.138],[92.611,22.139],[92.61,22.142],[92.611,22.142],[92.611,22.144],[92.61,22.145],[92.609,22.146],[92.609,22.147],[92.609,22.148],[92.609,22.149],[92.609,22.15],[92.609,22.151],[92.609,22.152],[92.609,22.153],[92.608,22.156],[92.608,22.157],[92.608,22.158],[92.608,22.161],[92.608,22.161],[92.609,22.163],[92.609,22.164],[92.608,22.166],[92.607,22.168],[92.604,22.173],[92.598,22.174],[92.597,22.175],[92.596,22.175],[92.596,22.175],[92.596,22.175],[92.596,22.175],[92.595,22.174],[92.595,22.175],[92.595,22.176],[92.596,22.176],[92.596,22.176],[92.597,22.177],[92.597,22.178],[92.597,22.178],[92.596,22.178],[92.596,22.179],[92.596,22.179],[92.595,22.179],[92.595,22.179],[92.596,22.18],[92.595,22.18],[92.595,22.181],[92.595,22.182],[92.595,22.183],[92.595,22.183],[92.596,22.183],[92.596,22.183],[92.597,22.183],[92.597,22.184],[92.596,22.184],[92.595,22.184],[92.595,22.184],[92.595,22.184],[92.595,22.185],[92.596,22.187],[92.596,22.188],[92.595,22.189],[92.596,22.189],[92.596,22.19],[92.596,22.191],[92.596,22.192],[92.595,22.193],[92.595,22.193],[92.595,22.193],[92.596,22.193],[92.596,22.194],[92.596,22.194],[92.595,22.194],[92.595,22.195],[92.595,22.196],[92.594,22.196],[92.594,22.196],[92.594,22.197],[92.594,22.197],[92.594,22.198],[92.594,22.198],[92.595,22.199],[92.595,22.199],[92.595,22.199],[92.595,22.2],[92.594,22.201],[92.593,22.201],[92.594,22.202],[92.594,22.202],[92.594,22.202],[92.594,22.203],[92.594,22.203],[92.594,22.203],[92.594,22.203],[92.595,22.203],[92.595,22.203],[92.595,22.204],[92.594,22.204],[92.594,22.204],[92.593,22.204],[92.593,22.205],[92.593,22.205],[92.594,22.206],[92.594,22.207],[92.594,22.208],[92.593,22.208],[92.594,22.209],[92.593,22.209],[92.593,22.209],[92.592,22.209],[92.592,22.21],[92.593,22.21],[92.593,22.211],[92.593,22.211],[92.592,22.211],[92.592,22.212],[92.592,22.212],[92.591,22.212],[92.591,22.212],[92.59,22.213],[92.59,22.213],[92.59,22.214],[92.591,22.214],[92.591,22.213],[92.591,22.213],[92.592,22.214],[92.592,22.214],[92.592,22.214],[92.591,22.214],[92.591,22.215],[92.59,22.215],[92.59,22.215],[92.589,22.215],[92.589,22.215],[92.589,22.215],[92.588,22.216],[92.588,22.216],[92.589,22.217],[92.589,22.218],[92.589,22.218],[92.588,22.218],[92.588,22.219],[92.588,22.219],[92.588,22.219],[92.589,22.22],[92.589,22.22],[92.59,22.221],[92.59,22.221],[92.59,22.221],[92.59,22.222],[92.59,22.222],[92.59,22.222],[92.59,22.223],[92.59,22.224],[92.589,22.224],[92.589,22.224],[92.589,22.224],[92.589,22.224],[92.588,22.224],[92.588,22.224],[92.588,22.225],[92.588,22.225],[92.589,22.225],[92.589,22.225],[92.589,22.226],[92.589,22.227],[92.588,22.227],[92.588,22.227],[92.589,22.228],[92.589,22.228],[92.589,22.228],[92.589,22.228],[92.589,22.229],[92.588,22.229],[92.588,22.23],[92.588,22.23],[92.588,22.23],[92.589,22.231],[92.589,22.231],[92.59,22.231],[92.59,22.23],[92.591,22.231],[92.59,22.231],[92.59,22.231],[92.589,22.232],[92.589,22.232],[92.59,22.232],[92.59,22.232],[92.591,22.232],[92.591,22.233],[92.59,22.233],[92.589,22.233],[92.589,22.233],[92.589,22.233],[92.589,22.234],[92.589,22.234],[92.59,22.234],[92.59,22.234],[92.591,22.234],[92.591,22.234],[92.592,22.235],[92.592,22.235],[92.591,22.235],[92.591,22.235],[92.59,22.235],[92.59,22.236],[92.591,22.237],[92.59,22.237],[92.59,22.237],[92.59,22.238],[92.59,22.238],[92.591,22.239],[92.592,22.239],[92.592,22.24],[92.592,22.24],[92.591,22.241],[92.591,22.241],[92.591,22.242],[92.59,22.244],[92.591,22.244],[92.591,22.245],[92.591,22.245],[92.591,22.245],[92.591,22.246],[92.591,22.247],[92.591,22.247],[92.59,22.247],[92.589,22.247],[92.589,22.248],[92.59,22.248],[92.59,22.248],[92.591,22.249],[92.591,22.249],[92.591,22.249],[92.591,22.25],[92.591,22.25],[92.59,22.251],[92.59,22.251],[92.591,22.252],[92.59,22.252],[92.59,22.252],[92.59,22.253],[92.59,22.254],[92.59,22.254],[92.59,22.254],[92.591,22.255],[92.591,22.255],[92.591,22.255],[92.59,22.256],[92.59,22.256],[92.589,22.256],[92.589,22.255],[92.589,22.256],[92.589,22.256],[92.589,22.257],[92.589,22.257],[92.589,22.257],[92.588,22.257],[92.588,22.257],[92.588,22.257],[92.587,22.257],[92.587,22.258],[92.587,22.258],[92.587,22.259],[92.587,22.259],[92.586,22.259],[92.586,22.258],[92.586,22.258],[92.586,22.258],[92.585,22.259],[92.585,22.259],[92.586,22.259],[92.586,22.259],[92.587,22.26],[92.587,22.26],[92.586,22.26],[92.586,22.26],[92.584,22.261],[92.584,22.261],[92.585,22.262],[92.585,22.263],[92.585,22.263],[92.586,22.263],[92.586,22.263],[92.587,22.264],[92.587,22.264],[92.586,22.264],[92.585,22.264],[92.585,22.265],[92.585,22.265],[92.585,22.265],[92.584,22.266],[92.583,22.266],[92.584,22.266],[92.584,22.267],[92.584,22.267],[92.584,22.268],[92.583,22.268],[92.582,22.268],[92.582,22.269],[92.581,22.269],[92.581,22.27],[92.582,22.27],[92.583,22.27],[92.583,22.271],[92.582,22.271],[92.582,22.271],[92.582,22.272],[92.583,22.272],[92.583,22.273],[92.583,22.273],[92.583,22.274],[92.582,22.274],[92.582,22.274],[92.581,22.273],[92.581,22.274],[92.581,22.274],[92.581,22.275],[92.581,22.276],[92.582,22.277],[92.583,22.276],[92.583,22.276],[92.583,22.277],[92.583,22.278],[92.584,22.277],[92.584,22.277],[92.585,22.276],[92.586,22.277],[92.586,22.277],[92.585,22.277],[92.585,22.277],[92.585,22.278],[92.585,22.279],[92.585,22.28],[92.585,22.28],[92.586,22.28],[92.586,22.28],[92.586,22.281],[92.585,22.281],[92.585,22.281],[92.584,22.282],[92.584,22.282],[92.582,22.281],[92.582,22.282],[92.581,22.282],[92.582,22.283],[92.582,22.284],[92.583,22.284],[92.584,22.284],[92.584,22.285],[92.585,22.285],[92.584,22.286],[92.583,22.286],[92.583,22.286],[92.582,22.286],[92.581,22.286],[92.581,22.286],[92.581,22.287],[92.582,22.287],[92.583,22.288],[92.583,22.288],[92.582,22.289],[92.582,22.289],[92.583,22.29],[92.582,22.29],[92.581,22.291],[92.581,22.291],[92.581,22.291],[92.583,22.292],[92.583,22.292],[92.583,22.293],[92.583,22.294],[92.583,22.294],[92.583,22.295],[92.583,22.296],[92.583,22.297],[92.583,22.298],[92.583,22.299],[92.584,22.299],[92.584,22.299],[92.583,22.3],[92.582,22.3],[92.582,22.301],[92.581,22.301],[92.582,22.302],[92.581,22.302],[92.581,22.302],[92.58,22.303],[92.581,22.303],[92.581,22.304],[92.582,22.303],[92.582,22.303],[92.583,22.303],[92.584,22.304],[92.584,22.304],[92.583,22.304],[92.583,22.304],[92.582,22.304],[92.581,22.304],[92.581,22.304],[92.58,22.304],[92.58,22.305],[92.581,22.306],[92.581,22.306],[92.58,22.306],[92.58,22.307],[92.581,22.307],[92.581,22.307],[92.582,22.307],[92.582,22.308],[92.581,22.309],[92.581,22.309],[92.58,22.31],[92.579,22.31],[92.578,22.311],[92.578,22.312],[92.578,22.312],[92.579,22.311],[92.58,22.311],[92.58,22.311],[92.581,22.312],[92.58,22.312],[92.579,22.313],[92.579,22.313],[92.58,22.313],[92.58,22.314],[92.58,22.315],[92.58,22.316],[92.579,22.317],[92.579,22.317],[92.579,22.316],[92.578,22.316],[92.578,22.317],[92.579,22.317],[92.579,22.318],[92.579,22.319],[92.58,22.319],[92.58,22.319],[92.581,22.319],[92.581,22.32],[92.58,22.321],[92.579,22.321],[92.58,22.322],[92.581,22.322],[92.581,22.322],[92.581,22.322],[92.581,22.322],[92.58,22.322],[92.58,22.322],[92.579,22.323],[92.578,22.324],[92.579,22.324],[92.58,22.324],[92.58,22.324],[92.58,22.325],[92.579,22.325],[92.578,22.325],[92.577,22.325],[92.577,22.326],[92.577,22.327],[92.577,22.328],[92.576,22.328],[92.576,22.33],[92.576,22.331],[92.576,22.332],[92.575,22.332],[92.574,22.332],[92.575,22.333],[92.576,22.333],[92.576,22.333],[92.576,22.333],[92.575,22.334],[92.574,22.335],[92.575,22.335],[92.575,22.335],[92.576,22.335],[92.576,22.335],[92.576,22.336],[92.575,22.337],[92.576,22.337],[92.576,22.338],[92.575,22.338],[92.574,22.338],[92.574,22.339],[92.574,22.339],[92.575,22.34],[92.575,22.34],[92.575,22.341],[92.575,22.342],[92.575,22.342],[92.574,22.342],[92.573,22.342],[92.573,22.343],[92.573,22.345],[92.574,22.345],[92.572,22.346],[92.572,22.347],[92.573,22.347],[92.573,22.348],[92.574,22.348],[92.573,22.349],[92.573,22.35],[92.572,22.352],[92.573,22.352],[92.572,22.353],[92.572,22.354],[92.572,22.355],[92.571,22.356],[92.571,22.357],[92.572,22.358],[92.572,22.359],[92.571,22.36],[92.57,22.36],[92.57,22.36],[92.569,22.36],[92.569,22.36],[92.568,22.361],[92.568,22.361],[92.568,22.363],[92.568,22.364],[92.567,22.365],[92.567,22.366],[92.568,22.367],[92.568,22.368],[92.567,22.369],[92.567,22.371],[92.567,22.371],[92.566,22.371],[92.564,22.371],[92.563,22.371],[92.562,22.372],[92.563,22.372],[92.563,22.374],[92.564,22.375],[92.564,22.376],[92.564,22.376],[92.563,22.376],[92.562,22.376],[92.562,22.376],[92.562,22.377],[92.562,22.377],[92.562,22.379],[92.562,22.379],[92.563,22.38],[92.563,22.38],[92.562,22.381],[92.562,22.381],[92.561,22.381],[92.561,22.381],[92.56,22.381],[92.56,22.382],[92.559,22.382],[92.56,22.383],[92.56,22.383],[92.561,22.384],[92.561,22.384],[92.562,22.384],[92.562,22.385],[92.561,22.386],[92.561,22.387],[92.56,22.387],[92.56,22.388],[92.56,22.388],[92.561,22.389],[92.561,22.389],[92.561,22.389],[92.561,22.39],[92.558,22.391],[92.558,22.391],[92.559,22.391],[92.56,22.392],[92.56,22.393],[92.559,22.394],[92.559,22.395],[92.56,22.395],[92.56,22.395],[92.56,22.396],[92.559,22.397],[92.557,22.398],[92.556,22.398],[92.556,22.399],[92.556,22.399],[92.558,22.4],[92.559,22.4],[92.559,22.4],[92.56,22.4],[92.56,22.402],[92.56,22.402],[92.559,22.403],[92.557,22.403],[92.557,22.403],[92.556,22.404],[92.555,22.405],[92.555,22.406],[92.555,22.406],[92.555,22.406],[92.557,22.407],[92.557,22.407],[92.558,22.408],[92.557,22.409],[92.556,22.409],[92.556,22.41],[92.555,22.411],[92.555,22.411],[92.554,22.411],[92.554,22.41],[92.553,22.409],[92.553,22.409],[92.552,22.409],[92.552,22.409],[92.553,22.409],[92.553,22.41],[92.553,22.411],[92.552,22.412],[92.552,22.415],[92.552,22.416],[92.553,22.416],[92.554,22.416],[92.554,22.416],[92.555,22.416],[92.555,22.417],[92.555,22.418],[92.554,22.419],[92.554,22.42],[92.553,22.42],[92.552,22.421],[92.552,22.421],[92.551,22.422],[92.551,22.422],[92.551,22.424],[92.551,22.424],[92.551,22.424],[92.552,22.423],[92.552,22.422],[92.552,22.423],[92.553,22.422],[92.554,22.422],[92.554,22.423],[92.555,22.424],[92.555,22.423],[92.556,22.423],[92.556,22.423],[92.556,22.424],[92.557,22.424],[92.556,22.425],[92.556,22.425],[92.555,22.425],[92.555,22.425],[92.555,22.426],[92.556,22.427],[92.555,22.427],[92.555,22.427],[92.554,22.427],[92.553,22.426],[92.552,22.427],[92.551,22.427],[92.551,22.427],[92.552,22.428],[92.552,22.429],[92.553,22.429],[92.553,22.428],[92.554,22.427],[92.554,22.427],[92.554,22.428],[92.555,22.429],[92.555,22.43],[92.555,22.431],[92.555,22.432],[92.555,22.432],[92.554,22.433],[92.554,22.433],[92.553,22.434],[92.554,22.435],[92.554,22.435],[92.554,22.435],[92.554,22.436],[92.554,22.437],[92.553,22.437],[92.552,22.437],[92.551,22.438],[92.551,22.438],[92.551,22.438],[92.552,22.438],[92.553,22.439],[92.553,22.439],[92.552,22.44],[92.552,22.441],[92.552,22.441],[92.552,22.442],[92.552,22.442],[92.552,22.442],[92.551,22.443],[92.55,22.443],[92.55,22.443],[92.55,22.444],[92.55,22.445],[92.551,22.446],[92.551,22.446],[92.551,22.447],[92.551,22.447],[92.551,22.447],[92.551,22.447],[92.55,22.448],[92.55,22.448],[92.551,22.448],[92.552,22.449],[92.552,22.449],[92.552,22.449],[92.551,22.45],[92.551,22.45],[92.55,22.451],[92.55,22.451],[92.551,22.452],[92.551,22.453],[92.551,22.453],[92.551,22.454],[92.55,22.455],[92.55,22.455],[92.549,22.455],[92.548,22.456],[92.548,22.456],[92.548,22.456],[92.548,22.457],[92.548,22.457],[92.549,22.457],[92.549,22.457],[92.549,22.458],[92.549,22.459],[92.549,22.46],[92.549,22.46],[92.548,22.461],[92.548,22.461],[92.546,22.462],[92.545,22.463],[92.546,22.463],[92.546,22.464],[92.547,22.464],[92.548,22.465],[92.548,22.465],[92.548,22.466],[92.548,22.467],[92.547,22.467],[92.547,22.468],[92.546,22.468],[92.546,22.468],[92.546,22.469],[92.546,22.47],[92.546,22.471],[92.546,22.472],[92.546,22.473],[92.546,22.474],[92.547,22.475],[92.547,22.475],[92.547,22.476],[92.547,22.477],[92.547,22.477],[92.547,22.477],[92.547,22.477],[92.546,22.478],[92.546,22.478],[92.546,22.478],[92.545,22.479],[92.545,22.479],[92.546,22.479],[92.546,22.48],[92.546,22.48],[92.546,22.481],[92.545,22.481],[92.545,22.482],[92.545,22.482],[92.546,22.483],[92.545,22.484],[92.545,22.484],[92.545,22.485],[92.545,22.485],[92.545,22.486],[92.546,22.487],[92.546,22.487],[92.546,22.488],[92.546,22.489],[92.546,22.489],[92.546,22.489],[92.545,22.49],[92.545,22.49],[92.544,22.49],[92.543,22.49],[92.543,22.491],[92.543,22.491],[92.544,22.492],[92.544,22.492],[92.544,22.493],[92.543,22.493],[92.544,22.494],[92.544,22.494],[92.544,22.495],[92.545,22.495],[92.546,22.495],[92.546,22.495],[92.547,22.495],[92.547,22.495],[92.548,22.496],[92.548,22.496],[92.549,22.496],[92.55,22.496],[92.55,22.497],[92.55,22.497],[92.55,22.498],[92.55,22.498],[92.55,22.498],[92.549,22.498],[92.549,22.498],[92.549,22.498],[92.548,22.498],[92.546,22.499],[92.545,22.499],[92.544,22.498],[92.543,22.498],[92.543,22.499],[92.543,22.499],[92.543,22.5],[92.543,22.5],[92.544,22.5],[92.544,22.5],[92.544,22.501],[92.545,22.5],[92.545,22.5],[92.546,22.499],[92.546,22.499],[92.547,22.5],[92.547,22.5],[92.547,22.501],[92.547,22.502],[92.548,22.501],[92.549,22.501],[92.549,22.501],[92.549,22.502],[92.549,22.503],[92.549,22.503],[92.549,22.503],[92.548,22.503],[92.548,22.503],[92.547,22.504],[92.547,22.504],[92.548,22.504],[92.548,22.505],[92.548,22.507],[92.548,22.507],[92.548,22.508],[92.549,22.507],[92.55,22.507],[92.55,22.507],[92.551,22.507],[92.551,22.508],[92.551,22.51],[92.551,22.51],[92.55,22.51],[92.549,22.51],[92.549,22.51],[92.548,22.51],[92.547,22.51],[92.546,22.51],[92.547,22.51],[92.547,22.511],[92.549,22.511],[92.549,22.511],[92.55,22.512],[92.551,22.512],[92.551,22.513],[92.551,22.514],[92.55,22.514],[92.55,22.515],[92.549,22.515],[92.548,22.515],[92.547,22.515],[92.547,22.515],[92.547,22.516],[92.548,22.517],[92.547,22.517],[92.547,22.517],[92.546,22.516],[92.546,22.516],[92.546,22.515],[92.545,22.514],[92.545,22.513],[92.544,22.513],[92.544,22.513],[92.543,22.514],[92.543,22.515],[92.544,22.515],[92.544,22.516],[92.544,22.517],[92.544,22.517],[92.545,22.517],[92.545,22.517],[92.546,22.518],[92.546,22.518],[92.545,22.518],[92.545,22.519],[92.545,22.52],[92.544,22.521],[92.544,22.521],[92.543,22.521],[92.543,22.522],[92.542,22.522],[92.542,22.523],[92.542,22.524],[92.542,22.524],[92.542,22.524],[92.543,22.524],[92.543,22.525],[92.544,22.525],[92.543,22.525],[92.543,22.525],[92.542,22.525],[92.541,22.526],[92.541,22.526],[92.541,22.526],[92.54,22.526],[92.54,22.526],[92.541,22.527],[92.541,22.527],[92.541,22.528],[92.541,22.528],[92.54,22.528],[92.54,22.529],[92.539,22.529],[92.539,22.53],[92.54,22.53],[92.541,22.53],[92.541,22.53],[92.541,22.531],[92.541,22.532],[92.541,22.533],[92.541,22.534],[92.541,22.534],[92.541,22.535],[92.541,22.535],[92.54,22.535],[92.54,22.535],[92.539,22.534],[92.539,22.534],[92.539,22.535],[92.538,22.536],[92.539,22.536],[92.539,22.537],[92.54,22.537],[92.54,22.538],[92.539,22.538],[92.539,22.539],[92.539,22.539],[92.54,22.541],[92.54,22.541],[92.539,22.541],[92.539,22.541],[92.538,22.542],[92.537,22.542],[92.537,22.542],[92.537,22.543],[92.537,22.544],[92.538,22.545],[92.538,22.545],[92.537,22.546],[92.537,22.545],[92.536,22.545],[92.535,22.545],[92.534,22.544],[92.533,22.545],[92.532,22.545],[92.531,22.545],[92.531,22.546],[92.531,22.547],[92.532,22.548],[92.532,22.549],[92.532,22.55],[92.532,22.55],[92.532,22.551],[92.532,22.552],[92.531,22.554],[92.53,22.555],[92.529,22.556],[92.529,22.556],[92.528,22.557],[92.528,22.557],[92.527,22.558],[92.527,22.558],[92.526,22.558],[92.526,22.558],[92.524,22.558],[92.523,22.559],[92.523,22.559],[92.522,22.56],[92.522,22.561],[92.523,22.561],[92.524,22.561],[92.524,22.561],[92.525,22.562],[92.526,22.563],[92.527,22.565],[92.528,22.566],[92.528,22.567],[92.528,22.569],[92.528,22.571],[92.527,22.573],[92.527,22.573],[92.528,22.573],[92.53,22.573],[92.531,22.573],[92.533,22.572],[92.535,22.573],[92.536,22.573],[92.537,22.574],[92.538,22.575],[92.538,22.576],[92.538,22.577],[92.537,22.579],[92.536,22.579],[92.537,22.58],[92.537,22.58],[92.538,22.582],[92.537,22.584],[92.537,22.585],[92.537,22.585],[92.538,22.585],[92.538,22.586],[92.538,22.586],[92.537,22.586],[92.536,22.586],[92.535,22.585],[92.534,22.585],[92.533,22.586],[92.533,22.587],[92.533,22.588],[92.534,22.589],[92.534,22.588],[92.536,22.587],[92.536,22.587],[92.537,22.588],[92.539,22.588],[92.539,22.589],[92.539,22.59],[92.539,22.59],[92.538,22.59],[92.537,22.59],[92.537,22.589],[92.536,22.589],[92.536,22.591],[92.535,22.591],[92.535,22.592],[92.535,22.592],[92.536,22.592],[92.536,22.592],[92.537,22.592],[92.537,22.594],[92.537,22.595],[92.536,22.595],[92.536,22.596],[92.536,22.597],[92.535,22.598],[92.535,22.599],[92.535,22.599],[92.536,22.6],[92.535,22.6],[92.534,22.601],[92.534,22.602],[92.533,22.602],[92.531,22.603],[92.53,22.603],[92.53,22.605],[92.53,22.608],[92.53,22.609],[92.53,22.609],[92.53,22.61],[92.531,22.609],[92.532,22.609],[92.533,22.609],[92.533,22.608],[92.534,22.608],[92.534,22.608],[92.535,22.609],[92.535,22.61],[92.535,22.61],[92.535,22.611],[92.535,22.612],[92.534,22.612],[92.533,22.612],[92.532,22.612],[92.531,22.613],[92.53,22.615],[92.529,22.616],[92.529,22.618],[92.53,22.62],[92.53,22.62],[92.53,22.621],[92.53,22.621],[92.529,22.621],[92.527,22.621],[92.527,22.621],[92.529,22.624],[92.53,22.625],[92.531,22.626],[92.532,22.627],[92.532,22.628],[92.532,22.628],[92.532,22.629],[92.532,22.63],[92.532,22.632],[92.532,22.633],[92.532,22.634],[92.53,22.633],[92.529,22.633],[92.527,22.633],[92.526,22.633],[92.526,22.634],[92.526,22.635],[92.527,22.635],[92.528,22.636],[92.527,22.637],[92.526,22.637],[92.526,22.637],[92.527,22.639],[92.527,22.639],[92.526,22.64],[92.525,22.64],[92.525,22.64],[92.525,22.642],[92.525,22.643],[92.525,22.645],[92.524,22.648],[92.525,22.649],[92.525,22.65],[92.525,22.651],[92.526,22.651],[92.527,22.65],[92.528,22.651],[92.527,22.651],[92.527,22.652],[92.527,22.653],[92.527,22.654],[92.526,22.654],[92.525,22.654],[92.525,22.654],[92.524,22.655],[92.523,22.656],[92.524,22.656],[92.524,22.657],[92.524,22.659],[92.525,22.659],[92.526,22.659],[92.527,22.659],[92.527,22.659],[92.528,22.66],[92.528,22.66],[92.527,22.66],[92.527,22.661],[92.527,22.661],[92.527,22.662],[92.528,22.663],[92.529,22.664],[92.529,22.666],[92.528,22.666],[92.527,22.665],[92.526,22.665],[92.526,22.666],[92.526,22.668],[92.526,22.669],[92.526,22.671],[92.526,22.671],[92.525,22.672],[92.526,22.672],[92.526,22.673],[92.526,22.674],[92.525,22.674],[92.523,22.674],[92.522,22.674],[92.522,22.675],[92.523,22.676],[92.523,22.679],[92.523,22.68],[92.522,22.681],[92.521,22.682],[92.521,22.682],[92.521,22.684],[92.521,22.685],[92.521,22.686],[92.52,22.686],[92.52,22.687],[92.519,22.687],[92.519,22.688],[92.519,22.69],[92.519,22.691],[92.519,22.692],[92.519,22.693],[92.519,22.694],[92.519,22.695],[92.518,22.697],[92.517,22.699],[92.517,22.701],[92.516,22.703],[92.516,22.704],[92.516,22.705],[92.516,22.706],[92.515,22.706],[92.515,22.707],[92.514,22.708],[92.514,22.708],[92.514,22.71],[92.514,22.711],[92.514,22.711],[92.515,22.712],[92.515,22.712],[92.517,22.714],[92.518,22.716],[92.517,22.718],[92.517,22.718],[92.517,22.719],[92.517,22.72],[92.516,22.721],[92.517,22.722],[92.517,22.723],[92.516,22.723],[92.515,22.724],[92.514,22.724],[92.514,22.723],[92.514,22.724],[92.514,22.725],[92.514,22.725],[92.511,22.728],[92.51,22.729],[92.51,22.73],[92.513,22.732],[92.513,22.733],[92.512,22.733],[92.51,22.733],[92.509,22.732],[92.509,22.732],[92.508,22.734],[92.508,22.736],[92.507,22.738],[92.506,22.739],[92.505,22.739],[92.504,22.738],[92.502,22.737],[92.499,22.738],[92.498,22.739],[92.497,22.74],[92.495,22.74],[92.494,22.74],[92.494,22.742],[92.493,22.743],[92.492,22.741],[92.491,22.741],[92.491,22.742],[92.491,22.745],[92.49,22.746],[92.488,22.747],[92.484,22.747],[92.482,22.747],[92.48,22.747],[92.479,22.746],[92.477,22.746],[92.476,22.745],[92.475,22.746],[92.474,22.747],[92.474,22.747],[92.475,22.747],[92.476,22.749],[92.477,22.751],[92.478,22.751],[92.479,22.752],[92.479,22.752],[92.479,22.753],[92.478,22.754],[92.477,22.754],[92.476,22.755],[92.476,22.757],[92.477,22.758],[92.477,22.759],[92.476,22.76],[92.474,22.76],[92.474,22.76],[92.474,22.761],[92.475,22.763],[92.476,22.764],[92.476,22.765],[92.474,22.765],[92.473,22.765],[92.473,22.765],[92.473,22.767],[92.474,22.769],[92.474,22.77],[92.476,22.771],[92.476,22.771],[92.475,22.773],[92.474,22.775],[92.472,22.777],[92.472,22.778],[92.473,22.78],[92.473,22.781],[92.473,22.783],[92.473,22.784],[92.472,22.784],[92.471,22.783],[92.47,22.782],[92.469,22.782],[92.469,22.783],[92.469,22.783],[92.47,22.785],[92.47,22.787],[92.469,22.788],[92.47,22.789],[92.471,22.789],[92.471,22.791],[92.471,22.793],[92.471,22.795],[92.472,22.795],[92.472,22.796],[92.471,22.798],[92.47,22.799],[92.467,22.8],[92.466,22.802],[92.465,22.803],[92.465,22.805],[92.465,22.806],[92.466,22.806],[92.467,22.808],[92.466,22.809],[92.464,22.811],[92.463,22.811],[92.462,22.81],[92.463,22.808],[92.463,22.807],[92.462,22.807],[92.461,22.808],[92.461,22.811],[92.46,22.813],[92.458,22.816],[92.458,22.817],[92.459,22.818],[92.459,22.819],[92.458,22.819],[92.456,22.819],[92.454,22.819],[92.455,22.82],[92.456,22.82],[92.457,22.821],[92.458,22.822],[92.458,22.824],[92.457,22.825],[92.455,22.825],[92.455,22.826],[92.456,22.826],[92.458,22.827],[92.46,22.828],[92.462,22.831],[92.461,22.831],[92.46,22.833],[92.459,22.834],[92.458,22.836],[92.457,22.838],[92.455,22.841],[92.453,22.842],[92.453,22.843],[92.453,22.843],[92.454,22.843],[92.456,22.842],[92.457,22.842],[92.458,22.841],[92.46,22.841],[92.462,22.841],[92.463,22.842],[92.464,22.842],[92.463,22.843],[92.462,22.844],[92.461,22.844],[92.459,22.845],[92.458,22.846],[92.459,22.846],[92.46,22.847],[92.459,22.848],[92.459,22.848],[92.46,22.849],[92.46,22.85],[92.46,22.851],[92.459,22.851],[92.458,22.85],[92.457,22.85],[92.457,22.85],[92.457,22.851],[92.457,22.851],[92.457,22.852],[92.457,22.853],[92.458,22.853],[92.458,22.853],[92.459,22.853],[92.46,22.853],[92.461,22.852],[92.462,22.852],[92.462,22.852],[92.463,22.853],[92.464,22.853],[92.464,22.854],[92.464,22.855],[92.464,22.855],[92.463,22.856],[92.463,22.856],[92.462,22.856],[92.462,22.857],[92.461,22.857],[92.46,22.858],[92.46,22.859],[92.46,22.859],[92.46,22.859],[92.461,22.86],[92.461,22.86],[92.462,22.861],[92.462,22.861],[92.461,22.861],[92.461,22.862],[92.46,22.861],[92.459,22.861],[92.458,22.861],[92.457,22.861],[92.456,22.861],[92.455,22.861],[92.455,22.861],[92.454,22.861],[92.454,22.861],[92.453,22.861],[92.453,22.862],[92.452,22.862],[92.452,22.863],[92.452,22.864],[92.452,22.865],[92.452,22.866],[92.453,22.866],[92.453,22.867],[92.454,22.867],[92.454,22.867],[92.454,22.868],[92.454,22.869],[92.454,22.87],[92.455,22.87],[92.455,22.87],[92.456,22.87],[92.456,22.87],[92.457,22.87],[92.457,22.87],[92.457,22.87],[92.458,22.87],[92.459,22.87],[92.459,22.87],[92.46,22.87],[92.46,22.871],[92.46,22.871],[92.46,22.872],[92.459,22.872],[92.458,22.872],[92.457,22.873],[92.456,22.873],[92.455,22.874],[92.454,22.874],[92.454,22.875],[92.453,22.875],[92.452,22.875],[92.451,22.875],[92.45,22.876],[92.449,22.876],[92.448,22.877],[92.448,22.877],[92.448,22.878],[92.448,22.878],[92.448,22.879],[92.448,22.88],[92.448,22.881],[92.448,22.883],[92.45,22.887],[92.45,22.888],[92.451,22.89],[92.45,22.893],[92.45,22.894],[92.448,22.896],[92.447,22.897],[92.446,22.897],[92.446,22.897],[92.445,22.896],[92.444,22.894],[92.443,22.893],[92.441,22.891],[92.439,22.889],[92.438,22.888],[92.436,22.885],[92.435,22.885],[92.434,22.886],[92.433,22.887],[92.433,22.888],[92.433,22.889],[92.434,22.891],[92.433,22.893],[92.431,22.894],[92.428,22.895],[92.428,22.896],[92.427,22.897],[92.426,22.897],[92.425,22.899],[92.424,22.902],[92.424,22.903],[92.423,22.905],[92.422,22.906],[92.421,22.908],[92.421,22.909],[92.42,22.91],[92.42,22.911],[92.419,22.912],[92.42,22.913],[92.421,22.915],[92.421,22.915],[92.421,22.917],[92.421,22.918],[92.421,22.919],[92.42,22.919],[92.419,22.919],[92.417,22.917],[92.414,22.914],[92.413,22.913],[92.411,22.914],[92.408,22.916],[92.407,22.918],[92.407,22.918],[92.405,22.918],[92.404,22.918],[92.403,22.917],[92.403,22.917],[92.403,22.915],[92.403,22.913],[92.403,22.912],[92.402,22.912],[92.401,22.912],[92.399,22.913],[92.397,22.916],[92.397,22.918],[92.397,22.918],[92.398,22.919],[92.4,22.922],[92.401,22.923],[92.401,22.923],[92.401,22.925],[92.399,22.927],[92.397,22.93],[92.396,22.931],[92.391,22.931],[92.385,22.929],[92.381,22.929],[92.378,22.929],[92.376,22.929],[92.376,22.93],[92.377,22.931],[92.377,22.932],[92.377,22.934],[92.376,22.935],[92.374,22.935],[92.373,22.935],[92.372,22.936],[92.372,22.937],[92.374,22.937],[92.376,22.937],[92.376,22.937],[92.373,22.939],[92.373,22.94],[92.374,22.942],[92.373,22.943],[92.375,22.946],[92.375,22.947],[92.375,22.948],[92.376,22.947],[92.376,22.947],[92.377,22.948],[92.377,22.949],[92.376,22.95],[92.377,22.951],[92.378,22.953],[92.378,22.955],[92.377,22.956],[92.376,22.955],[92.375,22.954],[92.374,22.953],[92.375,22.955],[92.375,22.956],[92.373,22.958],[92.373,22.959],[92.375,22.959],[92.377,22.959],[92.377,22.96],[92.375,22.96],[92.374,22.961],[92.374,22.963],[92.376,22.964],[92.374,22.965],[92.374,22.966],[92.375,22.967],[92.374,22.97],[92.374,22.971],[92.375,22.972],[92.377,22.974],[92.377,22.974],[92.378,22.975],[92.378,22.977],[92.379,22.977],[92.379,22.977],[92.379,22.976],[92.38,22.975],[92.38,22.976],[92.381,22.978],[92.381,22.979],[92.381,22.98],[92.379,22.98],[92.379,22.98],[92.38,22.982],[92.381,22.982],[92.383,22.982],[92.384,22.982],[92.384,22.983],[92.385,22.985],[92.385,22.986],[92.383,22.987],[92.382,22.987],[92.382,22.988],[92.382,22.99],[92.384,22.991],[92.385,22.992],[92.385,22.993],[92.384,22.994],[92.384,22.995],[92.383,22.997],[92.382,22.999],[92.382,23.001],[92.382,23.002],[92.383,23.002],[92.384,23.006],[92.383,23.009],[92.383,23.009],[92.385,23.009],[92.384,23.01],[92.383,23.01],[92.38,23.011],[92.38,23.012],[92.38,23.014],[92.38,23.015],[92.38,23.017],[92.381,23.018],[92.381,23.018],[92.382,23.019],[92.382,23.019],[92.382,23.02],[92.382,23.022],[92.383,23.022],[92.383,23.023],[92.383,23.023],[92.383,23.023],[92.383,23.023],[92.383,23.024],[92.383,23.024],[92.383,23.025],[92.383,23.025],[92.383,23.026],[92.383,23.026],[92.383,23.026],[92.384,23.027],[92.385,23.027],[92.385,23.028],[92.384,23.029],[92.384,23.029],[92.383,23.03],[92.383,23.031],[92.383,23.032],[92.383,23.033],[92.382,23.033],[92.382,23.033],[92.383,23.034],[92.383,23.036],[92.383,23.036],[92.383,23.037],[92.383,23.038],[92.384,23.038],[92.385,23.039],[92.386,23.039],[92.387,23.04],[92.387,23.04],[92.388,23.04],[92.388,23.04],[92.387,23.041],[92.388,23.042],[92.388,23.043],[92.388,23.044],[92.388,23.045],[92.389,23.045],[92.389,23.046],[92.389,23.046],[92.389,23.046],[92.389,23.047],[92.389,23.047],[92.389,23.048],[92.388,23.049],[92.388,23.049],[92.389,23.049],[92.389,23.049],[92.391,23.049],[92.391,23.049],[92.391,23.05],[92.39,23.051],[92.39,23.052],[92.39,23.052],[92.391,23.052],[92.391,23.052],[92.391,23.053],[92.392,23.053],[92.392,23.053],[92.392,23.054],[92.392,23.054],[92.391,23.054],[92.391,23.055],[92.39,23.055],[92.391,23.055],[92.391,23.056],[92.391,23.056],[92.391,23.056],[92.392,23.056],[92.392,23.056],[92.392,23.056],[92.392,23.056],[92.392,23.057],[92.392,23.058],[92.392,23.059],[92.391,23.059],[92.391,23.06],[92.391,23.06],[92.391,23.061],[92.39,23.061],[92.389,23.061],[92.389,23.061],[92.389,23.061],[92.388,23.061],[92.388,23.061],[92.388,23.062],[92.387,23.062],[92.387,23.063],[92.387,23.063],[92.387,23.063],[92.388,23.064],[92.388,23.064],[92.389,23.064],[92.389,23.064],[92.389,23.065],[92.389,23.065],[92.388,23.065],[92.388,23.065],[92.388,23.066],[92.387,23.066],[92.387,23.066],[92.387,23.066],[92.388,23.067],[92.387,23.067],[92.387,23.068],[92.385,23.068],[92.385,23.069],[92.385,23.069],[92.385,23.069],[92.385,23.07],[92.384,23.071],[92.384,23.071],[92.384,23.071],[92.383,23.072],[92.383,23.072],[92.383,23.073],[92.383,23.073],[92.384,23.074],[92.384,23.074],[92.385,23.074],[92.385,23.074],[92.385,23.075],[92.385,23.075],[92.385,23.076],[92.385,23.077],[92.385,23.077],[92.385,23.078],[92.385,23.078],[92.384,23.079],[92.383,23.08],[92.382,23.08],[92.381,23.08],[92.381,23.081],[92.38,23.081],[92.38,23.082],[92.381,23.082],[92.381,23.083],[92.38,23.083],[92.379,23.084],[92.379,23.084],[92.38,23.085],[92.381,23.085],[92.38,23.086],[92.38,23.086],[92.38,23.087],[92.379,23.087],[92.379,23.087],[92.378,23.087],[92.378,23.087],[92.377,23.087],[92.377,23.087],[92.377,23.087],[92.377,23.087],[92.377,23.086],[92.377,23.086],[92.377,23.085],[92.376,23.085],[92.375,23.085],[92.375,23.085],[92.375,23.085],[92.374,23.086],[92.374,23.086],[92.374,23.087],[92.373,23.087],[92.372,23.087],[92.372,23.087],[92.372,23.088],[92.373,23.088],[92.373,23.088],[92.372,23.088],[92.372,23.089],[92.371,23.089],[92.371,23.089],[92.371,23.09],[92.371,23.09],[92.371,23.091],[92.371,23.092],[92.371,23.092],[92.37,23.093],[92.37,23.094],[92.37,23.094],[92.37,23.095],[92.369,23.095],[92.369,23.095],[92.369,23.095],[92.37,23.096],[92.37,23.096],[92.37,23.097],[92.367,23.096],[92.367,23.096],[92.366,23.097],[92.366,23.097],[92.365,23.098],[92.365,23.098],[92.364,23.098],[92.363,23.098],[92.363,23.098],[92.363,23.097],[92.363,23.098],[92.362,23.098],[92.362,23.098],[92.362,23.098],[92.361,23.099],[92.361,23.099],[92.362,23.1],[92.362,23.101],[92.36,23.101],[92.36,23.101],[92.36,23.101],[92.36,23.101],[92.361,23.102],[92.361,23.102],[92.36,23.102],[92.36,23.103],[92.359,23.103],[92.359,23.103],[92.358,23.103],[92.359,23.104],[92.36,23.105],[92.36,23.105],[92.36,23.106],[92.36,23.106],[92.359,23.106],[92.358,23.106],[92.359,23.108],[92.359,23.109],[92.36,23.11],[92.36,23.11],[92.361,23.111],[92.361,23.112],[92.361,23.112],[92.361,23.113],[92.36,23.113],[92.361,23.114],[92.362,23.115],[92.363,23.116],[92.363,23.116],[92.363,23.117],[92.363,23.117],[92.362,23.117],[92.362,23.118],[92.363,23.118],[92.363,23.118],[92.363,23.119],[92.364,23.119],[92.364,23.12],[92.365,23.12],[92.364,23.12],[92.364,23.121],[92.364,23.121],[92.365,23.121],[92.366,23.122],[92.367,23.123],[92.366,23.124],[92.366,23.125],[92.366,23.125],[92.367,23.125],[92.367,23.125],[92.367,23.125],[92.367,23.126],[92.368,23.127],[92.368,23.127],[92.367,23.127],[92.366,23.127],[92.365,23.127],[92.365,23.128],[92.364,23.129],[92.363,23.13],[92.363,23.13],[92.363,23.13],[92.363,23.131],[92.363,23.131],[92.363,23.131],[92.362,23.131],[92.362,23.131],[92.361,23.131],[92.36,23.132],[92.359,23.133],[92.358,23.134],[92.358,23.134],[92.358,23.134],[92.357,23.134],[92.357,23.134],[92.357,23.135],[92.357,23.136],[92.357,23.137],[92.358,23.137],[92.358,23.138],[92.359,23.14],[92.359,23.14],[92.359,23.141],[92.359,23.141],[92.36,23.141],[92.36,23.142],[92.36,23.142],[92.359,23.143],[92.359,23.143],[92.36,23.144],[92.36,23.145],[92.361,23.145],[92.361,23.145],[92.361,23.146],[92.361,23.147],[92.36,23.147],[92.36,23.147],[92.36,23.146],[92.359,23.146],[92.359,23.146],[92.359,23.146],[92.358,23.147],[92.359,23.147],[92.359,23.147],[92.359,23.147],[92.36,23.148],[92.36,23.149],[92.36,23.149],[92.36,23.149],[92.359,23.149],[92.359,23.15],[92.36,23.15],[92.36,23.15],[92.361,23.15],[92.361,23.151],[92.361,23.151],[92.36,23.152],[92.361,23.153],[92.361,23.153],[92.361,23.153],[92.361,23.153],[92.362,23.153],[92.362,23.153],[92.362,23.153],[92.361,23.154],[92.362,23.155],[92.362,23.156],[92.362,23.156],[92.362,23.156],[92.363,23.157],[92.364,23.156],[92.365,23.157],[92.364,23.157],[92.364,23.157],[92.364,23.158],[92.364,23.158],[92.363,23.158],[92.363,23.159],[92.363,23.16],[92.363,23.16],[92.362,23.161],[92.362,23.161],[92.362,23.162],[92.362,23.162],[92.361,23.162],[92.36,23.162],[92.361,23.162],[92.361,23.163],[92.362,23.164],[92.362,23.164],[92.362,23.165],[92.363,23.165],[92.362,23.166],[92.361,23.167],[92.362,23.167],[92.362,23.167],[92.361,23.168],[92.36,23.168],[92.358,23.169],[92.358,23.169],[92.358,23.17],[92.358,23.171],[92.357,23.171],[92.357,23.172],[92.357,23.173],[92.357,23.173],[92.357,23.174],[92.357,23.176],[92.357,23.177],[92.357,23.178],[92.357,23.178],[92.355,23.179],[92.354,23.179],[92.355,23.179],[92.356,23.18],[92.356,23.18],[92.356,23.181],[92.358,23.18],[92.36,23.18],[92.361,23.18],[92.361,23.181],[92.361,23.182],[92.361,23.182],[92.36,23.183],[92.36,23.184],[92.359,23.184],[92.359,23.185],[92.358,23.185],[92.357,23.185],[92.357,23.185],[92.356,23.185],[92.357,23.185],[92.356,23.185],[92.356,23.184],[92.355,23.184],[92.354,23.184],[92.354,23.185],[92.354,23.185],[92.354,23.185],[92.355,23.185],[92.355,23.185],[92.355,23.186],[92.354,23.186],[92.354,23.186],[92.354,23.187],[92.354,23.187],[92.354,23.188],[92.354,23.188],[92.353,23.189],[92.354,23.19],[92.354,23.19],[92.354,23.191],[92.354,23.191],[92.353,23.192],[92.353,23.192],[92.353,23.192],[92.353,23.193],[92.353,23.193],[92.353,23.193],[92.353,23.194],[92.353,23.194],[92.353,23.194],[92.352,23.194],[92.353,23.194],[92.353,23.195],[92.353,23.195],[92.353,23.196],[92.353,23.196],[92.353,23.197],[92.354,23.197],[92.354,23.197],[92.354,23.198],[92.354,23.198],[92.355,23.199],[92.355,23.199],[92.354,23.2],[92.354,23.2],[92.354,23.2],[92.355,23.2],[92.354,23.201],[92.354,23.201],[92.354,23.201],[92.354,23.202],[92.354,23.202],[92.354,23.202],[92.354,23.202],[92.354,23.202],[92.354,23.203],[92.353,23.203],[92.354,23.203],[92.354,23.203],[92.353,23.203],[92.353,23.204],[92.354,23.204],[92.354,23.204],[92.354,23.204],[92.354,23.204],[92.354,23.204],[92.354,23.204],[92.354,23.204],[92.354,23.204],[92.354,23.204],[92.354,23.205],[92.354,23.204],[92.354,23.205],[92.353,23.205],[92.353,23.205],[92.353,23.205],[92.353,23.205],[92.353,23.205],[92.353,23.205],[92.353,23.205],[92.353,23.206],[92.353,23.206],[92.353,23.206],[92.353,23.206],[92.353,23.206],[92.353,23.206],[92.353,23.206],[92.353,23.206],[92.353,23.207],[92.353,23.207],[92.353,23.207],[92.354,23.207],[92.353,23.207],[92.353,23.207],[92.353,23.207],[92.354,23.207],[92.354,23.207],[92.354,23.207],[92.354,23.207],[92.354,23.207],[92.355,23.208],[92.354,23.208],[92.354,23.208],[92.354,23.208],[92.354,23.208],[92.354,23.208],[92.354,23.208],[92.354,23.208],[92.355,23.208],[92.354,23.208],[92.354,23.209],[92.354,23.209],[92.354,23.209],[92.354,23.21],[92.354,23.21],[92.354,23.21],[92.354,23.21],[92.354,23.211],[92.354,23.211],[92.354,23.211],[92.354,23.211],[92.354,23.211],[92.354,23.211],[92.354,23.211],[92.354,23.211],[92.354,23.212],[92.354,23.212],[92.354,23.212],[92.354,23.212],[92.353,23.212],[92.354,23.212],[92.354,23.212],[92.354,23.212],[92.354,23.212],[92.354,23.212],[92.354,23.213],[92.354,23.213],[92.354,23.213],[92.354,23.213],[92.354,23.213],[92.354,23.213],[92.354,23.213],[92.354,23.213],[92.353,23.213],[92.353,23.213],[92.354,23.213],[92.353,23.214],[92.353,23.214],[92.353,23.214],[92.353,23.214],[92.353,23.214],[92.353,23.215],[92.353,23.215],[92.353,23.214],[92.353,23.214],[92.353,23.215],[92.353,23.215],[92.353,23.215],[92.354,23.215],[92.354,23.215],[92.354,23.215],[92.353,23.215],[92.354,23.215],[92.354,23.215],[92.354,23.215],[92.354,23.216],[92.354,23.216],[92.354,23.216],[92.354,23.216],[92.354,23.216],[92.353,23.216],[92.353,23.216],[92.353,23.216],[92.354,23.216],[92.354,23.216],[92.354,23.216],[92.354,23.216],[92.354,23.217],[92.354,23.217],[92.354,23.217],[92.354,23.217],[92.354,23.217],[92.354,23.217],[92.354,23.217],[92.354,23.218],[92.353,23.218],[92.353,23.218],[92.353,23.218],[92.353,23.218],[92.354,23.218],[92.354,23.218],[92.354,23.218],[92.353,23.218],[92.354,23.219],[92.354,23.219],[92.354,23.219],[92.354,23.219],[92.354,23.219],[92.354,23.219],[92.354,23.219],[92.354,23.219],[92.354,23.219],[92.354,23.219],[92.354,23.22],[92.354,23.22],[92.354,23.22],[92.354,23.22],[92.354,23.22],[92.354,23.22],[92.354,23.22],[92.354,23.22],[92.354,23.221],[92.354,23.221],[92.354,23.221],[92.354,23.221],[92.354,23.221],[92.354,23.221],[92.354,23.221],[92.354,23.221],[92.354,23.222],[92.354,23.222],[92.354,23.222],[92.353,23.222],[92.353,23.223],[92.353,23.223],[92.353,23.223],[92.353,23.223],[92.353,23.223],[92.353,23.224],[92.353,23.224],[92.354,23.224],[92.353,23.224],[92.353,23.225],[92.353,23.225],[92.353,23.225],[92.353,23.225],[92.353,23.225],[92.353,23.225],[92.353,23.225],[92.353,23.225],[92.353,23.225],[92.353,23.226],[92.353,23.226],[92.353,23.226],[92.353,23.226],[92.352,23.226],[92.352,23.227],[92.352,23.227],[92.352,23.227],[92.352,23.228],[92.352,23.228],[92.352,23.228],[92.352,23.228],[92.352,23.228],[92.352,23.229],[92.352,23.229],[92.352,23.229],[92.352,23.229],[92.351,23.23],[92.351,23.23],[92.351,23.231],[92.351,23.231],[92.351,23.231],[92.351,23.231],[92.351,23.232],[92.351,23.232],[92.351,23.232],[92.352,23.233],[92.351,23.233],[92.351,23.233],[92.351,23.234],[92.35,23.235],[92.35,23.234],[92.348,23.235],[92.347,23.236],[92.393,23.236],[92.4,23.238],[92.401,23.238],[92.402,23.239],[92.403,23.239],[92.403,23.24],[92.404,23.241],[92.404,23.241],[92.403,23.242],[92.403,23.243],[92.401,23.242],[92.4,23.242],[92.399,23.242],[92.398,23.244],[92.397,23.246],[92.397,23.246],[92.396,23.247],[92.396,23.248],[92.396,23.249],[92.396,23.25],[92.396,23.251],[92.397,23.251],[92.397,23.252],[92.398,23.253],[92.398,23.254],[92.399,23.255],[92.398,23.256],[92.397,23.257],[92.395,23.258],[92.393,23.258],[92.391,23.259],[92.391,23.259],[92.39,23.259],[92.389,23.26],[92.389,23.262],[92.389,23.263],[92.388,23.264],[92.388,23.266],[92.388,23.266],[92.389,23.266],[92.39,23.265],[92.391,23.264],[92.392,23.264],[92.394,23.264],[92.395,23.265],[92.394,23.266],[92.394,23.267],[92.392,23.27],[92.391,23.273],[92.389,23.276],[92.389,23.277],[92.389,23.28],[92.388,23.281],[92.388,23.282],[92.387,23.283],[92.386,23.283],[92.384,23.284],[92.384,23.284],[92.383,23.285],[92.382,23.285],[92.381,23.285],[92.381,23.285],[92.381,23.286],[92.382,23.288],[92.382,23.29],[92.382,23.291],[92.383,23.292],[92.384,23.292],[92.384,23.293],[92.384,23.294],[92.383,23.296],[92.382,23.296],[92.383,23.297],[92.384,23.298],[92.384,23.299],[92.383,23.301],[92.383,23.302],[92.384,23.303],[92.385,23.302],[92.386,23.304],[92.386,23.305],[92.386,23.307],[92.385,23.307],[92.384,23.308],[92.382,23.309],[92.381,23.31],[92.379,23.311],[92.378,23.312],[92.377,23.312],[92.377,23.313],[92.376,23.313],[92.376,23.315],[92.377,23.316],[92.377,23.318],[92.377,23.318],[92.377,23.319],[92.376,23.32],[92.375,23.32],[92.374,23.319],[92.373,23.319],[92.372,23.318],[92.371,23.318],[92.37,23.319],[92.37,23.321],[92.369,23.323],[92.368,23.323],[92.368,23.323],[92.367,23.323],[92.367,23.322],[92.368,23.319],[92.369,23.318],[92.369,23.317],[92.368,23.317],[92.367,23.318],[92.365,23.322],[92.365,23.322],[92.365,23.323],[92.364,23.323],[92.365,23.323],[92.366,23.324],[92.367,23.325],[92.368,23.325],[92.368,23.326],[92.369,23.326],[92.37,23.329],[92.371,23.331],[92.372,23.332],[92.373,23.334],[92.374,23.336],[92.374,23.336],[92.375,23.338],[92.375,23.339],[92.375,23.341],[92.375,23.344],[92.376,23.344],[92.376,23.345],[92.376,23.346],[92.376,23.347],[92.377,23.348],[92.378,23.349],[92.38,23.35],[92.38,23.351],[92.381,23.352],[92.381,23.354],[92.381,23.355],[92.381,23.355],[92.381,23.356],[92.379,23.356],[92.378,23.357],[92.377,23.357],[92.377,23.357],[92.377,23.358],[92.378,23.359],[92.378,23.361],[92.379,23.362],[92.378,23.363],[92.378,23.363],[92.377,23.365],[92.376,23.365],[92.375,23.366],[92.371,23.366],[92.371,23.366],[92.37,23.367],[92.369,23.367],[92.369,23.369],[92.37,23.37],[92.371,23.372],[92.371,23.373],[92.371,23.373],[92.37,23.373],[92.369,23.372],[92.367,23.37],[92.365,23.367],[92.364,23.366],[92.362,23.367],[92.36,23.368],[92.359,23.369],[92.358,23.37],[92.357,23.372],[92.356,23.373],[92.357,23.374],[92.358,23.375],[92.359,23.375],[92.36,23.376],[92.361,23.377],[92.362,23.378],[92.363,23.379],[92.364,23.379],[92.365,23.38],[92.364,23.381],[92.363,23.381],[92.361,23.381],[92.36,23.381],[92.358,23.38],[92.357,23.38],[92.356,23.38],[92.355,23.38],[92.355,23.38],[92.354,23.38],[92.353,23.38],[92.353,23.381],[92.353,23.382],[92.354,23.383],[92.354,23.384],[92.355,23.384],[92.355,23.384],[92.356,23.384],[92.357,23.385],[92.357,23.385],[92.356,23.386],[92.356,23.387],[92.356,23.388],[92.357,23.389],[92.357,23.389],[92.358,23.389],[92.358,23.389],[92.358,23.39],[92.359,23.391],[92.359,23.391],[92.358,23.391],[92.358,23.392],[92.357,23.392],[92.357,23.392],[92.356,23.391],[92.356,23.389],[92.355,23.389],[92.354,23.389],[92.354,23.39],[92.354,23.392],[92.354,23.393],[92.354,23.395],[92.353,23.396],[92.353,23.397],[92.353,23.399],[92.353,23.4],[92.353,23.402],[92.353,23.402],[92.353,23.403],[92.353,23.404],[92.353,23.405],[92.353,23.405],[92.353,23.406],[92.354,23.406],[92.354,23.405],[92.354,23.405],[92.355,23.404],[92.355,23.403],[92.355,23.402],[92.355,23.401],[92.355,23.401],[92.356,23.401],[92.356,23.402],[92.357,23.404],[92.358,23.405],[92.358,23.405],[92.358,23.406],[92.358,23.407],[92.358,23.408],[92.358,23.409],[92.357,23.41],[92.357,23.411],[92.355,23.412],[92.354,23.413],[92.353,23.413],[92.352,23.413],[92.35,23.413],[92.35,23.413],[92.349,23.413],[92.348,23.413],[92.348,23.413],[92.348,23.413],[92.348,23.413],[92.348,23.414],[92.348,23.415],[92.348,23.416],[92.348,23.418],[92.348,23.419],[92.348,23.419],[92.348,23.42],[92.348,23.421],[92.348,23.422],[92.348,23.423],[92.348,23.424],[92.348,23.425],[92.347,23.426],[92.347,23.427],[92.347,23.429],[92.347,23.43],[92.347,23.431],[92.347,23.432],[92.346,23.434],[92.345,23.434],[92.344,23.434],[92.344,23.434],[92.343,23.435],[92.342,23.436],[92.341,23.436],[92.34,23.435],[92.34,23.434],[92.339,23.433],[92.338,23.432],[92.337,23.433],[92.336,23.433],[92.336,23.434],[92.335,23.433],[92.335,23.432],[92.335,23.431],[92.335,23.43],[92.335,23.429],[92.335,23.428],[92.334,23.428],[92.334,23.428],[92.334,23.429],[92.333,23.43],[92.333,23.431],[92.333,23.432],[92.333,23.433],[92.333,23.435],[92.333,23.436],[92.332,23.437],[92.332,23.438],[92.331,23.439],[92.331,23.439],[92.331,23.44],[92.331,23.442],[92.331,23.443],[92.331,23.444],[92.33,23.446],[92.33,23.447],[92.329,23.448],[92.328,23.448],[92.327,23.448],[92.327,23.449],[92.329,23.45],[92.329,23.451],[92.332,23.453],[92.333,23.455],[92.333,23.456],[92.333,23.456],[92.332,23.457],[92.332,23.457],[92.332,23.455],[92.331,23.455],[92.331,23.454],[92.331,23.454],[92.33,23.454],[92.33,23.454],[92.329,23.455],[92.329,23.455],[92.328,23.457],[92.327,23.457],[92.327,23.458],[92.326,23.459],[92.325,23.459],[92.326,23.46],[92.327,23.46],[92.328,23.46],[92.329,23.459],[92.33,23.459],[92.33,23.459],[92.331,23.46],[92.331,23.46],[92.331,23.461],[92.331,23.462],[92.332,23.463],[92.332,23.463],[92.332,23.464],[92.332,23.465],[92.332,23.466],[92.331,23.467],[92.331,23.467],[92.33,23.467],[92.329,23.467],[92.329,23.466],[92.328,23.466],[92.328,23.467],[92.327,23.467],[92.325,23.468],[92.323,23.469],[92.321,23.469],[92.32,23.469],[92.32,23.47],[92.319,23.47],[92.318,23.471],[92.317,23.471],[92.317,23.472],[92.318,23.473],[92.319,23.473],[92.319,23.474],[92.319,23.474],[92.319,23.475],[92.32,23.475],[92.32,23.475],[92.32,23.475],[92.32,23.474],[92.321,23.474],[92.322,23.474],[92.322,23.475],[92.323,23.475],[92.324,23.475],[92.324,23.476],[92.323,23.477],[92.323,23.478],[92.323,23.478],[92.322,23.478],[92.323,23.479],[92.324,23.479],[92.325,23.478],[92.326,23.478],[92.326,23.479],[92.325,23.48],[92.324,23.48],[92.323,23.481],[92.322,23.481],[92.322,23.48],[92.321,23.481],[92.321,23.481],[92.322,23.482],[92.322,23.483],[92.322,23.483],[92.321,23.484],[92.32,23.485],[92.319,23.485],[92.318,23.486],[92.317,23.486],[92.316,23.487],[92.316,23.487],[92.317,23.488],[92.317,23.488],[92.319,23.489],[92.32,23.49],[92.32,23.49],[92.322,23.49],[92.322,23.492],[92.321,23.492],[92.32,23.492],[92.319,23.492],[92.318,23.492],[92.318,23.493],[92.318,23.493],[92.317,23.494],[92.317,23.494],[92.318,23.495],[92.318,23.495],[92.319,23.494],[92.32,23.494],[92.32,23.495],[92.32,23.496],[92.32,23.496],[92.32,23.497],[92.32,23.498],[92.32,23.499],[92.32,23.499],[92.319,23.5],[92.319,23.5],[92.32,23.501],[92.32,23.501],[92.321,23.501],[92.321,23.501],[92.322,23.501],[92.322,23.501],[92.322,23.501],[92.322,23.502],[92.322,23.502],[92.321,23.502],[92.321,23.502],[92.32,23.502],[92.32,23.502],[92.319,23.503],[92.319,23.503],[92.319,23.504],[92.319,23.505],[92.319,23.505],[92.319,23.506],[92.319,23.507],[92.319,23.508],[92.32,23.509],[92.32,23.51],[92.32,23.511],[92.32,23.512],[92.319,23.513],[92.318,23.512],[92.317,23.512],[92.316,23.512],[92.316,23.512],[92.316,23.513],[92.315,23.513],[92.316,23.514],[92.317,23.514],[92.318,23.515],[92.319,23.515],[92.318,23.516],[92.318,23.517],[92.318,23.517],[92.318,23.518],[92.317,23.518],[92.317,23.518],[92.316,23.517],[92.316,23.517],[92.316,23.516],[92.316,23.516],[92.315,23.515],[92.314,23.515],[92.314,23.516],[92.313,23.516],[92.314,23.517],[92.314,23.518],[92.313,23.519],[92.313,23.52],[92.313,23.521],[92.315,23.522],[92.317,23.524],[92.317,23.525],[92.318,23.526],[92.317,23.527],[92.317,23.528],[92.317,23.529],[92.316,23.529],[92.315,23.53],[92.314,23.529],[92.314,23.531],[92.314,23.532],[92.314,23.533],[92.314,23.533],[92.313,23.534],[92.311,23.533],[92.309,23.532],[92.308,23.533],[92.307,23.533],[92.307,23.534],[92.307,23.534],[92.306,23.535],[92.307,23.536],[92.307,23.537],[92.308,23.539],[92.308,23.54],[92.308,23.541],[92.309,23.541],[92.31,23.542],[92.31,23.543],[92.31,23.543],[92.31,23.544],[92.31,23.545],[92.311,23.547],[92.311,23.548],[92.31,23.549],[92.309,23.549],[92.309,23.55],[92.309,23.551],[92.309,23.553],[92.31,23.554],[92.31,23.554],[92.311,23.555],[92.311,23.555],[92.311,23.554],[92.311,23.554],[92.312,23.553],[92.313,23.553],[92.313,23.554],[92.313,23.555],[92.313,23.556],[92.313,23.557],[92.313,23.558],[92.312,23.558],[92.312,23.559],[92.312,23.56],[92.309,23.562],[92.307,23.563],[92.307,23.565],[92.307,23.566],[92.307,23.566],[92.307,23.566],[92.307,23.565],[92.308,23.565],[92.308,23.565],[92.308,23.565],[92.309,23.566],[92.309,23.567],[92.309,23.569],[92.309,23.57],[92.309,23.571],[92.309,23.572],[92.308,23.572],[92.308,23.572],[92.307,23.572],[92.307,23.571],[92.308,23.57],[92.308,23.57],[92.308,23.569],[92.307,23.569],[92.307,23.569],[92.307,23.57],[92.306,23.571],[92.306,23.571],[92.306,23.572],[92.306,23.572],[92.305,23.573],[92.305,23.573],[92.305,23.574],[92.306,23.574],[92.306,23.575],[92.307,23.575],[92.307,23.576],[92.308,23.577],[92.308,23.577],[92.308,23.578],[92.308,23.578],[92.307,23.579],[92.307,23.58],[92.307,23.581],[92.307,23.582],[92.307,23.582],[92.306,23.583],[92.306,23.583],[92.305,23.583],[92.305,23.583],[92.304,23.583],[92.304,23.583],[92.304,23.584],[92.304,23.585],[92.304,23.585],[92.304,23.586],[92.303,23.587],[92.303,23.587],[92.302,23.588],[92.302,23.588],[92.301,23.589],[92.302,23.589],[92.302,23.59],[92.302,23.591],[92.302,23.592],[92.301,23.593],[92.3,23.593],[92.3,23.593],[92.299,23.593],[92.298,23.593],[92.298,23.592],[92.298,23.591],[92.297,23.589],[92.297,23.588],[92.296,23.588],[92.295,23.589],[92.295,23.59],[92.295,23.59],[92.294,23.591],[92.294,23.591],[92.294,23.592],[92.294,23.592],[92.294,23.593],[92.293,23.594],[92.293,23.594],[92.293,23.595],[92.292,23.595],[92.291,23.595],[92.291,23.596],[92.29,23.596],[92.29,23.597],[92.29,23.597],[92.29,23.598],[92.289,23.598],[92.289,23.598],[92.289,23.598],[92.288,23.597],[92.289,23.596],[92.288,23.596],[92.288,23.595],[92.288,23.595],[92.287,23.596],[92.287,23.596],[92.287,23.597],[92.287,23.598],[92.288,23.6],[92.288,23.601],[92.287,23.602],[92.287,23.602],[92.288,23.603],[92.288,23.604],[92.287,23.605],[92.287,23.605],[92.288,23.606],[92.288,23.607],[92.288,23.608],[92.288,23.608],[92.287,23.61],[92.287,23.61],[92.288,23.612],[92.288,23.612],[92.288,23.613],[92.288,23.614],[92.288,23.615],[92.287,23.617],[92.288,23.617],[92.288,23.618],[92.289,23.619],[92.29,23.62],[92.29,23.62],[92.291,23.62],[92.292,23.621],[92.293,23.621],[92.294,23.621],[92.295,23.621],[92.296,23.621],[92.296,23.621],[92.296,23.621],[92.296,23.622],[92.295,23.623],[92.295,23.624],[92.294,23.624],[92.293,23.625],[92.293,23.626],[92.291,23.628],[92.29,23.628],[92.288,23.629],[92.286,23.629],[92.284,23.63],[92.283,23.63],[92.282,23.63],[92.282,23.63],[92.281,23.63],[92.281,23.631],[92.28,23.63],[92.279,23.63],[92.279,23.629],[92.28,23.628],[92.28,23.626],[92.28,23.625],[92.28,23.625],[92.279,23.625],[92.279,23.625],[92.278,23.626],[92.278,23.626],[92.278,23.627],[92.278,23.629],[92.277,23.63],[92.277,23.631],[92.277,23.632],[92.278,23.633],[92.278,23.634],[92.278,23.634],[92.279,23.635],[92.28,23.635],[92.28,23.636],[92.28,23.637],[92.28,23.637],[92.281,23.637],[92.281,23.636],[92.282,23.637],[92.282,23.637],[92.282,23.638],[92.282,23.639],[92.279,23.639],[92.279,23.64],[92.278,23.641],[92.277,23.641],[92.277,23.641],[92.276,23.642],[92.275,23.642],[92.275,23.642],[92.274,23.642],[92.273,23.642],[92.273,23.643],[92.274,23.644],[92.275,23.646],[92.275,23.646],[92.275,23.647],[92.275,23.648],[92.275,23.648],[92.275,23.65],[92.276,23.652],[92.277,23.652],[92.278,23.653],[92.278,23.654],[92.279,23.655],[92.279,23.655],[92.279,23.656],[92.279,23.657],[92.28,23.658],[92.281,23.659],[92.281,23.66],[92.282,23.661],[92.283,23.662],[92.283,23.662],[92.284,23.662],[92.284,23.663],[92.284,23.664],[92.285,23.666],[92.285,23.667],[92.285,23.667],[92.285,23.668],[92.285,23.669],[92.285,23.67],[92.286,23.672],[92.286,23.673],[92.287,23.674],[92.288,23.676],[92.288,23.676],[92.288,23.677],[92.289,23.678],[92.289,23.678],[92.289,23.679],[92.289,23.679],[92.289,23.679],[92.289,23.68],[92.289,23.68],[92.289,23.681],[92.289,23.681],[92.289,23.681],[92.29,23.681],[92.291,23.681],[92.291,23.681],[92.291,23.682],[92.291,23.682],[92.291,23.682],[92.291,23.683],[92.291,23.683],[92.291,23.684],[92.291,23.684],[92.291,23.685],[92.291,23.685],[92.29,23.685],[92.29,23.686],[92.29,23.686],[92.29,23.686],[92.29,23.687],[92.29,23.687],[92.29,23.687],[92.29,23.688],[92.29,23.688],[92.29,23.688],[92.29,23.688],[92.29,23.689],[92.29,23.689],[92.29,23.689],[92.29,23.69],[92.291,23.69],[92.291,23.691],[92.291,23.691],[92.291,23.691],[92.291,23.691],[92.29,23.692],[92.29,23.692],[92.29,23.692],[92.29,23.693],[92.29,23.694],[92.29,23.694],[92.29,23.695],[92.29,23.695],[92.289,23.695],[92.289,23.696],[92.289,23.698],[92.29,23.698],[92.289,23.699],[92.289,23.7],[92.289,23.701],[92.289,23.702],[92.287,23.702],[92.287,23.703],[92.286,23.703],[92.285,23.704],[92.285,23.707],[92.285,23.707],[92.283,23.707],[92.282,23.708],[92.281,23.708],[92.282,23.709],[92.281,23.709],[92.28,23.709],[92.28,23.71],[92.278,23.71],[92.278,23.711],[92.279,23.711],[92.279,23.712],[92.28,23.713],[92.279,23.713],[92.279,23.714],[92.279,23.715],[92.279,23.715],[92.28,23.715],[92.28,23.716],[92.279,23.716],[92.279,23.717],[92.28,23.718],[92.28,23.719],[92.28,23.719],[92.279,23.719],[92.277,23.719],[92.275,23.72],[92.274,23.72],[92.274,23.719],[92.273,23.719],[92.272,23.719],[92.271,23.72],[92.27,23.72],[92.27,23.72],[92.269,23.72],[92.268,23.721],[92.268,23.722],[92.267,23.723],[92.266,23.724],[92.264,23.724],[92.261,23.724],[92.258,23.725],[92.256,23.725],[92.252,23.724],[92.249,23.724],[92.248,23.723],[92.246,23.723],[92.244,23.722],[92.243,23.722],[92.243,23.721],[92.241,23.721],[92.241,23.719],[92.241,23.719],[92.24,23.718],[92.239,23.717],[92.239,23.716],[92.239,23.715],[92.238,23.715],[92.238,23.714],[92.238,23.714],[92.237,23.714],[92.237,23.712],[92.237,23.711],[92.238,23.71],[92.239,23.71],[92.24,23.708],[92.24,23.707],[92.24,23.707],[92.24,23.705],[92.24,23.704],[92.241,23.703],[92.241,23.701],[92.241,23.701],[92.243,23.699],[92.242,23.697],[92.242,23.695],[92.241,23.694],[92.24,23.693],[92.239,23.692],[92.237,23.692],[92.236,23.692],[92.236,23.69],[92.235,23.69],[92.235,23.688],[92.235,23.687],[92.234,23.686],[92.232,23.683],[92.234,23.682],[92.232,23.679],[92.232,23.677],[92.231,23.675],[92.232,23.674],[92.232,23.671],[92.233,23.669],[92.233,23.668],[92.232,23.667],[92.229,23.665],[92.229,23.663],[92.227,23.661],[92.226,23.657],[92.226,23.655],[92.224,23.655],[92.223,23.653],[92.22,23.652],[92.218,23.652],[92.215,23.652],[92.211,23.654],[92.211,23.655],[92.211,23.656],[92.211,23.657],[92.211,23.659],[92.211,23.659],[92.209,23.66],[92.207,23.661],[92.207,23.665],[92.207,23.666],[92.207,23.668],[92.207,23.67],[92.207,23.671],[92.206,23.673],[92.207,23.676],[92.207,23.677],[92.208,23.678],[92.209,23.678],[92.21,23.679],[92.212,23.681],[92.213,23.682],[92.213,23.684],[92.213,23.686],[92.212,23.687],[92.212,23.688],[92.211,23.69],[92.21,23.691],[92.21,23.692],[92.209,23.694],[92.209,23.696],[92.208,23.697],[92.208,23.698],[92.207,23.7],[92.206,23.702],[92.204,23.702],[92.204,23.704],[92.203,23.706],[92.2,23.707],[92.198,23.707],[92.197,23.707],[92.195,23.707],[92.193,23.708],[92.191,23.708],[92.189,23.709],[92.188,23.711],[92.186,23.711],[92.185,23.71],[92.181,23.709],[92.178,23.709],[92.177,23.711],[92.177,23.713],[92.177,23.714],[92.177,23.715],[92.176,23.717],[92.174,23.718],[92.172,23.72],[92.171,23.721],[92.171,23.723],[92.17,23.724],[92.171,23.725],[92.171,23.726],[92.171,23.727],[92.171,23.728],[92.171,23.733],[92.173,23.736],[92.173,23.737],[92.17,23.74],[92.167,23.74],[92.165,23.739],[92.164,23.739],[92.162,23.739],[92.157,23.738],[92.156,23.735],[92.153,23.734],[92.151,23.734],[92.15,23.736],[92.148,23.735],[92.145,23.734],[92.144,23.733],[92.144,23.731],[92.143,23.73],[92.143,23.729],[92.143,23.727],[92.143,23.726],[92.142,23.726],[92.141,23.724],[92.141,23.723],[92.139,23.722],[92.138,23.719],[92.136,23.718],[92.135,23.717],[92.134,23.716],[92.134,23.715],[92.132,23.714],[92.132,23.712],[92.131,23.711],[92.13,23.71],[92.129,23.708],[92.127,23.707],[92.126,23.707],[92.125,23.705],[92.125,23.704],[92.124,23.703],[92.124,23.702],[92.123,23.701],[92.122,23.7],[92.124,23.699],[92.123,23.697],[92.123,23.695],[92.121,23.695],[92.121,23.693],[92.119,23.692],[92.118,23.691],[92.116,23.692],[92.115,23.694],[92.114,23.692],[92.113,23.692],[92.111,23.691],[92.11,23.69],[92.107,23.689],[92.106,23.688],[92.105,23.687],[92.104,23.687],[92.103,23.685],[92.104,23.683],[92.104,23.682],[92.104,23.681],[92.104,23.681],[92.103,23.68],[92.102,23.679],[92.101,23.679],[92.1,23.678],[92.1,23.677],[92.099,23.677],[92.097,23.677],[92.095,23.678],[92.093,23.678],[92.092,23.677],[92.092,23.678],[92.09,23.678],[92.088,23.679],[92.088,23.68],[92.087,23.68],[92.084,23.68],[92.083,23.678],[92.082,23.677],[92.082,23.675],[92.081,23.672],[92.079,23.671],[92.078,23.67],[92.078,23.667],[92.08,23.663],[92.079,23.659],[92.078,23.654],[92.079,23.654],[92.078,23.652],[92.079,23.65],[92.077,23.649],[92.075,23.648],[92.073,23.647],[92.071,23.646],[92.068,23.647],[92.066,23.647],[92.066,23.646],[92.064,23.646],[92.063,23.645],[92.062,23.646],[92.061,23.647],[92.059,23.648],[92.057,23.648],[92.055,23.649],[92.054,23.648],[92.054,23.649],[92.052,23.649],[92.05,23.649],[92.05,23.649],[92.049,23.648],[92.048,23.648],[92.046,23.646],[92.045,23.648],[92.043,23.649],[92.042,23.648],[92.04,23.65],[92.039,23.651],[92.038,23.652],[92.037,23.652],[92.035,23.653],[92.034,23.654],[92.033,23.655],[92.032,23.655],[92.032,23.656],[92.032,23.656],[92.031,23.657],[92.031,23.657],[92.03,23.658],[92.029,23.658],[92.028,23.659],[92.027,23.659],[92.025,23.658],[92.022,23.658],[92.023,23.66],[92.024,23.662],[92.021,23.663],[92.017,23.661],[92.015,23.66],[92.012,23.663],[92.009,23.663],[92.007,23.667],[92.007,23.67],[92.005,23.672],[92.002,23.671],[92.001,23.671],[92.0,23.673],[92.0,23.673],[92.0,23.674],[91.999,23.676],[91.999,23.677],[91.999,23.678],[91.998,23.679],[91.997,23.68],[91.997,23.681],[91.996,23.682],[91.996,23.684],[91.995,23.685],[91.995,23.686],[91.994,23.687],[91.994,23.688],[91.994,23.689],[91.994,23.691],[91.994,23.691],[91.994,23.692],[91.994,23.692],[91.994,23.693],[91.993,23.693],[91.993,23.694],[91.993,23.694],[91.993,23.694],[91.993,23.695],[91.992,23.695],[91.992,23.696],[91.991,23.697],[91.99,23.699],[91.989,23.701],[91.989,23.702],[91.989,23.702],[91.989,23.703],[91.989,23.705],[91.988,23.706],[91.988,23.707],[91.988,23.708],[91.987,23.71],[91.987,23.71],[91.987,23.712],[91.986,23.713],[91.986,23.714],[91.986,23.715],[91.986,23.716],[91.985,23.717],[91.985,23.719],[91.986,23.72],[91.986,23.72],[91.985,23.721],[91.985,23.722],[91.985,23.723],[91.984,23.724],[91.983,23.723],[91.981,23.723],[91.98,23.725],[91.98,23.727],[91.979,23.728],[91.979,23.73],[91.978,23.733],[91.975,23.732],[91.974,23.732],[91.972,23.731],[91.969,23.73],[91.967,23.73],[91.966,23.73],[91.966,23.732],[91.966,23.734],[91.963,23.733],[91.961,23.734],[91.96,23.735],[91.957,23.734],[91.957,23.732],[91.955,23.732],[91.954,23.73],[91.955,23.729],[91.954,23.727],[91.954,23.726],[91.952,23.726],[91.951,23.726],[91.951,23.724],[91.951,23.723],[91.951,23.722],[91.954,23.721],[91.954,23.721],[91.953,23.719],[91.952,23.717],[91.951,23.716],[91.949,23.715],[91.948,23.714],[91.949,23.712],[91.95,23.71],[91.95,23.709],[91.949,23.707],[91.952,23.705],[91.952,23.703],[91.951,23.702],[91.951,23.7],[91.952,23.699],[91.953,23.698],[91.956,23.698],[91.957,23.697],[91.958,23.695],[91.956,23.694],[91.956,23.694],[91.955,23.693],[91.954,23.693],[91.953,23.693],[91.952,23.693],[91.952,23.694],[91.951,23.694],[91.949,23.694],[91.948,23.693],[91.946,23.693],[91.946,23.694],[91.945,23.694],[91.943,23.694],[91.942,23.694],[91.942,23.692],[91.941,23.691],[91.941,23.689],[91.939,23.688],[91.937,23.688],[91.936,23.687],[91.935,23.686],[91.935,23.683],[91.936,23.683],[91.937,23.682],[91.937,23.681],[91.938,23.68],[91.938,23.679],[91.939,23.677],[91.938,23.675],[91.939,23.674],[91.94,23.672],[91.94,23.671],[91.941,23.67],[91.942,23.669],[91.941,23.668],[91.941,23.666],[91.941,23.665],[91.941,23.664],[91.941,23.662],[91.94,23.661],[91.94,23.66],[91.94,23.66],[91.939,23.659],[91.94,23.659],[91.94,23.658],[91.941,23.657],[91.942,23.656],[91.942,23.655],[91.944,23.654],[91.944,23.652],[91.944,23.65],[91.946,23.649],[91.945,23.649],[91.945,23.648],[91.946,23.647],[91.946,23.646],[91.946,23.644],[91.946,23.644],[91.945,23.644],[91.946,23.642],[91.946,23.641],[91.946,23.639],[91.946,23.638],[91.945,23.636],[91.943,23.636],[91.942,23.634],[91.944,23.633],[91.944,23.631],[91.945,23.63],[91.946,23.628],[91.946,23.627],[91.947,23.626],[91.947,23.625],[91.947,23.623],[91.948,23.623],[91.949,23.621],[91.949,23.62],[91.95,23.619],[91.95,23.619],[91.95,23.618],[91.951,23.617],[91.952,23.617],[91.952,23.616],[91.951,23.615],[91.952,23.614],[91.953,23.614],[91.953,23.613],[91.953,23.612],[91.953,23.611],[91.954,23.609],[91.954,23.609],[91.953,23.608],[91.953,23.607],[91.953,23.605],[91.953,23.603],[91.953,23.602],[91.953,23.602],[91.953,23.601],[91.953,23.6],[91.952,23.599],[91.953,23.597],[91.953,23.597],[91.953,23.596],[91.953,23.594],[91.954,23.592],[91.955,23.591],[91.955,23.589],[91.955,23.589],[91.955,23.587],[91.954,23.587],[91.955,23.586],[91.955,23.585],[91.956,23.583],[91.955,23.578],[91.955,23.575],[91.958,23.572],[91.958,23.568],[91.958,23.566],[91.959,23.563],[91.957,23.561],[91.957,23.559],[91.958,23.557],[91.958,23.556],[91.959,23.554],[91.958,23.553],[91.957,23.551],[91.958,23.549],[91.958,23.548],[91.959,23.547],[91.96,23.547],[91.961,23.543],[91.962,23.54],[91.962,23.539],[91.963,23.538],[91.964,23.537],[91.964,23.536],[91.965,23.535],[91.964,23.535],[91.964,23.533],[91.963,23.533],[91.96,23.533],[91.959,23.531],[91.956,23.526],[91.958,23.523],[91.958,23.521],[91.959,23.521],[91.96,23.519],[91.962,23.519],[91.962,23.519],[91.964,23.52],[91.964,23.518],[91.963,23.517],[91.966,23.515],[91.965,23.514],[91.967,23.512],[91.968,23.511],[91.968,23.509],[91.969,23.507],[91.971,23.504],[91.97,23.502],[91.97,23.5],[91.969,23.498],[91.969,23.497],[91.971,23.495],[91.972,23.494],[91.973,23.494],[91.972,23.493],[91.972,23.493],[91.971,23.492],[91.971,23.491],[91.97,23.49],[91.968,23.489],[91.969,23.487],[91.969,23.486],[91.97,23.485],[91.97,23.484],[91.97,23.482],[91.97,23.482],[91.97,23.48],[91.97,23.479],[91.97,23.478],[91.969,23.477],[91.969,23.477],[91.968,23.477],[91.967,23.478],[91.965,23.478],[91.963,23.478],[91.961,23.479],[91.959,23.48],[91.959,23.478],[91.958,23.477],[91.958,23.474],[91.957,23.474],[91.957,23.476],[91.956,23.475],[91.955,23.475],[91.955,23.474],[91.952,23.473],[91.951,23.472],[91.95,23.47],[91.948,23.47],[91.948,23.467],[91.946,23.466],[91.946,23.466],[91.946,23.468],[91.943,23.467],[91.94,23.466],[91.937,23.467],[91.937,23.464],[91.939,23.463],[91.939,23.461],[91.938,23.459],[91.938,23.458],[91.938,23.457],[91.939,23.456],[91.939,23.454],[91.94,23.45],[91.941,23.446],[91.942,23.443],[91.943,23.439],[91.943,23.435],[91.94,23.435],[91.938,23.433],[91.937,23.433],[91.935,23.433],[91.935,23.434],[91.933,23.436],[91.932,23.433],[91.93,23.434],[91.927,23.434],[91.924,23.435],[91.922,23.438],[91.92,23.439],[91.918,23.439],[91.915,23.439],[91.912,23.437],[91.909,23.437],[91.908,23.437],[91.905,23.438],[91.903,23.439],[91.899,23.44],[91.899,23.437],[91.897,23.434],[91.892,23.434],[91.887,23.433],[91.888,23.431],[91.887,23.429],[91.886,23.427],[91.883,23.426],[91.881,23.427],[91.879,23.424],[91.877,23.424],[91.876,23.422],[91.874,23.419],[91.873,23.417],[91.873,23.414],[91.871,23.414],[91.869,23.413],[91.867,23.412],[91.866,23.411],[91.865,23.41],[91.863,23.408],[91.86,23.406],[91.858,23.405],[91.855,23.406],[91.85,23.406],[91.847,23.406],[91.846,23.406],[91.845,23.405],[91.845,23.402],[91.844,23.401],[91.843,23.4],[91.841,23.4],[91.841,23.395],[91.842,23.392],[91.842,23.389],[91.84,23.388],[91.839,23.387],[91.837,23.387],[91.837,23.384],[91.837,23.381],[91.837,23.376],[91.837,23.374],[91.837,23.371],[91.834,23.37],[91.833,23.368],[91.832,23.366],[91.831,23.365],[91.83,23.365],[91.829,23.366],[91.828,23.365],[91.827,23.364],[91.826,23.363],[91.826,23.362],[91.826,23.36],[91.826,23.358],[91.825,23.357],[91.825,23.355],[91.825,23.354],[91.822,23.354],[91.82,23.354],[91.817,23.353],[91.816,23.353],[91.814,23.354],[91.812,23.352],[91.813,23.349],[91.812,23.348],[91.808,23.346],[91.808,23.345],[91.807,23.344],[91.806,23.343],[91.804,23.343],[91.805,23.341],[91.805,23.339],[91.805,23.338],[91.803,23.336],[91.803,23.334],[91.801,23.334],[91.799,23.335],[91.797,23.335],[91.795,23.337],[91.794,23.335],[91.793,23.335],[91.793,23.334],[91.792,23.334],[91.792,23.333],[91.793,23.332],[91.793,23.331],[91.793,23.331],[91.793,23.33],[91.793,23.329],[91.793,23.329],[91.793,23.328],[91.792,23.327],[91.792,23.327],[91.792,23.327],[91.791,23.326],[91.791,23.326],[91.79,23.326],[91.789,23.326],[91.789,23.325],[91.788,23.325],[91.788,23.326],[91.787,23.326],[91.787,23.326],[91.786,23.326],[91.786,23.325],[91.786,23.325],[91.785,23.325],[91.784,23.325],[91.783,23.325],[91.782,23.325],[91.782,23.324],[91.782,23.324],[91.782,23.323],[91.781,23.323],[91.782,23.322],[91.782,23.322],[91.781,23.322],[91.781,23.321],[91.781,23.321],[91.781,23.321],[91.781,23.321],[91.78,23.32],[91.779,23.319],[91.779,23.319],[91.779,23.319],[91.778,23.318],[91.778,23.318],[91.777,23.318],[91.777,23.317],[91.776,23.317],[91.775,23.317],[91.775,23.317],[91.775,23.317],[91.774,23.316],[91.774,23.316],[91.773,23.316],[91.773,23.316],[91.772,23.316],[91.772,23.315],[91.772,23.315],[91.771,23.315],[91.771,23.315],[91.771,23.314],[91.77,23.314],[91.77,23.313],[91.769,23.313],[91.768,23.312],[91.768,23.312],[91.766,23.312],[91.766,23.311],[91.766,23.311],[91.765,23.31],[91.765,23.31],[91.765,23.309],[91.765,23.309],[91.764,23.309],[91.764,23.309],[91.764,23.308],[91.764,23.308],[91.764,23.307],[91.765,23.306],[91.765,23.306],[91.765,23.306],[91.765,23.305],[91.765,23.305],[91.764,23.304],[91.764,23.304],[91.764,23.303],[91.764,23.303],[91.763,23.303],[91.763,23.303],[91.763,23.303],[91.763,23.303],[91.763,23.303],[91.763,23.303],[91.763,23.302],[91.763,23.302],[91.763,23.302],[91.762,23.302],[91.763,23.301],[91.763,23.301],[91.763,23.301],[91.763,23.301],[91.762,23.301],[91.762,23.3],[91.762,23.3],[91.762,23.3],[91.762,23.3],[91.763,23.299],[91.763,23.299],[91.763,23.299],[91.763,23.298],[91.762,23.298],[91.763,23.298],[91.763,23.297],[91.763,23.297],[91.763,23.297],[91.763,23.297],[91.763,23.297],[91.763,23.296],[91.763,23.296],[91.764,23.296],[91.764,23.296],[91.763,23.296],[91.763,23.295],[91.763,23.295],[91.763,23.295],[91.764,23.295],[91.763,23.294],[91.763,23.294],[91.763,23.294],[91.763,23.293],[91.763,23.293],[91.763,23.292],[91.763,23.292],[91.763,23.292],[91.762,23.292],[91.762,23.292],[91.762,23.292],[91.761,23.292],[91.761,23.292],[91.761,23.292],[91.761,23.291],[91.761,23.291],[91.761,23.291],[91.761,23.29],[91.762,23.29],[91.762,23.29],[91.762,23.29],[91.762,23.289],[91.761,23.289],[91.761,23.289],[91.761,23.288],[91.761,23.288],[91.761,23.288],[91.761,23.288],[91.761,23.288],[91.761,23.288],[91.761,23.287],[91.761,23.287],[91.761,23.287],[91.761,23.287],[91.761,23.286],[91.761,23.286],[91.761,23.287],[91.762,23.287],[91.762,23.287],[91.762,23.286],[91.761,23.286],[91.761,23.286],[91.762,23.286],[91.762,23.285],[91.762,23.285],[91.761,23.285],[91.761,23.285],[91.761,23.284],[91.76,23.284],[91.76,23.284],[91.76,23.284],[91.76,23.283],[91.76,23.283],[91.76,23.282],[91.761,23.282],[91.761,23.282],[91.761,23.282],[91.761,23.281],[91.761,23.281],[91.761,23.281],[91.762,23.281],[91.762,23.281],[91.763,23.282],[91.763,23.281],[91.763,23.281],[91.763,23.281],[91.763,23.28],[91.763,23.28],[91.762,23.28],[91.762,23.279],[91.762,23.279],[91.762,23.279],[91.762,23.278],[91.762,23.278],[91.762,23.278],[91.761,23.278],[91.762,23.278],[91.762,23.277],[91.762,23.277],[91.761,23.277],[91.761,23.277],[91.762,23.277],[91.762,23.277],[91.762,23.277],[91.762,23.277],[91.763,23.277],[91.763,23.277],[91.763,23.277],[91.764,23.277],[91.764,23.276],[91.764,23.276],[91.764,23.276],[91.764,23.276],[91.764,23.276],[91.764,23.275],[91.764,23.275],[91.764,23.275],[91.764,23.275],[91.764,23.274],[91.764,23.274],[91.764,23.275],[91.765,23.274],[91.765,23.274],[91.765,23.274],[91.765,23.274],[91.765,23.274],[91.765,23.274],[91.766,23.274],[91.766,23.274],[91.766,23.273],[91.766,23.273],[91.766,23.272],[91.766,23.272],[91.767,23.272],[91.767,23.272],[91.767,23.271],[91.767,23.272],[91.767,23.272],[91.767,23.272],[91.767,23.272],[91.768,23.272],[91.768,23.272],[91.768,23.273],[91.768,23.273],[91.768,23.273],[91.768,23.273],[91.769,23.273],[91.769,23.273],[91.769,23.273],[91.769,23.273],[91.769,23.273],[91.77,23.272],[91.77,23.272],[91.77,23.272],[91.77,23.272],[91.771,23.272],[91.771,23.271],[91.77,23.271],[91.771,23.271],[91.771,23.271],[91.772,23.27],[91.773,23.27],[91.773,23.27],[91.774,23.27],[91.774,23.27],[91.774,23.269],[91.775,23.269],[91.776,23.27],[91.776,23.27],[91.777,23.269],[91.777,23.268],[91.776,23.267],[91.776,23.266],[91.777,23.266],[91.776,23.265],[91.777,23.264],[91.776,23.263],[91.776,23.263],[91.776,23.262],[91.776,23.262],[91.775,23.262],[91.777,23.261],[91.777,23.26],[91.777,23.259],[91.776,23.259],[91.776,23.258],[91.777,23.258],[91.776,23.257],[91.775,23.257],[91.775,23.256],[91.775,23.256],[91.776,23.256],[91.777,23.255],[91.777,23.256],[91.778,23.256],[91.778,23.256],[91.778,23.255],[91.779,23.254],[91.779,23.254],[91.779,23.253],[91.778,23.252],[91.779,23.251],[91.78,23.251],[91.779,23.25],[91.779,23.25],[91.779,23.249],[91.78,23.248],[91.78,23.247],[91.78,23.247],[91.779,23.247],[91.778,23.246],[91.778,23.244],[91.777,23.244],[91.776,23.244],[91.776,23.243],[91.777,23.242],[91.777,23.242],[91.777,23.241],[91.778,23.241],[91.779,23.241],[91.779,23.24],[91.78,23.24],[91.781,23.241],[91.781,23.242],[91.78,23.242],[91.78,23.243],[91.78,23.243],[91.782,23.244],[91.782,23.243],[91.783,23.243],[91.783,23.243],[91.783,23.242],[91.784,23.241],[91.784,23.24],[91.784,23.24],[91.785,23.239],[91.785,23.239],[91.785,23.239],[91.784,23.239],[91.785,23.238],[91.785,23.237],[91.784,23.236],[91.785,23.235],[91.785,23.234],[91.784,23.234],[91.784,23.234],[91.785,23.234],[91.785,23.233],[91.784,23.233],[91.784,23.233],[91.785,23.232],[91.786,23.231],[91.787,23.23],[91.787,23.229],[91.788,23.229],[91.788,23.228],[91.788,23.228],[91.788,23.228],[91.79,23.227],[91.79,23.227],[91.791,23.227],[91.791,23.227],[91.79,23.226],[91.79,23.225],[91.79,23.225],[91.791,23.225],[91.791,23.225],[91.791,23.224],[91.791,23.223],[91.791,23.223],[91.79,23.223],[91.791,23.222],[91.79,23.221],[91.79,23.221],[91.792,23.22],[91.792,23.218],[91.791,23.218],[91.788,23.217],[91.788,23.216],[91.788,23.215],[91.79,23.214],[91.791,23.213],[91.791,23.212],[91.791,23.211],[91.792,23.21],[91.792,23.209],[91.792,23.208],[91.791,23.208],[91.789,23.208],[91.788,23.208],[91.788,23.207],[91.789,23.206],[91.789,23.205],[91.789,23.204],[91.789,23.204],[91.789,23.203],[91.792,23.2],[91.793,23.199],[91.794,23.199],[91.795,23.198],[91.796,23.197],[91.796,23.197],[91.796,23.196],[91.797,23.196],[91.798,23.196],[91.798,23.195],[91.798,23.194],[91.799,23.194],[91.799,23.193],[91.798,23.192],[91.798,23.192],[91.798,23.191],[91.799,23.191],[91.798,23.19],[91.798,23.19],[91.797,23.189],[91.797,23.189],[91.796,23.188],[91.795,23.187],[91.795,23.187],[91.796,23.186],[91.797,23.187],[91.797,23.186],[91.797,23.185],[91.797,23.184],[91.798,23.184],[91.799,23.185],[91.8,23.185],[91.8,23.184],[91.801,23.184],[91.801,23.183],[91.802,23.182],[91.804,23.182],[91.805,23.181],[91.805,23.18],[91.806,23.18],[91.806,23.179],[91.805,23.178],[91.804,23.178],[91.804,23.177],[91.804,23.176],[91.804,23.176],[91.805,23.175],[91.805,23.174],[91.806,23.174],[91.806,23.173],[91.806,23.173],[91.806,23.172],[91.806,23.172],[91.806,23.171],[91.806,23.17],[91.805,23.169],[91.805,23.168],[91.806,23.167],[91.807,23.167],[91.809,23.166],[91.81,23.165],[91.81,23.164],[91.807,23.163],[91.807,23.162],[91.808,23.162],[91.808,23.161],[91.806,23.159],[91.806,23.158],[91.807,23.157],[91.808,23.156],[91.809,23.155],[91.811,23.153],[91.811,23.152],[91.81,23.151],[91.81,23.15],[91.811,23.149],[91.813,23.148],[91.813,23.148],[91.814,23.146],[91.814,23.145],[91.814,23.144],[91.813,23.144],[91.812,23.145],[91.811,23.145],[91.811,23.143],[91.809,23.141],[91.809,23.14],[91.809,23.139],[91.808,23.138],[91.809,23.137],[91.809,23.136],[91.809,23.136],[91.808,23.136],[91.809,23.134],[91.81,23.134],[91.811,23.135],[91.811,23.136],[91.811,23.136],[91.811,23.135],[91.812,23.134],[91.813,23.134],[91.814,23.134],[91.815,23.134],[91.815,23.132],[91.815,23.132],[91.814,23.131],[91.813,23.131],[91.812,23.131],[91.813,23.13],[91.814,23.129],[91.814,23.129],[91.812,23.129],[91.813,23.127],[91.813,23.126],[91.812,23.125],[91.812,23.125],[91.812,23.124],[91.812,23.123],[91.812,23.123],[91.812,23.122],[91.811,23.122],[91.812,23.121],[91.813,23.119],[91.814,23.119],[91.816,23.119],[91.816,23.118],[91.816,23.117],[91.817,23.116],[91.817,23.115],[91.817,23.114],[91.818,23.113],[91.818,23.112],[91.818,23.111],[91.816,23.11],[91.817,23.11],[91.818,23.108],[91.818,23.105],[91.817,23.103],[91.818,23.102],[91.817,23.101],[91.815,23.101],[91.813,23.099],[91.813,23.098],[91.815,23.098],[91.816,23.099],[91.817,23.098],[91.817,23.098],[91.82,23.098],[91.821,23.098],[91.821,23.1],[91.821,23.1],[91.823,23.099],[91.825,23.099],[91.826,23.099],[91.827,23.098],[91.83,23.098],[91.832,23.097],[91.833,23.095],[91.834,23.094],[91.835,23.094],[91.836,23.093],[91.836,23.092],[91.834,23.092],[91.833,23.092],[91.831,23.092],[91.831,23.091],[91.83,23.091],[91.829,23.092],[91.829,23.09],[91.828,23.089],[91.826,23.088],[91.823,23.087],[91.822,23.086],[91.824,23.085],[91.824,23.084],[91.824,23.083],[91.822,23.082],[91.82,23.081],[91.82,23.08],[91.819,23.081],[91.818,23.083],[91.816,23.083],[91.816,23.081],[91.815,23.08],[91.816,23.08],[91.817,23.079],[91.817,23.078],[91.818,23.077],[91.817,23.076],[91.816,23.075],[91.817,23.074],[91.819,23.073],[91.818,23.072],[91.817,23.072],[91.815,23.072],[91.814,23.073],[91.813,23.074],[91.812,23.073],[91.814,23.071],[91.813,23.071],[91.813,23.071],[91.812,23.07],[91.812,23.069],[91.812,23.067],[91.812,23.066],[91.81,23.067],[91.809,23.067],[91.807,23.067],[91.806,23.067],[91.806,23.066],[91.807,23.064],[91.806,23.063],[91.805,23.063],[91.803,23.064],[91.802,23.064],[91.8,23.065],[91.799,23.065],[91.798,23.065],[91.797,23.064],[91.795,23.062],[91.794,23.063],[91.793,23.064],[91.794,23.066],[91.796,23.067],[91.796,23.067],[91.795,23.069],[91.793,23.069],[91.79,23.069],[91.79,23.07],[91.79,23.071],[91.789,23.072],[91.788,23.071],[91.788,23.069],[91.789,23.068],[91.789,23.068],[91.787,23.068],[91.786,23.069],[91.786,23.07],[91.786,23.071],[91.785,23.071],[91.785,23.072],[91.782,23.071],[91.78,23.071],[91.78,23.071],[91.779,23.071],[91.776,23.07],[91.774,23.069],[91.774,23.068],[91.774,23.067],[91.777,23.063],[91.779,23.061],[91.78,23.059],[91.779,23.057],[91.778,23.057],[91.777,23.057],[91.779,23.054],[91.781,23.052],[91.781,23.05],[91.782,23.049],[91.783,23.048],[91.782,23.046],[91.782,23.044],[91.784,23.041],[91.784,23.039],[91.784,23.038],[91.784,23.037],[91.783,23.036],[91.782,23.035],[91.782,23.034],[91.781,23.034],[91.78,23.036],[91.78,23.037],[91.779,23.037],[91.78,23.034],[91.781,23.032],[91.781,23.031],[91.78,23.029],[91.778,23.028],[91.776,23.027],[91.774,23.027],[91.774,23.028],[91.774,23.029],[91.773,23.03],[91.773,23.032],[91.773,23.034],[91.773,23.035],[91.774,23.036],[91.774,23.036],[91.774,23.037],[91.774,23.038],[91.774,23.039],[91.774,23.04],[91.772,23.041],[91.77,23.042],[91.768,23.041],[91.768,23.04],[91.77,23.037],[91.772,23.034],[91.772,23.033],[91.771,23.033],[91.769,23.034],[91.768,23.034],[91.766,23.032],[91.764,23.031],[91.762,23.03],[91.761,23.029],[91.762,23.027],[91.76,23.025],[91.758,23.025],[91.757,23.025],[91.755,23.023],[91.753,23.022],[91.752,23.02],[91.751,23.018],[91.75,23.017],[91.75,23.016],[91.748,23.014],[91.746,23.012],[91.745,23.011],[91.745,23.009],[91.744,23.009],[91.744,23.007],[91.744,23.007],[91.742,23.006],[91.739,23.005],[91.737,23.004],[91.736,23.003],[91.735,23.002],[91.735,23.002],[91.733,23.002],[91.732,23.001],[91.732,23.001],[91.731,23.0],[91.73,23.0],[91.729,23.0],[91.724,22.998],[91.722,22.994],[91.722,22.99],[91.721,22.988],[91.72,22.987],[91.718,22.986],[91.715,22.987],[91.712,22.988],[91.71,22.988],[91.709,22.987],[91.71,22.986],[91.711,22.984],[91.712,22.983],[91.708,22.982],[91.708,22.982],[91.706,22.984],[91.704,22.987],[91.704,22.988],[91.703,22.989],[91.699,22.989],[91.696,22.989],[91.695,22.988],[91.694,22.988],[91.693,22.987],[91.692,22.987],[91.691,22.986],[91.69,22.985],[91.691,22.984],[91.69,22.982],[91.688,22.98],[91.684,22.979],[91.682,22.979],[91.679,22.976],[91.678,22.977],[91.678,22.98],[91.677,22.981],[91.676,22.983],[91.675,22.982],[91.674,22.979],[91.672,22.977],[91.668,22.977],[91.667,22.979],[91.665,22.981],[91.663,22.981],[91.661,22.98],[91.661,22.98],[91.658,22.981],[91.656,22.982],[91.656,22.981],[91.657,22.98],[91.658,22.979],[91.658,22.978],[91.656,22.977],[91.652,22.976],[91.651,22.977],[91.651,22.978],[91.651,22.98],[91.65,22.981],[91.65,22.982],[91.65,22.983],[91.647,22.985],[91.645,22.985],[91.645,22.983],[91.646,22.979],[91.646,22.977],[91.643,22.976],[91.641,22.975],[91.641,22.974],[91.641,22.97],[91.637,22.966],[91.637,22.965],[91.637,22.963],[91.634,22.96],[91.63,22.959],[91.628,22.961],[91.627,22.962],[91.625,22.962],[91.625,22.962],[91.626,22.958],[91.627,22.956],[91.626,22.954],[91.624,22.95],[91.624,22.949],[91.624,22.948],[91.625,22.946],[91.625,22.944],[91.624,22.942],[91.622,22.941],[91.621,22.939],[91.619,22.938],[91.618,22.937],[91.617,22.938],[91.616,22.94],[91.615,22.942],[91.616,22.943],[91.616,22.945],[91.614,22.946],[91.613,22.948],[91.613,22.95],[91.616,22.949],[91.617,22.95],[91.614,22.952],[91.612,22.952],[91.608,22.95],[91.607,22.951],[91.608,22.953],[91.609,22.957],[91.608,22.957],[91.605,22.955],[91.602,22.953],[91.6,22.955],[91.602,22.959],[91.606,22.962],[91.61,22.96],[91.613,22.958],[91.614,22.96],[91.611,22.963],[91.606,22.965],[91.605,22.968],[91.606,22.971],[91.603,22.972],[91.601,22.972],[91.6,22.975],[91.598,22.976],[91.593,22.973],[91.592,22.975],[91.591,22.977],[91.59,22.976],[91.579,22.967],[91.575,22.969],[91.565,22.974],[91.557,22.981],[91.557,22.984],[91.557,22.989],[91.557,22.997],[91.544,22.998],[91.544,23.004],[91.547,23.014],[91.538,23.019],[91.546,23.031],[91.541,23.038],[91.531,23.042],[91.533,23.046],[91.535,23.055],[91.526,23.06],[91.533,23.068],[91.528,23.078],[91.528,23.084],[91.528,23.092],[91.52,23.096],[91.519,23.104],[91.512,23.106],[91.52,23.115],[91.516,23.124],[91.505,23.127],[91.512,23.137],[91.513,23.144],[91.511,23.143],[91.511,23.144],[91.511,23.143],[91.51,23.143],[91.51,23.143],[91.51,23.143],[91.51,23.142],[91.51,23.141],[91.51,23.141],[91.51,23.141],[91.51,23.14],[91.509,23.14],[91.508,23.141],[91.508,23.14],[91.507,23.14],[91.507,23.14],[91.507,23.141],[91.506,23.14],[91.506,23.14],[91.505,23.141],[91.504,23.141],[91.504,23.141],[91.503,23.142],[91.503,23.142],[91.503,23.142],[91.503,23.143],[91.502,23.143],[91.501,23.143],[91.501,23.143],[91.501,23.143],[91.5,23.143],[91.5,23.142],[91.5,23.142],[91.5,23.142],[91.499,23.143],[91.499,23.143],[91.499,23.144],[91.499,23.143],[91.499,23.144],[91.499,23.144],[91.499,23.144],[91.498,23.145],[91.498,23.144],[91.498,23.145],[91.497,23.145],[91.497,23.145],[91.497,23.146],[91.496,23.146],[91.496,23.146],[91.496,23.146],[91.496,23.147],[91.496,23.147],[91.496,23.147],[91.495,23.147],[91.495,23.147],[91.495,23.147],[91.506,23.153],[91.498,23.153],[91.491,23.158],[91.495,23.163],[91.497,23.168],[91.495,23.172],[91.492,23.178],[91.505,23.18],[91.502,23.187],[91.499,23.191],[91.488,23.192],[91.48,23.191],[91.477,23.198],[91.483,23.204],[91.477,23.219],[91.465,23.216],[91.458,23.214],[91.458,23.215],[91.458,23.216],[91.457,23.217],[91.455,23.217],[91.455,23.217],[91.454,23.218],[91.452,23.219],[91.452,23.219],[91.451,23.219],[91.45,23.22],[91.451,23.221],[91.451,23.221],[91.451,23.221],[91.452,23.221],[91.452,23.221],[91.452,23.221],[91.452,23.222],[91.453,23.222],[91.453,23.222],[91.453,23.222],[91.453,23.223],[91.453,23.223],[91.453,23.223],[91.454,23.224],[91.467,23.227],[91.467,23.234],[91.462,23.241],[91.455,23.245],[91.448,23.244],[91.447,23.25],[91.451,23.254],[91.455,23.257],[91.447,23.261],[91.435,23.262],[91.425,23.26],[91.418,23.256],[91.418,23.256],[91.418,23.257],[91.418,23.257],[91.419,23.257],[91.419,23.257],[91.418,23.257],[91.417,23.257],[91.417,23.258],[91.418,23.258],[91.418,23.258],[91.418,23.259],[91.418,23.259],[91.417,23.259],[91.417,23.26],[91.417,23.26],[91.416,23.261],[91.416,23.261],[91.416,23.262],[91.416,23.262],[91.416,23.262],[91.417,23.262],[91.417,23.263],[91.416,23.263],[91.416,23.263],[91.416,23.264],[91.416,23.264],[91.416,23.265],[91.417,23.265],[91.417,23.265],[91.417,23.266],[91.416,23.266],[91.416,23.267],[91.417,23.267],[91.417,23.267],[91.417,23.268],[91.416,23.269],[91.416,23.269],[91.417,23.269],[91.417,23.269],[91.417,23.269],[91.417,23.27],[91.418,23.27],[91.419,23.27],[91.419,23.271],[91.419,23.271],[91.419,23.272],[91.419,23.272],[91.42,23.273],[91.419,23.274],[91.418,23.275],[91.418,23.275],[91.418,23.275],[91.418,23.275],[91.418,23.275],[91.417,23.276],[91.418,23.276],[91.418,23.276],[91.417,23.276],[91.417,23.276],[91.417,23.277],[91.417,23.277],[91.417,23.278],[91.416,23.278],[91.416,23.279],[91.416,23.279],[91.416,23.279],[91.416,23.28],[91.416,23.28],[91.416,23.279],[91.415,23.28],[91.416,23.28],[91.415,23.282],[91.416,23.282],[91.415,23.283],[91.414,23.282],[91.414,23.281],[91.414,23.281],[91.413,23.281],[91.413,23.282],[91.413,23.283],[91.412,23.283],[91.413,23.283],[91.412,23.283],[91.412,23.284],[91.412,23.284],[91.411,23.284],[91.41,23.284],[91.409,23.284],[91.409,23.285],[91.409,23.284],[91.41,23.271],[91.411,23.259],[91.407,23.256],[91.4,23.266],[91.397,23.264],[91.397,23.256],[91.405,23.252],[91.407,23.248],[91.399,23.247],[91.392,23.246],[91.393,23.245],[91.394,23.245],[91.394,23.244],[91.395,23.243],[91.395,23.243],[91.395,23.242],[91.396,23.242],[91.396,23.242],[91.397,23.242],[91.397,23.241],[91.397,23.241],[91.397,23.24],[91.397,23.24],[91.398,23.24],[91.398,23.239],[91.398,23.238],[91.399,23.237],[91.398,23.236],[91.399,23.236],[91.398,23.236],[91.399,23.236],[91.399,23.236],[91.4,23.235],[91.4,23.235],[91.4,23.235],[91.4,23.234],[91.4,23.233],[91.4,23.233],[91.4,23.232],[91.4,23.231],[91.4,23.231],[91.4,23.23],[91.401,23.229],[91.398,23.229],[91.387,23.227],[91.392,23.22],[91.384,23.211],[91.385,23.208],[91.386,23.198],[91.38,23.188],[91.383,23.185],[91.382,23.175],[91.385,23.167],[91.386,23.155],[91.391,23.144],[91.397,23.129],[91.397,23.118],[91.403,23.113],[91.401,23.102],[91.406,23.096],[91.405,23.087],[91.412,23.083],[91.415,23.083],[91.416,23.083],[91.416,23.083],[91.416,23.083],[91.417,23.083],[91.417,23.083],[91.417,23.082],[91.416,23.081],[91.416,23.08],[91.416,23.078],[91.416,23.077],[91.416,23.076],[91.414,23.076],[91.413,23.075],[91.414,23.074],[91.414,23.072],[91.413,23.07],[91.413,23.069],[91.412,23.068],[91.411,23.066],[91.411,23.066],[91.413,23.065],[91.416,23.065],[91.417,23.065],[91.417,23.064],[91.416,23.063],[91.415,23.063],[91.415,23.063],[91.414,23.063],[91.414,23.063],[91.412,23.063],[91.412,23.062],[91.412,23.062],[91.411,23.062],[91.411,23.061],[91.411,23.061],[91.41,23.061],[91.408,23.06],[91.407,23.06],[91.406,23.059],[91.405,23.059],[91.405,23.059],[91.404,23.059],[91.404,23.059],[91.403,23.059],[91.402,23.058],[91.402,23.058],[91.401,23.059],[91.4,23.058],[91.4,23.058],[91.399,23.057],[91.399,23.057],[91.399,23.057],[91.398,23.056],[91.397,23.056],[91.39,23.06],[91.383,23.064],[91.37,23.071],[91.362,23.082],[91.353,23.096],[91.347,23.107],[91.348,23.119],[91.342,23.129],[91.336,23.138],[91.334,23.149],[91.323,23.158],[91.325,23.169],[91.324,23.18],[91.324,23.194],[91.324,23.21],[91.324,23.222],[91.324,23.238],[91.326,23.25],[91.317,23.257],[91.312,23.27],[91.317,23.282],[91.3,23.293],[91.315,23.297],[91.313,23.307],[91.302,23.314],[91.29,23.32],[91.295,23.334],[91.307,23.343],[91.311,23.351],[91.312,23.354],[91.313,23.354],[91.313,23.354],[91.314,23.353],[91.316,23.353],[91.317,23.353],[91.317,23.353],[91.319,23.355],[91.308,23.356],[91.291,23.352],[91.294,23.359],[91.287,23.363],[91.285,23.367],[91.284,23.371],[91.289,23.371],[91.292,23.371],[91.294,23.374],[91.294,23.376],[91.294,23.376],[91.293,23.377],[91.293,23.378],[91.292,23.378],[91.292,23.378],[91.291,23.378],[91.29,23.377],[91.29,23.376],[91.289,23.376],[91.288,23.376],[91.288,23.376],[91.288,23.376],[91.287,23.376],[91.287,23.376],[91.286,23.376],[91.285,23.377],[91.284,23.377],[91.284,23.377],[91.283,23.376],[91.282,23.376],[91.281,23.376],[91.281,23.376],[91.28,23.377],[91.28,23.377],[91.279,23.382],[91.279,23.39],[91.278,23.398],[91.277,23.403],[91.277,23.411],[91.275,23.416],[91.266,23.422],[91.265,23.426],[91.269,23.431],[91.262,23.437],[91.256,23.442],[91.256,23.446],[91.255,23.448],[91.253,23.45],[91.251,23.453],[91.252,23.456],[91.253,23.458],[91.253,23.461],[91.251,23.463],[91.25,23.465],[91.25,23.47],[91.25,23.473],[91.251,23.478],[91.252,23.481],[91.249,23.49],[91.243,23.49],[91.236,23.489],[91.236,23.495],[91.235,23.498],[91.235,23.501],[91.228,23.499],[91.223,23.497],[91.221,23.498],[91.22,23.498],[91.218,23.501],[91.221,23.508],[91.221,23.514],[91.213,23.514],[91.203,23.518],[91.203,23.529],[91.207,23.539],[91.21,23.544],[91.211,23.549],[91.205,23.546],[91.2,23.549],[91.195,23.551],[91.195,23.559],[91.193,23.566],[91.187,23.573],[91.186,23.578],[91.181,23.581],[91.178,23.584],[91.176,23.585],[91.177,23.588],[91.175,23.593],[91.168,23.593],[91.164,23.595],[91.162,23.596],[91.163,23.601],[91.163,23.604],[91.161,23.613],[91.161,23.615],[91.159,23.618],[91.158,23.621],[91.158,23.624],[91.159,23.628],[91.16,23.632],[91.159,23.641],[91.16,23.643],[91.16,23.648],[91.161,23.65],[91.161,23.654],[91.16,23.658],[91.159,23.662],[91.157,23.667],[91.156,23.67],[91.158,23.669],[91.16,23.667],[91.161,23.666],[91.165,23.664],[91.175,23.658],[91.176,23.659],[91.176,23.66],[91.176,23.66],[91.176,23.659],[91.177,23.659],[91.18,23.657],[91.182,23.657],[91.182,23.658],[91.183,23.657],[91.193,23.654],[91.191,23.648],[91.192,23.647],[91.195,23.646],[91.196,23.646],[91.2,23.648],[91.205,23.65],[91.203,23.654],[91.205,23.654],[91.202,23.656],[91.204,23.659],[91.203,23.66],[91.203,23.666],[91.204,23.671],[91.205,23.68],[91.203,23.68],[91.204,23.681],[91.204,23.681],[91.204,23.681],[91.204,23.682],[91.205,23.682],[91.205,23.682],[91.205,23.683],[91.206,23.683],[91.206,23.683],[91.206,23.684],[91.207,23.685],[91.207,23.685],[91.208,23.685],[91.208,23.686],[91.206,23.686],[91.202,23.687],[91.196,23.692],[91.194,23.691],[91.182,23.69],[91.171,23.689],[91.165,23.689],[91.16,23.689],[91.157,23.689],[91.153,23.69],[91.153,23.695],[91.152,23.697],[91.152,23.702],[91.152,23.704],[91.151,23.706],[91.15,23.71],[91.15,23.715],[91.151,23.718],[91.152,23.721],[91.153,23.723],[91.154,23.726],[91.155,23.731],[91.156,23.734],[91.157,23.738],[91.157,23.742],[91.164,23.748],[91.168,23.75],[91.177,23.749],[91.185,23.75],[91.192,23.751],[91.206,23.75],[91.214,23.743],[91.219,23.737],[91.222,23.744],[91.222,23.745],[91.223,23.746],[91.224,23.748],[91.226,23.751],[91.226,23.757],[91.231,23.765],[91.23,23.777],[91.23,23.783],[91.228,23.785],[91.229,23.789],[91.227,23.79],[91.229,23.795],[91.231,23.798],[91.231,23.799],[91.233,23.803],[91.234,23.807],[91.234,23.809],[91.233,23.809],[91.233,23.81],[91.233,23.81],[91.233,23.811],[91.234,23.811],[91.235,23.812],[91.236,23.812],[91.237,23.813],[91.244,23.824],[91.247,23.829],[91.249,23.831],[91.254,23.838],[91.252,23.843],[91.25,23.847],[91.244,23.857],[91.239,23.866],[91.236,23.878],[91.229,23.888],[91.229,23.899],[91.238,23.903],[91.246,23.911],[91.245,23.916],[91.241,23.923],[91.237,23.925],[91.236,23.926],[91.235,23.928],[91.252,23.926],[91.264,23.925],[91.274,23.924],[91.276,23.925],[91.274,23.931],[91.273,23.936],[91.267,23.942],[91.266,23.949],[91.268,23.955],[91.271,23.961],[91.272,23.963],[91.277,23.97],[91.281,23.977],[91.285,23.982],[91.286,23.982],[91.286,23.981],[91.286,23.981],[91.285,23.98],[91.285,23.98],[91.285,23.979],[91.285,23.978],[91.284,23.977],[91.285,23.977],[91.285,23.977],[91.285,23.977],[91.286,23.976],[91.286,23.976],[91.287,23.976],[91.287,23.975],[91.287,23.975],[91.287,23.974],[91.288,23.974],[91.288,23.973],[91.287,23.973],[91.287,23.972],[91.287,23.972],[91.287,23.972],[91.287,23.971],[91.288,23.971],[91.287,23.97],[91.287,23.969],[91.287,23.969],[91.287,23.969],[91.287,23.969],[91.287,23.968],[91.288,23.968],[91.288,23.969],[91.289,23.969],[91.289,23.968],[91.29,23.968],[91.29,23.968],[91.29,23.968],[91.29,23.968],[91.29,23.968],[91.291,23.968],[91.291,23.968],[91.291,23.968],[91.291,23.968],[91.292,23.969],[91.292,23.969],[91.292,23.969],[91.292,23.969],[91.292,23.969],[91.292,23.969],[91.293,23.969],[91.293,23.969],[91.293,23.969],[91.293,23.969],[91.293,23.969],[91.293,23.969],[91.293,23.969],[91.294,23.969],[91.294,23.969],[91.294,23.969],[91.294,23.969],[91.295,23.969],[91.295,23.97],[91.295,23.97],[91.295,23.97],[91.295,23.97],[91.295,23.97],[91.295,23.97],[91.295,23.97],[91.296,23.97],[91.296,23.97],[91.296,23.97],[91.296,23.971],[91.296,23.971],[91.296,23.971],[91.297,23.971],[91.297,23.971],[91.297,23.971],[91.297,23.972],[91.297,23.972],[91.298,23.972],[91.298,23.972],[91.298,23.972],[91.298,23.972],[91.299,23.972],[91.299,23.972],[91.299,23.972],[91.3,23.972],[91.3,23.972],[91.298,23.975],[91.3,23.981],[91.302,23.985],[91.303,23.988],[91.302,23.99],[91.302,23.99],[91.302,23.99],[91.302,23.991],[91.302,23.991],[91.302,23.991],[91.302,23.991],[91.302,23.991],[91.302,23.991],[91.302,23.991],[91.302,23.992],[91.302,23.992],[91.302,23.992],[91.302,23.993],[91.302,23.993],[91.302,23.993],[91.301,23.994],[91.301,23.994],[91.302,23.994],[91.302,23.995],[91.302,23.995],[91.302,23.995],[91.302,23.996],[91.302,23.996],[91.302,23.996],[91.303,23.996],[91.303,23.996],[91.303,23.996],[91.303,23.996],[91.303,23.997],[91.304,23.997],[91.303,23.997],[91.303,23.997],[91.303,23.997],[91.303,23.998],[91.303,23.998],[91.304,23.998],[91.304,23.998],[91.304,23.998],[91.304,23.997],[91.305,23.997],[91.304,23.997],[91.304,23.996],[91.304,23.996],[91.305,23.996],[91.305,23.996],[91.305,23.996],[91.305,23.996],[91.305,23.995],[91.305,23.995],[91.305,23.995],[91.305,23.996],[91.306,23.996],[91.306,23.995],[91.306,23.995],[91.306,23.995],[91.306,23.995],[91.307,23.995],[91.307,23.995],[91.307,23.995],[91.308,23.995],[91.308,23.995],[91.308,23.995],[91.308,23.994],[91.308,23.994],[91.308,23.994],[91.309,23.994],[91.309,23.994],[91.309,23.994],[91.309,23.993],[91.31,23.993],[91.31,23.993],[91.31,23.993],[91.31,23.993],[91.31,23.993],[91.311,23.993],[91.311,23.992],[91.311,23.992],[91.311,23.992],[91.311,23.992],[91.311,23.992],[91.311,23.992],[91.311,23.992],[91.311,23.992],[91.312,23.992],[91.312,23.992],[91.312,23.992],[91.312,23.992],[91.313,23.991],[91.313,23.991],[91.313,23.991],[91.314,23.991],[91.314,23.991],[91.314,23.991],[91.314,23.991],[91.314,23.991],[91.314,23.991],[91.314,23.991],[91.315,23.991],[91.315,23.991],[91.315,23.991],[91.315,23.991],[91.315,23.991],[91.316,23.991],[91.316,23.991],[91.316,23.991],[91.316,23.991],[91.317,23.991],[91.317,23.991],[91.317,23.991],[91.317,23.991],[91.317,23.991],[91.318,23.992],[91.318,23.992],[91.318,23.992],[91.318,23.992],[91.318,23.992],[91.319,23.992],[91.319,23.992],[91.319,23.992],[91.319,23.993],[91.319,23.993],[91.319,23.993],[91.32,23.993],[91.32,23.993],[91.32,23.993],[91.32,23.993],[91.32,23.993],[91.321,23.993],[91.321,23.994],[91.321,23.994],[91.321,23.994],[91.321,23.994],[91.321,23.994],[91.322,23.994],[91.322,23.994],[91.322,23.994],[91.323,23.994],[91.323,23.994],[91.323,23.994],[91.323,23.995],[91.324,23.995],[91.324,23.994],[91.324,23.994],[91.324,23.994],[91.324,23.994],[91.325,23.994],[91.325,23.994],[91.325,23.993],[91.325,23.994],[91.325,23.993],[91.326,23.993],[91.326,23.993],[91.326,23.992],[91.326,23.992],[91.326,23.992],[91.326,23.992],[91.326,23.992],[91.327,23.992],[91.327,23.992],[91.327,23.992],[91.327,23.992],[91.328,23.992],[91.328,23.992],[91.328,23.992],[91.328,23.992],[91.328,23.992],[91.328,23.992],[91.328,23.992],[91.328,23.992],[91.329,23.992],[91.329,23.992],[91.329,23.992],[91.329,23.992],[91.329,23.992],[91.33,23.992],[91.33,23.992],[91.33,23.992],[91.33,23.993],[91.33,23.993],[91.33,23.992],[91.33,23.992],[91.33,23.992],[91.33,23.992],[91.331,23.992],[91.331,23.992],[91.331,23.992],[91.331,23.992],[91.331,23.992],[91.331,23.992],[91.332,23.991],[91.331,23.991],[91.332,23.991],[91.332,23.991],[91.332,23.991],[91.332,23.991],[91.332,23.991],[91.332,23.991],[91.332,23.991],[91.333,23.991],[91.333,23.991],[91.333,23.991],[91.333,23.991],[91.333,23.991],[91.333,23.991],[91.334,23.991],[91.334,23.991],[91.334,23.99],[91.334,23.99],[91.334,23.99],[91.334,23.99],[91.335,23.99],[91.335,23.99],[91.335,23.989],[91.335,23.989],[91.335,23.989],[91.335,23.989],[91.335,23.989],[91.335,23.989],[91.335,23.989],[91.335,23.989],[91.336,23.989],[91.336,23.988],[91.336,23.988],[91.336,23.988],[91.336,23.988],[91.336,23.987],[91.336,23.987],[91.336,23.987],[91.336,23.987],[91.336,23.987],[91.337,23.986],[91.337,23.986],[91.337,23.986],[91.337,23.986],[91.337,23.985],[91.337,23.985],[91.337,23.985],[91.337,23.985],[91.337,23.985],[91.337,23.985],[91.338,23.984],[91.338,23.984],[91.338,23.984],[91.339,23.984],[91.339,23.984],[91.339,23.984],[91.339,23.984],[91.34,23.983],[91.34,23.983],[91.34,23.983],[91.34,23.983],[91.34,23.983],[91.34,23.982],[91.341,23.982],[91.341,23.982],[91.341,23.982],[91.341,23.982],[91.341,23.982],[91.342,23.982],[91.342,23.982],[91.342,23.982],[91.342,23.983],[91.342,23.983],[91.343,23.983],[91.343,23.983],[91.343,23.983],[91.343,23.983],[91.343,23.983],[91.343,23.983],[91.344,23.983],[91.344,23.983],[91.345,23.983],[91.345,23.983],[91.345,23.983],[91.345,23.983],[91.345,23.983],[91.346,23.983],[91.346,23.983],[91.347,23.983],[91.347,23.983],[91.347,23.983],[91.347,23.984],[91.347,23.984],[91.347,23.984],[91.348,23.984],[91.348,23.984],[91.348,23.984],[91.348,23.984],[91.348,23.984],[91.348,23.984],[91.349,23.984],[91.349,23.984],[91.349,23.984],[91.35,23.984],[91.35,23.983],[91.35,23.983],[91.35,23.983],[91.35,23.983],[91.35,23.983],[91.351,23.983],[91.351,23.983],[91.351,23.983],[91.352,23.983],[91.352,23.983],[91.352,23.983],[91.352,23.982],[91.353,23.982],[91.353,23.982],[91.353,23.982],[91.354,23.982],[91.354,23.982],[91.354,23.983],[91.354,23.983],[91.354,23.983],[91.355,23.983],[91.355,23.984],[91.355,23.984],[91.355,23.984],[91.356,23.984],[91.356,23.984],[91.356,23.984],[91.356,23.984],[91.356,23.984],[91.356,23.984],[91.357,23.984],[91.357,23.984],[91.357,23.984],[91.358,23.984],[91.358,23.984],[91.358,23.984],[91.359,23.984],[91.359,23.984],[91.359,23.984],[91.359,23.985],[91.359,23.985],[91.359,23.985],[91.359,23.985],[91.359,23.985],[91.359,23.985],[91.359,23.985],[91.359,23.986],[91.36,23.986],[91.36,23.986],[91.36,23.986],[91.36,23.986],[91.36,23.986],[91.361,23.986],[91.361,23.986],[91.361,23.986],[91.361,23.986],[91.361,23.986],[91.361,23.986],[91.362,23.986],[91.362,23.986],[91.362,23.986],[91.362,23.986],[91.362,23.986],[91.362,23.985],[91.368,23.981],[91.371,23.978],[91.373,23.976],[91.377,23.975],[91.379,23.976],[91.38,23.978],[91.379,23.979],[91.379,23.98],[91.379,23.981],[91.38,23.981],[91.38,23.982],[91.38,23.982],[91.38,23.983],[91.38,23.983],[91.379,23.982],[91.379,23.983],[91.378,23.984],[91.378,23.984],[91.377,23.984],[91.377,23.984],[91.377,23.984],[91.378,23.984],[91.378,23.984],[91.379,23.984],[91.379,23.985],[91.378,23.985],[91.378,23.985],[91.377,23.986],[91.377,23.986],[91.376,23.987],[91.376,23.988],[91.377,23.988],[91.378,23.988],[91.378,23.989],[91.377,23.99],[91.377,23.991],[91.377,23.991],[91.378,23.991],[91.378,23.991],[91.379,23.991],[91.379,23.991],[91.378,23.992],[91.378,23.992],[91.378,23.993],[91.378,23.993],[91.377,23.993],[91.377,23.992],[91.376,23.992],[91.377,23.993],[91.376,23.994],[91.375,23.994],[91.374,23.995],[91.375,23.995],[91.376,23.995],[91.376,23.995],[91.376,23.996],[91.376,23.997],[91.376,23.997],[91.375,23.996],[91.375,23.996],[91.375,23.997],[91.375,23.998],[91.374,23.998],[91.375,23.999],[91.375,24.0],[91.374,24.001],[91.374,24.002],[91.374,24.002],[91.374,24.002],[91.373,24.002],[91.373,24.003],[91.374,24.004],[91.376,24.006],[91.392,24.032],[91.396,24.042],[91.397,24.047],[91.394,24.053],[91.392,24.057],[91.386,24.066],[91.382,24.073],[91.379,24.076],[91.377,24.082],[91.376,24.095],[91.374,24.106],[91.375,24.107],[91.376,24.108],[91.376,24.108],[91.377,24.108],[91.379,24.108],[91.381,24.108],[91.384,24.107],[91.386,24.107],[91.388,24.107],[91.39,24.109],[91.391,24.108],[91.392,24.108],[91.393,24.108],[91.394,24.109],[91.396,24.109],[91.398,24.11],[91.399,24.109],[91.4,24.108],[91.401,24.108],[91.401,24.109],[91.401,24.109],[91.401,24.109],[91.401,24.111],[91.402,24.112],[91.404,24.112],[91.405,24.112],[91.405,24.113],[91.405,24.114],[91.405,24.113],[91.406,24.112],[91.407,24.112],[91.408,24.113],[91.409,24.113],[91.41,24.113],[91.41,24.114],[91.411,24.114],[91.411,24.115],[91.412,24.116],[91.412,24.116],[91.413,24.116],[91.414,24.114],[91.415,24.114],[91.416,24.113],[91.417,24.113],[91.417,24.112],[91.418,24.112],[91.418,24.112],[91.419,24.112],[91.42,24.112],[91.421,24.112],[91.421,24.112],[91.421,24.111],[91.42,24.11],[91.421,24.11],[91.421,24.109],[91.422,24.109],[91.423,24.109],[91.424,24.109],[91.424,24.109],[91.425,24.108],[91.426,24.107],[91.426,24.108],[91.427,24.108],[91.426,24.108],[91.427,24.108],[91.427,24.107],[91.428,24.107],[91.427,24.106],[91.428,24.106],[91.429,24.106],[91.429,24.105],[91.429,24.104],[91.429,24.104],[91.429,24.103],[91.429,24.102],[91.431,24.101],[91.432,24.1],[91.432,24.1],[91.432,24.101],[91.432,24.102],[91.434,24.102],[91.434,24.101],[91.435,24.1],[91.435,24.101],[91.436,24.101],[91.438,24.101],[91.439,24.102],[91.439,24.102],[91.439,24.103],[91.44,24.103],[91.441,24.103],[91.441,24.101],[91.441,24.101],[91.442,24.1],[91.441,24.099],[91.442,24.098],[91.442,24.097],[91.444,24.097],[91.444,24.097],[91.444,24.098],[91.445,24.099],[91.446,24.099],[91.447,24.099],[91.448,24.1],[91.448,24.1],[91.449,24.1],[91.449,24.101],[91.449,24.101],[91.45,24.101],[91.45,24.101],[91.45,24.101],[91.451,24.101],[91.451,24.101],[91.451,24.101],[91.451,24.101],[91.451,24.101],[91.451,24.101],[91.45,24.101],[91.45,24.101],[91.45,24.1],[91.451,24.1],[91.451,24.1],[91.451,24.1],[91.452,24.1],[91.452,24.099],[91.452,24.099],[91.452,24.099],[91.452,24.099],[91.452,24.098],[91.452,24.098],[91.452,24.098],[91.452,24.098],[91.453,24.098],[91.453,24.098],[91.453,24.098],[91.453,24.098],[91.453,24.099],[91.454,24.098],[91.455,24.098],[91.455,24.098],[91.455,24.097],[91.455,24.097],[91.456,24.097],[91.456,24.097],[91.457,24.097],[91.457,24.097],[91.458,24.097],[91.458,24.097],[91.459,24.097],[91.46,24.097],[91.46,24.097],[91.461,24.097],[91.461,24.097],[91.461,24.097],[91.462,24.097],[91.463,24.097],[91.463,24.098],[91.463,24.098],[91.464,24.098],[91.465,24.099],[91.466,24.098],[91.469,24.099],[91.478,24.099],[91.482,24.098],[91.482,24.098],[91.483,24.098],[91.483,24.098],[91.483,24.098],[91.483,24.098],[91.483,24.097],[91.484,24.097],[91.484,24.096],[91.485,24.096],[91.486,24.096],[91.487,24.096],[91.488,24.096],[91.488,24.095],[91.489,24.096],[91.489,24.096],[91.49,24.096],[91.491,24.096],[91.494,24.095],[91.494,24.091],[91.497,24.088],[91.504,24.087],[91.513,24.085],[91.521,24.083],[91.533,24.079],[91.544,24.076],[91.553,24.076],[91.559,24.077],[91.565,24.076],[91.57,24.075],[91.572,24.075],[91.572,24.076],[91.573,24.078],[91.573,24.079],[91.574,24.079],[91.574,24.08],[91.575,24.08],[91.579,24.077],[91.586,24.073],[91.587,24.075],[91.592,24.076],[91.592,24.078],[91.592,24.081],[91.594,24.083],[91.596,24.084],[91.598,24.084],[91.6,24.085],[91.599,24.087],[91.595,24.088],[91.592,24.089],[91.591,24.091],[91.591,24.092],[91.592,24.093],[91.594,24.093],[91.596,24.094],[91.596,24.096],[91.595,24.097],[91.596,24.097],[91.597,24.097],[91.598,24.097],[91.599,24.098],[91.6,24.097],[91.6,24.097],[91.6,24.096],[91.602,24.096],[91.602,24.096],[91.602,24.097],[91.603,24.097],[91.604,24.096],[91.604,24.096],[91.604,24.095],[91.603,24.095],[91.604,24.094],[91.604,24.094],[91.605,24.095],[91.606,24.094],[91.605,24.094],[91.606,24.093],[91.606,24.093],[91.607,24.093],[91.607,24.093],[91.607,24.094],[91.608,24.093],[91.608,24.093],[91.609,24.093],[91.609,24.093],[91.61,24.093],[91.611,24.092],[91.611,24.092],[91.611,24.092],[91.611,24.093],[91.612,24.093],[91.613,24.093],[91.613,24.093],[91.614,24.093],[91.614,24.093],[91.614,24.094],[91.615,24.095],[91.615,24.095],[91.617,24.094],[91.617,24.095],[91.617,24.095],[91.618,24.096],[91.618,24.095],[91.618,24.095],[91.618,24.095],[91.619,24.096],[91.62,24.096],[91.623,24.097],[91.622,24.097],[91.623,24.097],[91.624,24.097],[91.625,24.097],[91.625,24.098],[91.625,24.098],[91.626,24.098],[91.626,24.099],[91.626,24.099],[91.627,24.099],[91.627,24.1],[91.628,24.1],[91.628,24.101],[91.629,24.101],[91.63,24.101],[91.63,24.1],[91.631,24.1],[91.631,24.1],[91.632,24.1],[91.632,24.101],[91.633,24.101],[91.634,24.102],[91.635,24.102],[91.636,24.102],[91.637,24.102],[91.638,24.104],[91.64,24.121],[91.637,24.142],[91.646,24.161],[91.652,24.178],[91.656,24.176],[91.656,24.177],[91.656,24.178],[91.657,24.178],[91.657,24.179],[91.658,24.179],[91.658,24.179],[91.658,24.18],[91.657,24.18],[91.657,24.18],[91.657,24.181],[91.658,24.181],[91.658,24.181],[91.658,24.182],[91.658,24.182],[91.658,24.182],[91.659,24.183],[91.659,24.183],[91.658,24.183],[91.658,24.184],[91.659,24.184],[91.658,24.184],[91.658,24.184],[91.658,24.185],[91.658,24.185],[91.658,24.185],[91.658,24.186],[91.658,24.186],[91.659,24.187],[91.659,24.187],[91.658,24.187],[91.658,24.187],[91.658,24.187],[91.659,24.188],[91.659,24.188],[91.659,24.188],[91.659,24.188],[91.659,24.189],[91.659,24.189],[91.66,24.189],[91.66,24.19],[91.66,24.19],[91.66,24.191],[91.658,24.191],[91.659,24.192],[91.658,24.192],[91.658,24.192],[91.658,24.193],[91.659,24.194],[91.658,24.195],[91.659,24.195],[91.659,24.196],[91.658,24.195],[91.658,24.195],[91.658,24.196],[91.657,24.196],[91.656,24.196],[91.656,24.196],[91.655,24.196],[91.654,24.196],[91.654,24.196],[91.653,24.196],[91.653,24.196],[91.653,24.196],[91.654,24.197],[91.653,24.197],[91.653,24.197],[91.653,24.197],[91.653,24.197],[91.653,24.198],[91.653,24.198],[91.653,24.198],[91.653,24.198],[91.653,24.199],[91.653,24.199],[91.654,24.199],[91.654,24.199],[91.654,24.2],[91.654,24.2],[91.654,24.201],[91.654,24.201],[91.654,24.201],[91.653,24.201],[91.653,24.202],[91.653,24.202],[91.654,24.202],[91.654,24.202],[91.655,24.203],[91.654,24.203],[91.654,24.203],[91.654,24.203],[91.654,24.203],[91.654,24.203],[91.653,24.203],[91.653,24.203],[91.653,24.204],[91.653,24.204],[91.653,24.204],[91.653,24.204],[91.653,24.204],[91.653,24.204],[91.653,24.204],[91.653,24.205],[91.652,24.205],[91.652,24.205],[91.652,24.205],[91.653,24.205],[91.653,24.205],[91.653,24.205],[91.652,24.205],[91.652,24.205],[91.652,24.205],[91.653,24.206],[91.653,24.206],[91.653,24.206],[91.652,24.206],[91.652,24.206],[91.652,24.207],[91.652,24.207],[91.652,24.207],[91.652,24.208],[91.652,24.208],[91.652,24.209],[91.651,24.209],[91.651,24.209],[91.651,24.209],[91.651,24.209],[91.652,24.209],[91.652,24.209],[91.652,24.21],[91.652,24.21],[91.652,24.21],[91.651,24.21],[91.651,24.21],[91.651,24.211],[91.651,24.211],[91.651,24.211],[91.651,24.211],[91.651,24.212],[91.651,24.212],[91.651,24.212],[91.65,24.212],[91.651,24.212],[91.65,24.213],[91.65,24.213],[91.65,24.213],[91.65,24.212],[91.649,24.212],[91.65,24.213],[91.65,24.213],[91.649,24.213],[91.649,24.213],[91.649,24.214],[91.649,24.214],[91.649,24.215],[91.648,24.215],[91.648,24.215],[91.648,24.215],[91.648,24.215],[91.647,24.215],[91.648,24.216],[91.648,24.216],[91.648,24.216],[91.649,24.216],[91.648,24.216],[91.649,24.217],[91.649,24.217],[91.648,24.217],[91.648,24.217],[91.649,24.217],[91.649,24.217],[91.649,24.217],[91.648,24.218],[91.649,24.218],[91.648,24.218],[91.648,24.218],[91.648,24.219],[91.648,24.219],[91.648,24.219],[91.648,24.219],[91.648,24.219],[91.648,24.22],[91.649,24.22],[91.649,24.22],[91.649,24.22],[91.649,24.22],[91.649,24.22],[91.65,24.22],[91.65,24.221],[91.65,24.22],[91.649,24.22],[91.65,24.219],[91.651,24.219],[91.651,24.218],[91.651,24.219],[91.651,24.22],[91.652,24.22],[91.652,24.22],[91.652,24.22],[91.653,24.22],[91.652,24.22],[91.652,24.221],[91.653,24.22],[91.653,24.22],[91.653,24.221],[91.653,24.221],[91.654,24.221],[91.654,24.222],[91.654,24.222],[91.654,24.221],[91.654,24.221],[91.654,24.222],[91.654,24.223],[91.654,24.223],[91.654,24.223],[91.655,24.223],[91.655,24.223],[91.656,24.224],[91.656,24.224],[91.656,24.224],[91.656,24.224],[91.656,24.225],[91.656,24.225],[91.656,24.225],[91.656,24.225],[91.656,24.225],[91.657,24.225],[91.657,24.225],[91.657,24.225],[91.657,24.225],[91.657,24.225],[91.656,24.225],[91.656,24.226],[91.656,24.226],[91.657,24.226],[91.657,24.226],[91.657,24.226],[91.657,24.227],[91.657,24.227],[91.657,24.227],[91.657,24.228],[91.657,24.228],[91.658,24.228],[91.658,24.228],[91.658,24.228],[91.658,24.228],[91.659,24.228],[91.659,24.228],[91.659,24.228],[91.659,24.228],[91.66,24.229],[91.66,24.229],[91.66,24.229],[91.66,24.229],[91.661,24.229],[91.661,24.229],[91.661,24.229],[91.661,24.23],[91.662,24.229],[91.662,24.23],[91.662,24.23],[91.663,24.23],[91.663,24.23],[91.663,24.229],[91.664,24.229],[91.664,24.229],[91.664,24.229],[91.664,24.23],[91.664,24.23],[91.664,24.23],[91.664,24.231],[91.664,24.231],[91.664,24.232],[91.664,24.232],[91.664,24.232],[91.665,24.233],[91.666,24.233],[91.666,24.233],[91.666,24.233],[91.666,24.233],[91.666,24.232],[91.668,24.232],[91.668,24.232],[91.668,24.231],[91.667,24.231],[91.668,24.229],[91.668,24.229],[91.668,24.227],[91.668,24.226],[91.667,24.225],[91.668,24.225],[91.668,24.224],[91.668,24.223],[91.667,24.223],[91.667,24.222],[91.667,24.221],[91.668,24.221],[91.667,24.22],[91.666,24.22],[91.667,24.218],[91.667,24.218],[91.667,24.218],[91.666,24.218],[91.666,24.217],[91.666,24.217],[91.667,24.217],[91.667,24.215],[91.667,24.215],[91.667,24.214],[91.667,24.213],[91.667,24.212],[91.667,24.212],[91.667,24.211],[91.668,24.21],[91.669,24.209],[91.67,24.209],[91.67,24.207],[91.671,24.207],[91.671,24.206],[91.672,24.205],[91.673,24.204],[91.674,24.203],[91.674,24.203],[91.674,24.202],[91.674,24.201],[91.676,24.201],[91.676,24.201],[91.676,24.2],[91.676,24.199],[91.677,24.198],[91.677,24.197],[91.678,24.197],[91.678,24.197],[91.677,24.196],[91.677,24.196],[91.678,24.195],[91.679,24.194],[91.68,24.193],[91.68,24.192],[91.68,24.192],[91.68,24.191],[91.68,24.19],[91.68,24.189],[91.68,24.189],[91.679,24.189],[91.679,24.188],[91.679,24.187],[91.68,24.186],[91.68,24.186],[91.68,24.185],[91.68,24.185],[91.68,24.184],[91.681,24.184],[91.681,24.183],[91.68,24.182],[91.681,24.181],[91.68,24.181],[91.679,24.18],[91.68,24.179],[91.68,24.178],[91.68,24.178],[91.681,24.177],[91.681,24.177],[91.68,24.176],[91.681,24.175],[91.682,24.175],[91.683,24.174],[91.683,24.173],[91.682,24.173],[91.683,24.172],[91.683,24.17],[91.683,24.17],[91.684,24.169],[91.685,24.169],[91.684,24.169],[91.684,24.168],[91.684,24.167],[91.684,24.166],[91.685,24.166],[91.686,24.165],[91.686,24.165],[91.687,24.164],[91.689,24.165],[91.689,24.164],[91.688,24.164],[91.688,24.163],[91.689,24.162],[91.69,24.162],[91.69,24.161],[91.692,24.16],[91.692,24.16],[91.693,24.161],[91.693,24.16],[91.695,24.16],[91.695,24.16],[91.696,24.161],[91.696,24.162],[91.697,24.162],[91.697,24.162],[91.698,24.162],[91.698,24.162],[91.697,24.164],[91.697,24.164],[91.698,24.163],[91.698,24.163],[91.7,24.164],[91.7,24.164],[91.701,24.163],[91.701,24.163],[91.702,24.163],[91.702,24.163],[91.702,24.164],[91.702,24.164],[91.703,24.164],[91.703,24.163],[91.703,24.162],[91.704,24.162],[91.704,24.162],[91.705,24.162],[91.705,24.161],[91.705,24.161],[91.704,24.16],[91.705,24.159],[91.705,24.159],[91.706,24.158],[91.706,24.157],[91.706,24.157],[91.706,24.156],[91.707,24.156],[91.707,24.155],[91.706,24.155],[91.706,24.154],[91.706,24.154],[91.707,24.155],[91.707,24.155],[91.708,24.155],[91.708,24.155],[91.709,24.155],[91.708,24.154],[91.708,24.154],[91.709,24.154],[91.709,24.154],[91.709,24.154],[91.71,24.154],[91.711,24.154],[91.711,24.154],[91.712,24.154],[91.712,24.154],[91.712,24.154],[91.712,24.154],[91.712,24.153],[91.712,24.153],[91.713,24.153],[91.713,24.153],[91.713,24.153],[91.714,24.153],[91.714,24.154],[91.714,24.154],[91.715,24.154],[91.715,24.153],[91.715,24.153],[91.715,24.153],[91.716,24.153],[91.716,24.153],[91.716,24.153],[91.716,24.153],[91.717,24.153],[91.718,24.153],[91.718,24.152],[91.719,24.152],[91.72,24.152],[91.72,24.152],[91.721,24.152],[91.721,24.153],[91.721,24.153],[91.722,24.152],[91.722,24.152],[91.722,24.152],[91.721,24.152],[91.721,24.151],[91.722,24.15],[91.723,24.15],[91.723,24.15],[91.723,24.149],[91.723,24.149],[91.723,24.148],[91.724,24.148],[91.723,24.148],[91.723,24.147],[91.724,24.147],[91.725,24.147],[91.726,24.146],[91.726,24.147],[91.727,24.147],[91.727,24.147],[91.727,24.146],[91.727,24.146],[91.727,24.146],[91.728,24.146],[91.728,24.145],[91.728,24.145],[91.728,24.145],[91.727,24.144],[91.727,24.144],[91.728,24.144],[91.728,24.144],[91.728,24.143],[91.729,24.143],[91.729,24.144],[91.73,24.144],[91.73,24.144],[91.731,24.144],[91.731,24.144],[91.731,24.144],[91.731,24.144],[91.731,24.144],[91.732,24.145],[91.732,24.145],[91.732,24.146],[91.732,24.146],[91.733,24.145],[91.733,24.145],[91.733,24.145],[91.733,24.144],[91.734,24.144],[91.734,24.144],[91.734,24.144],[91.735,24.145],[91.735,24.145],[91.735,24.145],[91.735,24.145],[91.736,24.145],[91.736,24.146],[91.737,24.146],[91.737,24.146],[91.737,24.145],[91.738,24.145],[91.738,24.145],[91.738,24.144],[91.738,24.144],[91.738,24.144],[91.738,24.144],[91.738,24.143],[91.738,24.143],[91.739,24.143],[91.739,24.143],[91.739,24.143],[91.739,24.142],[91.739,24.142],[91.74,24.142],[91.74,24.142],[91.74,24.143],[91.74,24.143],[91.741,24.143],[91.741,24.143],[91.741,24.143],[91.742,24.143],[91.742,24.142],[91.742,24.142],[91.743,24.142],[91.744,24.141],[91.744,24.142],[91.744,24.143],[91.745,24.143],[91.745,24.143],[91.746,24.143],[91.746,24.143],[91.746,24.142],[91.747,24.142],[91.747,24.142],[91.748,24.142],[91.748,24.142],[91.749,24.142],[91.749,24.142],[91.75,24.142],[91.751,24.143],[91.751,24.143],[91.752,24.143],[91.752,24.142],[91.753,24.142],[91.754,24.142],[91.755,24.142],[91.756,24.142],[91.757,24.142],[91.758,24.141],[91.759,24.142],[91.76,24.142],[91.761,24.142],[91.761,24.142],[91.76,24.155],[91.754,24.184],[91.751,24.208],[91.747,24.233],[91.755,24.241],[91.785,24.224],[91.787,24.223],[91.787,24.223],[91.788,24.223],[91.788,24.222],[91.789,24.222],[91.789,24.221],[91.79,24.221],[91.791,24.221],[91.791,24.221],[91.791,24.221],[91.792,24.221],[91.793,24.221],[91.794,24.221],[91.795,24.221],[91.795,24.221],[91.796,24.22],[91.796,24.22],[91.796,24.22],[91.797,24.22],[91.797,24.22],[91.798,24.22],[91.798,24.22],[91.798,24.22],[91.798,24.22],[91.798,24.22],[91.798,24.22],[91.798,24.22],[91.798,24.22],[91.798,24.221],[91.799,24.221],[91.799,24.221],[91.799,24.221],[91.799,24.221],[91.799,24.22],[91.799,24.22],[91.799,24.22],[91.8,24.22],[91.8,24.22],[91.8,24.22],[91.8,24.22],[91.8,24.22],[91.8,24.22],[91.8,24.22],[91.8,24.22],[91.801,24.22],[91.801,24.22],[91.801,24.22],[91.801,24.22],[91.802,24.22],[91.802,24.22],[91.802,24.22],[91.802,24.219],[91.803,24.22],[91.802,24.22],[91.803,24.22],[91.803,24.22],[91.803,24.22],[91.803,24.22],[91.803,24.22],[91.803,24.22],[91.803,24.22],[91.804,24.22],[91.804,24.22],[91.804,24.22],[91.804,24.221],[91.804,24.221],[91.804,24.22],[91.805,24.22],[91.805,24.22],[91.805,24.22],[91.805,24.22],[91.805,24.22],[91.805,24.221],[91.805,24.221],[91.806,24.221],[91.806,24.221],[91.806,24.221],[91.806,24.221],[91.807,24.221],[91.807,24.221],[91.807,24.22],[91.807,24.22],[91.807,24.22],[91.807,24.22],[91.807,24.22],[91.807,24.219],[91.807,24.219],[91.807,24.219],[91.807,24.219],[91.807,24.219],[91.808,24.218],[91.808,24.218],[91.808,24.218],[91.809,24.218],[91.809,24.218],[91.809,24.218],[91.809,24.218],[91.809,24.218],[91.81,24.218],[91.81,24.218],[91.81,24.218],[91.81,24.218],[91.81,24.218],[91.81,24.218],[91.81,24.218],[91.81,24.217],[91.81,24.217],[91.81,24.217],[91.81,24.217],[91.81,24.217],[91.811,24.217],[91.811,24.217],[91.811,24.217],[91.811,24.217],[91.81,24.217],[91.811,24.217],[91.811,24.217],[91.811,24.217],[91.811,24.217],[91.811,24.217],[91.811,24.216],[91.811,24.216],[91.811,24.216],[91.811,24.216],[91.811,24.216],[91.812,24.215],[91.812,24.215],[91.812,24.215],[91.812,24.215],[91.812,24.215],[91.812,24.215],[91.812,24.215],[91.812,24.215],[91.812,24.214],[91.812,24.214],[91.812,24.214],[91.813,24.214],[91.813,24.214],[91.813,24.214],[91.813,24.214],[91.813,24.214],[91.813,24.213],[91.813,24.213],[91.813,24.213],[91.813,24.213],[91.813,24.213],[91.813,24.212],[91.813,24.212],[91.813,24.213],[91.813,24.213],[91.813,24.212],[91.814,24.212],[91.814,24.212],[91.814,24.212],[91.814,24.212],[91.815,24.212],[91.815,24.212],[91.815,24.212],[91.815,24.212],[91.815,24.212],[91.816,24.212],[91.816,24.212],[91.816,24.212],[91.816,24.211],[91.816,24.211],[91.816,24.211],[91.816,24.211],[91.816,24.21],[91.816,24.21],[91.816,24.21],[91.817,24.21],[91.817,24.21],[91.817,24.211],[91.817,24.21],[91.818,24.21],[91.818,24.211],[91.818,24.211],[91.818,24.211],[91.818,24.211],[91.819,24.21],[91.819,24.21],[91.819,24.21],[91.819,24.21],[91.819,24.21],[91.82,24.21],[91.82,24.21],[91.82,24.209],[91.82,24.209],[91.82,24.209],[91.821,24.209],[91.821,24.21],[91.821,24.21],[91.821,24.21],[91.822,24.21],[91.821,24.21],[91.821,24.21],[91.821,24.21],[91.822,24.21],[91.822,24.211],[91.821,24.211],[91.821,24.211],[91.822,24.211],[91.822,24.211],[91.822,24.211],[91.822,24.211],[91.822,24.211],[91.823,24.211],[91.823,24.211],[91.823,24.211],[91.823,24.211],[91.824,24.211],[91.824,24.211],[91.824,24.211],[91.825,24.211],[91.825,24.211],[91.825,24.211],[91.825,24.212],[91.825,24.212],[91.825,24.212],[91.825,24.213],[91.826,24.213],[91.826,24.213],[91.826,24.213],[91.827,24.214],[91.827,24.214],[91.827,24.213],[91.827,24.213],[91.828,24.214],[91.828,24.213],[91.829,24.213],[91.829,24.213],[91.829,24.214],[91.829,24.214],[91.829,24.214],[91.83,24.215],[91.83,24.215],[91.83,24.216],[91.83,24.216],[91.831,24.216],[91.831,24.216],[91.831,24.216],[91.831,24.217],[91.831,24.217],[91.831,24.217],[91.832,24.217],[91.831,24.217],[91.832,24.217],[91.832,24.218],[91.832,24.218],[91.832,24.218],[91.832,24.218],[91.833,24.218],[91.833,24.218],[91.833,24.218],[91.834,24.218],[91.834,24.218],[91.834,24.218],[91.835,24.218],[91.835,24.218],[91.835,24.218],[91.835,24.218],[91.836,24.218],[91.836,24.218],[91.836,24.218],[91.836,24.218],[91.837,24.218],[91.837,24.219],[91.837,24.219],[91.837,24.219],[91.837,24.219],[91.837,24.219],[91.838,24.219],[91.838,24.219],[91.838,24.219],[91.838,24.219],[91.838,24.22],[91.838,24.22],[91.838,24.22],[91.838,24.22],[91.838,24.22],[91.838,24.221],[91.838,24.22],[91.838,24.221],[91.838,24.221],[91.838,24.221],[91.837,24.221],[91.838,24.222],[91.838,24.222],[91.838,24.222],[91.838,24.222],[91.837,24.222],[91.837,24.222],[91.837,24.223],[91.837,24.223],[91.837,24.223],[91.837,24.223],[91.837,24.224],[91.837,24.224],[91.837,24.224],[91.838,24.224],[91.838,24.224],[91.838,24.224],[91.837,24.225],[91.838,24.225],[91.838,24.225],[91.837,24.225],[91.837,24.225],[91.837,24.225],[91.837,24.225],[91.837,24.225],[91.841,24.227],[91.845,24.226],[91.846,24.225],[91.846,24.224],[91.845,24.224],[91.843,24.223],[91.843,24.223],[91.843,24.221],[91.844,24.22],[91.845,24.221],[91.846,24.222],[91.847,24.223],[91.848,24.223],[91.849,24.223],[91.849,24.224],[91.85,24.224],[91.851,24.224],[91.85,24.222],[91.849,24.221],[91.848,24.222],[91.848,24.221],[91.847,24.22],[91.847,24.22],[91.845,24.218],[91.846,24.217],[91.847,24.216],[91.848,24.216],[91.848,24.218],[91.85,24.219],[91.852,24.216],[91.853,24.216],[91.853,24.215],[91.855,24.214],[91.855,24.214],[91.855,24.212],[91.855,24.211],[91.854,24.211],[91.853,24.212],[91.853,24.213],[91.852,24.214],[91.85,24.214],[91.849,24.213],[91.85,24.211],[91.852,24.208],[91.851,24.207],[91.848,24.207],[91.848,24.207],[91.849,24.206],[91.849,24.206],[91.849,24.204],[91.849,24.203],[91.849,24.202],[91.847,24.201],[91.846,24.2],[91.846,24.2],[91.845,24.2],[91.844,24.2],[91.843,24.2],[91.843,24.201],[91.842,24.201],[91.842,24.201],[91.842,24.2],[91.842,24.199],[91.844,24.199],[91.844,24.198],[91.844,24.197],[91.844,24.197],[91.844,24.197],[91.845,24.198],[91.845,24.197],[91.845,24.196],[91.845,24.195],[91.845,24.196],[91.845,24.196],[91.846,24.195],[91.846,24.195],[91.846,24.196],[91.846,24.196],[91.846,24.195],[91.846,24.195],[91.846,24.194],[91.846,24.194],[91.846,24.194],[91.847,24.194],[91.847,24.193],[91.847,24.193],[91.846,24.193],[91.846,24.193],[91.846,24.193],[91.847,24.192],[91.847,24.192],[91.847,24.192],[91.846,24.192],[91.845,24.192],[91.846,24.191],[91.847,24.192],[91.847,24.191],[91.846,24.191],[91.846,24.191],[91.847,24.19],[91.847,24.19],[91.847,24.191],[91.848,24.191],[91.848,24.191],[91.848,24.191],[91.849,24.191],[91.849,24.19],[91.85,24.191],[91.85,24.191],[91.85,24.191],[91.85,24.191],[91.85,24.191],[91.851,24.191],[91.851,24.191],[91.851,24.191],[91.851,24.191],[91.852,24.19],[91.852,24.19],[91.852,24.19],[91.853,24.19],[91.853,24.19],[91.853,24.189],[91.853,24.189],[91.854,24.189],[91.854,24.188],[91.854,24.188],[91.854,24.188],[91.854,24.188],[91.854,24.188],[91.854,24.188],[91.854,24.188],[91.854,24.187],[91.855,24.187],[91.855,24.187],[91.855,24.186],[91.855,24.186],[91.854,24.186],[91.854,24.185],[91.854,24.185],[91.854,24.184],[91.853,24.184],[91.853,24.184],[91.854,24.184],[91.854,24.184],[91.854,24.184],[91.853,24.184],[91.854,24.183],[91.854,24.183],[91.854,24.184],[91.854,24.184],[91.854,24.183],[91.855,24.183],[91.855,24.183],[91.856,24.183],[91.856,24.183],[91.855,24.183],[91.855,24.183],[91.856,24.183],[91.856,24.182],[91.856,24.182],[91.856,24.182],[91.855,24.182],[91.856,24.182],[91.856,24.182],[91.857,24.182],[91.857,24.182],[91.857,24.182],[91.858,24.182],[91.858,24.182],[91.858,24.181],[91.858,24.181],[91.858,24.181],[91.858,24.181],[91.859,24.181],[91.859,24.182],[91.859,24.181],[91.859,24.181],[91.859,24.181],[91.859,24.182],[91.86,24.182],[91.86,24.182],[91.86,24.182],[91.861,24.183],[91.861,24.183],[91.862,24.183],[91.862,24.182],[91.862,24.182],[91.862,24.182],[91.862,24.182],[91.863,24.182],[91.863,24.182],[91.863,24.182],[91.864,24.181],[91.864,24.181],[91.864,24.181],[91.863,24.181],[91.863,24.18],[91.863,24.18],[91.863,24.18],[91.864,24.18],[91.864,24.18],[91.864,24.18],[91.864,24.18],[91.865,24.18],[91.865,24.18],[91.865,24.18],[91.865,24.18],[91.865,24.179],[91.865,24.179],[91.866,24.178],[91.866,24.178],[91.866,24.177],[91.866,24.177],[91.867,24.177],[91.866,24.177],[91.866,24.177],[91.867,24.177],[91.867,24.177],[91.868,24.178],[91.868,24.177],[91.868,24.177],[91.868,24.177],[91.868,24.177],[91.869,24.177],[91.869,24.177],[91.869,24.177],[91.869,24.177],[91.87,24.176],[91.87,24.177],[91.87,24.177],[91.87,24.176],[91.87,24.176],[91.871,24.175],[91.871,24.175],[91.872,24.175],[91.872,24.175],[91.873,24.175],[91.873,24.175],[91.873,24.175],[91.874,24.174],[91.874,24.174],[91.874,24.174],[91.874,24.173],[91.874,24.173],[91.874,24.173],[91.874,24.173],[91.874,24.172],[91.874,24.172],[91.874,24.171],[91.874,24.171],[91.874,24.171],[91.874,24.17],[91.873,24.17],[91.874,24.17],[91.874,24.169],[91.874,24.169],[91.874,24.169],[91.874,24.168],[91.874,24.168],[91.875,24.168],[91.875,24.167],[91.874,24.167],[91.875,24.167],[91.875,24.166],[91.875,24.166],[91.875,24.165],[91.875,24.165],[91.874,24.164],[91.874,24.164],[91.875,24.163],[91.874,24.163],[91.875,24.163],[91.875,24.163],[91.875,24.162],[91.876,24.162],[91.876,24.161],[91.877,24.162],[91.876,24.161],[91.876,24.16],[91.876,24.16],[91.876,24.16],[91.876,24.16],[91.876,24.16],[91.876,24.159],[91.876,24.159],[91.876,24.159],[91.877,24.159],[91.877,24.159],[91.877,24.159],[91.877,24.158],[91.876,24.158],[91.876,24.158],[91.877,24.158],[91.877,24.158],[91.877,24.157],[91.877,24.157],[91.876,24.157],[91.876,24.157],[91.876,24.156],[91.876,24.156],[91.876,24.156],[91.876,24.155],[91.877,24.154],[91.877,24.154],[91.877,24.154],[91.877,24.154],[91.878,24.154],[91.878,24.153],[91.878,24.153],[91.878,24.153],[91.878,24.153],[91.878,24.153],[91.878,24.152],[91.878,24.152],[91.878,24.152],[91.879,24.152],[91.878,24.152],[91.878,24.152],[91.878,24.152],[91.879,24.152],[91.879,24.152],[91.879,24.151],[91.879,24.151],[91.879,24.151],[91.879,24.151],[91.878,24.151],[91.878,24.151],[91.878,24.151],[91.878,24.151],[91.878,24.151],[91.878,24.15],[91.878,24.15],[91.878,24.15],[91.878,24.15],[91.878,24.15],[91.878,24.149],[91.879,24.149],[91.879,24.149],[91.879,24.149],[91.879,24.149],[91.879,24.149],[91.879,24.149],[91.878,24.149],[91.878,24.148],[91.878,24.149],[91.878,24.149],[91.878,24.148],[91.878,24.148],[91.878,24.148],[91.878,24.148],[91.878,24.148],[91.878,24.148],[91.878,24.148],[91.878,24.148],[91.878,24.147],[91.878,24.147],[91.878,24.147],[91.879,24.147],[91.879,24.148],[91.879,24.147],[91.879,24.147],[91.879,24.147],[91.879,24.147],[91.879,24.147],[91.879,24.147],[91.879,24.147],[91.879,24.147],[91.879,24.146],[91.879,24.146],[91.879,24.146],[91.879,24.146],[91.879,24.146],[91.88,24.146],[91.88,24.146],[91.88,24.145],[91.88,24.146],[91.88,24.146],[91.88,24.146],[91.881,24.146],[91.881,24.146],[91.881,24.146],[91.881,24.146],[91.881,24.146],[91.881,24.145],[91.882,24.145],[91.882,24.145],[91.882,24.144],[91.882,24.144],[91.882,24.144],[91.883,24.144],[91.884,24.143],[91.884,24.143],[91.884,24.142],[91.884,24.141],[91.885,24.14],[91.885,24.139],[91.886,24.139],[91.887,24.139],[91.887,24.138],[91.888,24.139],[91.889,24.139],[91.889,24.139],[91.89,24.138],[91.89,24.138],[91.89,24.137],[91.89,24.137],[91.89,24.137],[91.891,24.137],[91.892,24.137],[91.893,24.138],[91.895,24.139],[91.896,24.139],[91.897,24.14],[91.901,24.137],[91.903,24.138],[91.905,24.138],[91.906,24.139],[91.906,24.14],[91.906,24.14],[91.906,24.141],[91.906,24.141],[91.906,24.142],[91.906,24.142],[91.906,24.143],[91.906,24.143],[91.907,24.144],[91.906,24.144],[91.906,24.145],[91.908,24.146],[91.91,24.146],[91.91,24.148],[91.911,24.149],[91.911,24.149],[91.91,24.15],[91.91,24.151],[91.912,24.151],[91.913,24.151],[91.913,24.152],[91.913,24.153],[91.913,24.153],[91.915,24.154],[91.914,24.154],[91.913,24.154],[91.913,24.155],[91.914,24.155],[91.913,24.155],[91.913,24.156],[91.913,24.156],[91.913,24.157],[91.913,24.157],[91.914,24.158],[91.914,24.158],[91.914,24.158],[91.914,24.159],[91.914,24.159],[91.914,24.16],[91.913,24.16],[91.914,24.16],[91.915,24.162],[91.914,24.163],[91.914,24.164],[91.915,24.166],[91.915,24.167],[91.915,24.167],[91.915,24.167],[91.914,24.167],[91.913,24.168],[91.912,24.168],[91.92,24.197],[91.924,24.21],[91.928,24.226],[91.934,24.244],[91.937,24.257],[91.938,24.278],[91.932,24.297],[91.925,24.32],[91.92,24.337],[91.921,24.337],[91.921,24.336],[91.922,24.336],[91.923,24.336],[91.924,24.336],[91.924,24.336],[91.926,24.336],[91.927,24.337],[91.927,24.338],[91.928,24.339],[91.931,24.34],[91.932,24.34],[91.932,24.34],[91.932,24.341],[91.932,24.341],[91.932,24.341],[91.932,24.341],[91.933,24.341],[91.933,24.341],[91.933,24.341],[91.934,24.34],[91.934,24.341],[91.935,24.34],[91.935,24.34],[91.935,24.34],[91.935,24.34],[91.935,24.34],[91.935,24.341],[91.935,24.341],[91.935,24.341],[91.936,24.341],[91.936,24.341],[91.936,24.341],[91.936,24.341],[91.937,24.341],[91.937,24.342],[91.937,24.342],[91.937,24.342],[91.937,24.342],[91.938,24.342],[91.938,24.342],[91.938,24.343],[91.938,24.343],[91.938,24.343],[91.939,24.343],[91.939,24.342],[91.939,24.343],[91.94,24.343],[91.94,24.343],[91.94,24.343],[91.94,24.343],[91.94,24.343],[91.94,24.343],[91.94,24.343],[91.941,24.343],[91.941,24.343],[91.941,24.343],[91.942,24.343],[91.941,24.343],[91.942,24.344],[91.942,24.344],[91.942,24.344],[91.942,24.344],[91.942,24.344],[91.942,24.345],[91.942,24.345],[91.942,24.345],[91.942,24.345],[91.942,24.346],[91.942,24.346],[91.943,24.346],[91.942,24.347],[91.942,24.347],[91.942,24.347],[91.942,24.347],[91.942,24.347],[91.942,24.347],[91.943,24.347],[91.943,24.347],[91.943,24.347],[91.942,24.348],[91.943,24.348],[91.943,24.348],[91.943,24.348],[91.943,24.348],[91.943,24.348],[91.943,24.348],[91.943,24.348],[91.943,24.348],[91.943,24.348],[91.943,24.349],[91.943,24.349],[91.943,24.349],[91.944,24.349],[91.944,24.349],[91.944,24.349],[91.944,24.349],[91.944,24.349],[91.945,24.349],[91.945,24.349],[91.945,24.349],[91.945,24.349],[91.945,24.349],[91.945,24.348],[91.946,24.349],[91.946,24.349],[91.946,24.349],[91.946,24.348],[91.946,24.349],[91.946,24.349],[91.946,24.349],[91.946,24.35],[91.946,24.349],[91.947,24.35],[91.947,24.35],[91.946,24.35],[91.946,24.35],[91.946,24.35],[91.947,24.35],[91.947,24.35],[91.947,24.351],[91.947,24.351],[91.946,24.351],[91.946,24.351],[91.947,24.351],[91.947,24.351],[91.947,24.351],[91.947,24.351],[91.948,24.351],[91.948,24.351],[91.948,24.351],[91.948,24.351],[91.949,24.351],[91.949,24.351],[91.949,24.351],[91.949,24.351],[91.949,24.351],[91.95,24.351],[91.95,24.351],[91.95,24.351],[91.95,24.351],[91.95,24.351],[91.95,24.352],[91.951,24.351],[91.951,24.351],[91.951,24.352],[91.951,24.352],[91.951,24.352],[91.951,24.352],[91.951,24.353],[91.951,24.353],[91.951,24.353],[91.952,24.353],[91.952,24.353],[91.952,24.353],[91.952,24.353],[91.953,24.353],[91.953,24.354],[91.953,24.353],[91.954,24.353],[91.954,24.354],[91.955,24.354],[91.955,24.355],[91.955,24.354],[91.956,24.355],[91.955,24.355],[91.956,24.355],[91.956,24.356],[91.956,24.356],[91.958,24.355],[91.961,24.353],[91.965,24.352],[91.968,24.349],[91.966,24.348],[91.966,24.347],[91.967,24.346],[91.969,24.345],[91.971,24.341],[91.973,24.335],[91.976,24.329],[91.978,24.329],[91.98,24.328],[91.981,24.326],[91.982,24.323],[91.985,24.322],[91.99,24.323],[91.992,24.323],[91.994,24.322],[91.996,24.322],[91.996,24.323],[91.996,24.324],[91.996,24.326],[91.996,24.327],[91.996,24.327],[91.996,24.328],[91.995,24.328],[91.995,24.329],[91.995,24.33],[91.995,24.331],[91.995,24.332],[91.997,24.332],[91.998,24.333],[91.998,24.335],[91.998,24.335],[91.998,24.336],[91.997,24.337],[91.997,24.337],[91.996,24.337],[91.996,24.338],[91.996,24.339],[91.994,24.34],[91.993,24.34],[91.993,24.342],[91.993,24.343],[91.992,24.344],[91.989,24.344],[91.989,24.344],[91.988,24.346],[91.988,24.347],[91.988,24.347],[91.988,24.347],[91.988,24.347],[91.988,24.348],[91.987,24.348],[91.987,24.348],[91.987,24.348],[91.986,24.348],[91.986,24.349],[91.986,24.349],[91.986,24.349],[91.986,24.35],[91.986,24.35],[91.986,24.35],[91.986,24.35],[91.985,24.35],[91.985,24.351],[91.985,24.351],[91.984,24.351],[91.984,24.352],[91.983,24.352],[91.983,24.352],[91.983,24.353],[91.982,24.353],[91.982,24.354],[91.982,24.354],[91.981,24.355],[91.981,24.355],[91.981,24.355],[91.981,24.355],[91.981,24.355],[91.98,24.356],[91.98,24.356],[91.98,24.357],[91.978,24.357],[91.978,24.358],[91.979,24.358],[91.979,24.358],[91.979,24.359],[91.98,24.36],[91.98,24.36],[91.98,24.36],[91.98,24.361],[91.98,24.36],[91.98,24.36],[91.981,24.36],[91.981,24.359],[91.982,24.359],[91.982,24.359],[91.983,24.359],[91.983,24.359],[91.984,24.359],[91.985,24.36],[91.985,24.36],[91.985,24.361],[91.984,24.362],[91.983,24.363],[91.982,24.363],[91.982,24.363],[91.981,24.363],[91.981,24.364],[91.98,24.364],[91.98,24.365],[91.98,24.366],[91.979,24.366],[91.979,24.366],[91.978,24.367],[91.978,24.367],[91.979,24.369],[91.979,24.37],[91.978,24.371],[91.978,24.371],[91.977,24.372],[91.978,24.373],[91.977,24.373],[91.977,24.373],[91.975,24.371],[91.974,24.371],[91.974,24.372],[91.973,24.373],[91.971,24.374],[91.97,24.375],[91.971,24.375],[91.973,24.377],[91.973,24.379],[91.972,24.38],[91.971,24.38],[91.968,24.379],[91.967,24.379],[91.967,24.381],[91.968,24.382],[91.969,24.384],[91.97,24.385],[91.973,24.385],[91.977,24.381],[91.982,24.381],[91.983,24.378],[91.983,24.376],[91.984,24.376],[91.985,24.376],[91.986,24.376],[91.986,24.377],[91.987,24.377],[91.987,24.377],[91.988,24.377],[91.988,24.377],[91.989,24.379],[91.988,24.381],[91.988,24.382],[91.989,24.382],[91.989,24.383],[91.99,24.384],[91.991,24.386],[91.992,24.387],[91.991,24.388],[91.99,24.388],[91.988,24.389],[91.988,24.39],[91.988,24.391],[91.989,24.39],[91.989,24.39],[91.99,24.39],[91.992,24.39],[91.992,24.39],[91.992,24.39],[91.993,24.389],[91.993,24.389],[91.993,24.389],[91.993,24.388],[91.994,24.388],[91.995,24.388],[91.996,24.389],[91.996,24.39],[91.996,24.391],[91.996,24.392],[91.996,24.392],[91.996,24.393],[91.996,24.394],[91.997,24.394],[91.997,24.393],[91.997,24.393],[91.998,24.392],[91.998,24.392],[91.998,24.392],[91.999,24.392],[91.999,24.392],[92.0,24.392],[92.0,24.392],[92.0,24.392],[92.0,24.391],[92.0,24.391],[92.0,24.391],[92.001,24.39],[92.001,24.39],[92.001,24.389],[92.002,24.389],[92.002,24.389],[92.004,24.389],[92.004,24.388],[92.005,24.388],[92.005,24.388],[92.005,24.387],[92.005,24.387],[92.005,24.387],[92.005,24.386],[92.005,24.386],[92.005,24.385],[92.005,24.385],[92.005,24.384],[92.005,24.383],[92.005,24.383],[92.005,24.382],[92.006,24.382],[92.006,24.382],[92.006,24.382],[92.006,24.382],[92.006,24.382],[92.006,24.382],[92.007,24.382],[92.007,24.382],[92.007,24.382],[92.007,24.382],[92.007,24.381],[92.008,24.381],[92.008,24.381],[92.008,24.382],[92.008,24.382],[92.009,24.382],[92.009,24.382],[92.009,24.382],[92.009,24.382],[92.01,24.382],[92.01,24.382],[92.01,24.382],[92.01,24.382],[92.01,24.383],[92.011,24.383],[92.011,24.383],[92.011,24.383],[92.011,24.383],[92.012,24.383],[92.012,24.383],[92.012,24.383],[92.012,24.383],[92.013,24.383],[92.013,24.383],[92.013,24.383],[92.013,24.384],[92.014,24.384],[92.014,24.384],[92.014,24.384],[92.014,24.384],[92.014,24.384],[92.015,24.384],[92.015,24.384],[92.015,24.384],[92.015,24.384],[92.016,24.384],[92.016,24.384],[92.016,24.384],[92.016,24.385],[92.016,24.385],[92.017,24.385],[92.017,24.385],[92.017,24.385],[92.018,24.385],[92.018,24.385],[92.018,24.385],[92.018,24.385],[92.018,24.385],[92.018,24.385],[92.019,24.386],[92.019,24.386],[92.019,24.386],[92.019,24.386],[92.02,24.386],[92.02,24.387],[92.02,24.387],[92.02,24.387],[92.02,24.386],[92.021,24.386],[92.021,24.386],[92.022,24.386],[92.022,24.386],[92.023,24.386],[92.024,24.386],[92.024,24.385],[92.023,24.385],[92.023,24.385],[92.023,24.385],[92.023,24.385],[92.023,24.384],[92.023,24.384],[92.022,24.384],[92.022,24.384],[92.021,24.384],[92.021,24.384],[92.021,24.383],[92.022,24.383],[92.022,24.383],[92.022,24.383],[92.022,24.383],[92.023,24.383],[92.023,24.383],[92.023,24.383],[92.024,24.384],[92.024,24.383],[92.024,24.383],[92.024,24.384],[92.024,24.384],[92.025,24.384],[92.025,24.383],[92.025,24.383],[92.025,24.383],[92.025,24.383],[92.025,24.383],[92.025,24.383],[92.025,24.383],[92.025,24.382],[92.025,24.382],[92.026,24.382],[92.026,24.382],[92.026,24.382],[92.026,24.382],[92.027,24.382],[92.027,24.382],[92.027,24.381],[92.027,24.381],[92.027,24.381],[92.027,24.381],[92.027,24.381],[92.027,24.381],[92.027,24.381],[92.027,24.38],[92.027,24.38],[92.027,24.38],[92.027,24.38],[92.027,24.38],[92.027,24.38],[92.028,24.38],[92.028,24.38],[92.028,24.38],[92.028,24.38],[92.028,24.38],[92.028,24.38],[92.028,24.38],[92.028,24.38],[92.029,24.38],[92.029,24.38],[92.029,24.38],[92.029,24.38],[92.029,24.38],[92.029,24.38],[92.03,24.38],[92.03,24.38],[92.03,24.38],[92.031,24.379],[92.031,24.379],[92.031,24.38],[92.031,24.38],[92.031,24.38],[92.031,24.38],[92.031,24.38],[92.031,24.38],[92.031,24.38],[92.031,24.38],[92.032,24.379],[92.032,24.379],[92.032,24.379],[92.032,24.379],[92.032,24.379],[92.032,24.379],[92.033,24.379],[92.033,24.379],[92.033,24.379],[92.033,24.379],[92.033,24.379],[92.033,24.379],[92.033,24.379],[92.033,24.379],[92.033,24.379],[92.033,24.379],[92.033,24.379],[92.034,24.379],[92.034,24.379],[92.034,24.379],[92.034,24.379],[92.034,24.379],[92.034,24.379],[92.034,24.379],[92.034,24.38],[92.035,24.379],[92.035,24.38],[92.035,24.38],[92.035,24.38],[92.035,24.38],[92.036,24.38],[92.036,24.38],[92.036,24.38],[92.036,24.38],[92.036,24.38],[92.036,24.38],[92.036,24.38],[92.036,24.38],[92.036,24.38],[92.036,24.38],[92.036,24.379],[92.036,24.379],[92.036,24.379],[92.037,24.379],[92.037,24.379],[92.037,24.379],[92.037,24.379],[92.037,24.379],[92.038,24.378],[92.038,24.378],[92.038,24.378],[92.038,24.378],[92.038,24.378],[92.038,24.377],[92.039,24.377],[92.039,24.377],[92.039,24.377],[92.039,24.377],[92.039,24.377],[92.04,24.377],[92.04,24.377],[92.041,24.377],[92.041,24.377],[92.041,24.377],[92.042,24.377],[92.042,24.377],[92.042,24.377],[92.043,24.378],[92.043,24.378],[92.043,24.377],[92.043,24.377],[92.043,24.377],[92.043,24.376],[92.043,24.376],[92.043,24.376],[92.043,24.375],[92.043,24.375],[92.044,24.375],[92.044,24.375],[92.044,24.375],[92.044,24.375],[92.045,24.375],[92.045,24.376],[92.045,24.376],[92.046,24.376],[92.046,24.377],[92.047,24.377],[92.048,24.377],[92.048,24.378],[92.049,24.377],[92.049,24.377],[92.049,24.376],[92.056,24.375],[92.076,24.375],[92.083,24.377],[92.084,24.377],[92.084,24.376],[92.085,24.376],[92.085,24.375],[92.086,24.375],[92.086,24.375],[92.086,24.374],[92.086,24.374],[92.086,24.374],[92.086,24.373],[92.086,24.373],[92.087,24.373],[92.088,24.373],[92.088,24.373],[92.089,24.372],[92.09,24.372],[92.091,24.372],[92.091,24.372],[92.092,24.373],[92.092,24.373],[92.092,24.373],[92.093,24.373],[92.095,24.373],[92.096,24.373],[92.096,24.373],[92.097,24.373],[92.097,24.373],[92.097,24.374],[92.096,24.374],[92.096,24.374],[92.097,24.375],[92.098,24.375],[92.099,24.375],[92.099,24.375],[92.1,24.376],[92.1,24.376],[92.1,24.377],[92.1,24.377],[92.101,24.378],[92.102,24.38],[92.101,24.38],[92.1,24.381],[92.101,24.381],[92.102,24.382],[92.102,24.382],[92.102,24.383],[92.102,24.383],[92.104,24.383],[92.104,24.382],[92.104,24.382],[92.104,24.381],[92.104,24.381],[92.105,24.381],[92.105,24.382],[92.106,24.382],[92.106,24.382],[92.107,24.382],[92.107,24.382],[92.108,24.382],[92.108,24.382],[92.108,24.382],[92.109,24.381],[92.109,24.381],[92.11,24.38],[92.11,24.38],[92.11,24.38],[92.11,24.38],[92.11,24.38],[92.11,24.38],[92.11,24.38],[92.111,24.381],[92.112,24.381],[92.112,24.381],[92.112,24.381],[92.112,24.381],[92.112,24.381],[92.113,24.381],[92.113,24.381],[92.113,24.381],[92.113,24.381],[92.114,24.381],[92.114,24.381],[92.114,24.382],[92.114,24.382],[92.114,24.382],[92.114,24.382],[92.115,24.382],[92.115,24.382],[92.116,24.382],[92.116,24.382],[92.116,24.382],[92.116,24.382],[92.116,24.381],[92.116,24.381],[92.116,24.381],[92.117,24.381],[92.118,24.381],[92.118,24.381],[92.118,24.381],[92.118,24.381],[92.118,24.381],[92.118,24.381],[92.118,24.381],[92.119,24.381],[92.118,24.382],[92.118,24.382],[92.118,24.382],[92.118,24.382],[92.118,24.382],[92.118,24.383],[92.119,24.382],[92.119,24.382],[92.119,24.382],[92.119,24.382],[92.12,24.383],[92.12,24.383],[92.12,24.382],[92.12,24.383],[92.12,24.383],[92.12,24.383],[92.121,24.384],[92.121,24.383],[92.121,24.382],[92.121,24.382],[92.121,24.383],[92.122,24.383],[92.121,24.382],[92.122,24.383],[92.122,24.383],[92.121,24.384],[92.121,24.384],[92.122,24.384],[92.122,24.384],[92.122,24.384],[92.122,24.384],[92.122,24.385],[92.122,24.385],[92.122,24.385],[92.122,24.385],[92.122,24.385],[92.123,24.385],[92.123,24.385],[92.123,24.385],[92.123,24.385],[92.122,24.385],[92.122,24.386],[92.122,24.386],[92.122,24.386],[92.122,24.386],[92.122,24.387],[92.122,24.387],[92.121,24.387],[92.121,24.387],[92.121,24.387],[92.121,24.387],[92.12,24.388],[92.12,24.388],[92.12,24.387],[92.12,24.388],[92.12,24.388],[92.12,24.389],[92.119,24.389],[92.119,24.389],[92.12,24.389],[92.12,24.389],[92.12,24.39],[92.12,24.39],[92.121,24.389],[92.121,24.389],[92.121,24.39],[92.12,24.39],[92.12,24.39],[92.12,24.39],[92.119,24.39],[92.119,24.39],[92.119,24.39],[92.119,24.39],[92.12,24.391],[92.12,24.391],[92.12,24.391],[92.12,24.391],[92.12,24.392],[92.12,24.392],[92.12,24.392],[92.12,24.392],[92.12,24.392],[92.121,24.392],[92.121,24.393],[92.122,24.393],[92.122,24.393],[92.122,24.394],[92.122,24.394],[92.122,24.394],[92.122,24.394],[92.122,24.395],[92.122,24.395],[92.122,24.396],[92.122,24.396],[92.123,24.396],[92.123,24.396],[92.124,24.397],[92.124,24.397],[92.124,24.396],[92.125,24.396],[92.125,24.396],[92.125,24.396],[92.125,24.397],[92.126,24.397],[92.127,24.397],[92.126,24.397],[92.126,24.397],[92.127,24.398],[92.127,24.398],[92.127,24.398],[92.127,24.399],[92.127,24.399],[92.127,24.4],[92.127,24.4],[92.127,24.4],[92.127,24.4],[92.128,24.4],[92.128,24.4],[92.128,24.4],[92.128,24.401],[92.128,24.401],[92.128,24.401],[92.127,24.401],[92.127,24.402],[92.128,24.402],[92.128,24.402],[92.128,24.403],[92.129,24.403],[92.129,24.403],[92.13,24.403],[92.129,24.404],[92.13,24.404],[92.13,24.404],[92.13,24.404],[92.13,24.405],[92.131,24.406],[92.131,24.406],[92.132,24.407],[92.131,24.407],[92.131,24.407],[92.132,24.407],[92.132,24.407],[92.132,24.406],[92.132,24.406],[92.132,24.406],[92.132,24.407],[92.133,24.407],[92.133,24.407],[92.133,24.407],[92.133,24.407],[92.133,24.407],[92.134,24.407],[92.134,24.407],[92.135,24.407],[92.135,24.407],[92.135,24.407],[92.135,24.408],[92.135,24.408],[92.135,24.408],[92.135,24.409],[92.135,24.409],[92.135,24.409],[92.135,24.409],[92.135,24.409],[92.134,24.41],[92.134,24.41],[92.134,24.41],[92.134,24.41],[92.134,24.41],[92.134,24.41],[92.134,24.411],[92.133,24.411],[92.133,24.411],[92.133,24.411],[92.133,24.411],[92.133,24.411],[92.133,24.412],[92.134,24.412],[92.134,24.413],[92.133,24.413],[92.133,24.414],[92.133,24.414],[92.133,24.414],[92.133,24.414],[92.133,24.415],[92.133,24.415],[92.133,24.415],[92.133,24.416],[92.133,24.416],[92.133,24.416],[92.133,24.417],[92.133,24.417],[92.133,24.417],[92.134,24.417],[92.134,24.418],[92.135,24.418],[92.135,24.418],[92.135,24.419],[92.135,24.419],[92.135,24.419],[92.136,24.419],[92.136,24.42],[92.137,24.42],[92.136,24.421],[92.137,24.421],[92.136,24.421],[92.136,24.422],[92.136,24.422],[92.136,24.422],[92.136,24.423],[92.136,24.423],[92.137,24.424],[92.136,24.425],[92.137,24.425],[92.139,24.425],[92.139,24.425],[92.139,24.425],[92.14,24.424],[92.14,24.424],[92.141,24.424],[92.144,24.422],[92.144,24.422],[92.144,24.423],[92.145,24.423],[92.146,24.423],[92.146,24.423],[92.146,24.422],[92.147,24.422],[92.147,24.421],[92.148,24.421],[92.148,24.422],[92.148,24.422],[92.149,24.421],[92.149,24.422],[92.149,24.422],[92.15,24.422],[92.15,24.422],[92.15,24.423],[92.151,24.423],[92.151,24.423],[92.152,24.424],[92.152,24.424],[92.153,24.425],[92.153,24.425],[92.153,24.426],[92.154,24.426],[92.155,24.425],[92.155,24.425],[92.155,24.424],[92.155,24.424],[92.156,24.424],[92.156,24.423],[92.157,24.423],[92.158,24.422],[92.159,24.423],[92.159,24.422],[92.16,24.423],[92.161,24.422],[92.16,24.422],[92.16,24.422],[92.16,24.421],[92.161,24.421],[92.161,24.42],[92.162,24.42],[92.163,24.419],[92.163,24.419],[92.164,24.419],[92.164,24.419],[92.163,24.419],[92.163,24.418],[92.164,24.419],[92.164,24.419],[92.164,24.42],[92.165,24.42],[92.165,24.421],[92.166,24.421],[92.166,24.421],[92.166,24.422],[92.166,24.422],[92.166,24.422],[92.166,24.422],[92.166,24.423],[92.167,24.423],[92.167,24.423],[92.167,24.423],[92.167,24.424],[92.167,24.425],[92.168,24.426],[92.168,24.427],[92.168,24.427],[92.169,24.428],[92.169,24.428],[92.169,24.428],[92.168,24.429],[92.167,24.428],[92.166,24.428],[92.166,24.428],[92.166,24.43],[92.166,24.43],[92.167,24.432],[92.166,24.433],[92.166,24.434],[92.167,24.435],[92.167,24.435],[92.166,24.436],[92.166,24.437],[92.164,24.436],[92.163,24.437],[92.163,24.438],[92.164,24.44],[92.163,24.441],[92.164,24.442],[92.164,24.443],[92.163,24.444],[92.164,24.444],[92.164,24.446],[92.163,24.446],[92.162,24.447],[92.162,24.448],[92.161,24.45],[92.162,24.451],[92.162,24.452],[92.161,24.453],[92.16,24.454],[92.16,24.455],[92.16,24.455],[92.161,24.457],[92.16,24.459],[92.159,24.46],[92.158,24.46],[92.158,24.46],[92.158,24.46],[92.159,24.461],[92.16,24.462],[92.159,24.462],[92.159,24.463],[92.16,24.463],[92.161,24.463],[92.16,24.464],[92.159,24.464],[92.159,24.464],[92.159,24.465],[92.159,24.465],[92.159,24.466],[92.157,24.467],[92.157,24.467],[92.156,24.466],[92.156,24.465],[92.155,24.465],[92.155,24.466],[92.155,24.466],[92.155,24.467],[92.155,24.468],[92.156,24.468],[92.156,24.469],[92.157,24.469],[92.157,24.469],[92.158,24.468],[92.159,24.468],[92.159,24.469],[92.159,24.469],[92.159,24.469],[92.158,24.469],[92.158,24.47],[92.157,24.47],[92.157,24.47],[92.156,24.469],[92.155,24.469],[92.155,24.47],[92.155,24.471],[92.155,24.471],[92.155,24.472],[92.154,24.472],[92.153,24.473],[92.154,24.473],[92.155,24.474],[92.156,24.474],[92.156,24.474],[92.156,24.472],[92.157,24.472],[92.157,24.473],[92.158,24.474],[92.158,24.474],[92.157,24.475],[92.156,24.475],[92.156,24.476],[92.156,24.477],[92.155,24.478],[92.153,24.479],[92.153,24.48],[92.153,24.481],[92.152,24.482],[92.152,24.484],[92.154,24.485],[92.154,24.486],[92.154,24.486],[92.154,24.487],[92.154,24.488],[92.152,24.488],[92.152,24.488],[92.152,24.489],[92.152,24.489],[92.152,24.49],[92.152,24.492],[92.153,24.492],[92.153,24.493],[92.152,24.494],[92.152,24.495],[92.151,24.496],[92.152,24.499],[92.152,24.5],[92.153,24.501],[92.153,24.501],[92.153,24.502],[92.152,24.503],[92.153,24.503],[92.155,24.503],[92.156,24.504],[92.157,24.505],[92.158,24.506],[92.159,24.508],[92.157,24.509],[92.155,24.51],[92.155,24.51],[92.155,24.509],[92.155,24.509],[92.153,24.509],[92.152,24.509],[92.152,24.509],[92.153,24.51],[92.154,24.51],[92.154,24.511],[92.155,24.511],[92.154,24.512],[92.154,24.513],[92.154,24.514],[92.154,24.515],[92.154,24.515],[92.154,24.515],[92.155,24.515],[92.157,24.514],[92.158,24.515],[92.158,24.516],[92.156,24.516],[92.156,24.516],[92.155,24.517],[92.156,24.518],[92.155,24.519],[92.154,24.518],[92.154,24.519],[92.154,24.519],[92.155,24.519],[92.156,24.52],[92.156,24.52],[92.158,24.521],[92.158,24.521],[92.158,24.521],[92.158,24.522],[92.157,24.523],[92.156,24.523],[92.155,24.523],[92.155,24.523],[92.155,24.524],[92.157,24.524],[92.158,24.523],[92.159,24.524],[92.159,24.525],[92.16,24.526],[92.159,24.527],[92.159,24.528],[92.16,24.529],[92.161,24.529],[92.161,24.529],[92.161,24.528],[92.162,24.528],[92.163,24.529],[92.163,24.528],[92.164,24.529],[92.165,24.529],[92.165,24.529],[92.166,24.53],[92.165,24.531],[92.165,24.531],[92.166,24.532],[92.167,24.531],[92.168,24.531],[92.169,24.532],[92.17,24.532],[92.172,24.529],[92.173,24.528],[92.175,24.527],[92.176,24.526],[92.176,24.524],[92.177,24.524],[92.178,24.523],[92.179,24.524],[92.18,24.524],[92.18,24.523],[92.18,24.523],[92.182,24.524],[92.182,24.524],[92.182,24.523],[92.183,24.522],[92.184,24.523],[92.185,24.523],[92.186,24.522],[92.186,24.521],[92.187,24.521],[92.188,24.521],[92.188,24.52],[92.188,24.519],[92.19,24.519],[92.191,24.518],[92.192,24.519],[92.193,24.518],[92.193,24.516],[92.193,24.516],[92.195,24.515],[92.195,24.513],[92.196,24.513],[92.196,24.512],[92.197,24.511],[92.198,24.51],[92.199,24.511],[92.2,24.511],[92.201,24.509],[92.201,24.509],[92.202,24.509],[92.201,24.508],[92.202,24.508],[92.206,24.507],[92.206,24.506],[92.207,24.506],[92.208,24.506],[92.208,24.505],[92.209,24.504],[92.21,24.505],[92.212,24.504],[92.213,24.504],[92.214,24.505],[92.215,24.506],[92.218,24.512],[92.219,24.514],[92.22,24.515],[92.22,24.516],[92.22,24.516],[92.222,24.517],[92.223,24.517],[92.225,24.521],[92.227,24.525],[92.228,24.528],[92.229,24.529],[92.23,24.53],[92.231,24.534],[92.231,24.544],[92.233,24.572],[92.233,24.572],[92.233,24.573],[92.234,24.574],[92.234,24.574],[92.234,24.575],[92.234,24.575],[92.235,24.575],[92.234,24.576],[92.234,24.577],[92.235,24.577],[92.235,24.578],[92.234,24.578],[92.233,24.578],[92.233,24.579],[92.233,24.58],[92.233,24.581],[92.234,24.582],[92.234,24.583],[92.234,24.583],[92.234,24.584],[92.234,24.586],[92.234,24.586],[92.235,24.587],[92.235,24.589],[92.235,24.59],[92.235,24.591],[92.236,24.592],[92.236,24.594],[92.236,24.595],[92.236,24.595],[92.236,24.596],[92.236,24.596],[92.236,24.597],[92.236,24.598],[92.236,24.599],[92.237,24.599],[92.237,24.6],[92.237,24.601],[92.238,24.602],[92.238,24.603],[92.238,24.604],[92.239,24.605],[92.239,24.606],[92.239,24.607],[92.239,24.608],[92.24,24.608],[92.241,24.609],[92.241,24.61],[92.242,24.611],[92.242,24.612],[92.242,24.613],[92.242,24.614],[92.242,24.615],[92.243,24.616],[92.244,24.616],[92.244,24.616],[92.244,24.617],[92.244,24.618],[92.244,24.619],[92.244,24.619],[92.244,24.619],[92.244,24.62],[92.244,24.621],[92.244,24.621],[92.244,24.622],[92.243,24.623],[92.244,24.624],[92.244,24.625],[92.244,24.625],[92.244,24.626],[92.244,24.626],[92.244,24.627],[92.244,24.628],[92.244,24.629],[92.245,24.63],[92.246,24.631],[92.246,24.632],[92.247,24.633],[92.247,24.634],[92.247,24.635],[92.247,24.636],[92.248,24.637],[92.248,24.638],[92.248,24.639],[92.249,24.64],[92.249,24.642],[92.249,24.643],[92.249,24.644],[92.249,24.644],[92.249,24.645],[92.249,24.646],[92.249,24.647],[92.25,24.649],[92.249,24.65],[92.249,24.651],[92.248,24.651],[92.248,24.653],[92.247,24.654],[92.247,24.655],[92.247,24.656],[92.248,24.656],[92.248,24.656],[92.248,24.657],[92.248,24.658],[92.248,24.658],[92.249,24.659],[92.25,24.659],[92.25,24.66],[92.251,24.66],[92.252,24.66],[92.252,24.661],[92.252,24.662],[92.253,24.663],[92.253,24.664],[92.253,24.665],[92.255,24.667],[92.255,24.668],[92.255,24.669],[92.256,24.67],[92.256,24.671],[92.257,24.672],[92.257,24.673],[92.257,24.673],[92.256,24.674],[92.255,24.675],[92.255,24.676],[92.255,24.677],[92.255,24.678],[92.255,24.679],[92.256,24.679],[92.257,24.68],[92.258,24.68],[92.259,24.681],[92.26,24.682],[92.259,24.682],[92.258,24.683],[92.258,24.684],[92.259,24.686],[92.26,24.687],[92.26,24.688],[92.26,24.688],[92.261,24.689],[92.262,24.69],[92.263,24.69],[92.265,24.691],[92.266,24.691],[92.266,24.692],[92.267,24.693],[92.267,24.694],[92.268,24.695],[92.268,24.696],[92.269,24.697],[92.27,24.699],[92.271,24.7],[92.271,24.701],[92.272,24.702],[92.273,24.703],[92.273,24.704],[92.274,24.705],[92.275,24.706],[92.276,24.707],[92.276,24.708],[92.275,24.709],[92.275,24.709],[92.276,24.71],[92.276,24.711],[92.277,24.711],[92.277,24.712],[92.278,24.713],[92.279,24.713],[92.28,24.714],[92.281,24.715],[92.281,24.715],[92.281,24.716],[92.282,24.717],[92.282,24.717],[92.283,24.718],[92.283,24.718],[92.284,24.719],[92.284,24.719],[92.285,24.72],[92.285,24.72],[92.286,24.722],[92.286,24.722],[92.286,24.722],[92.287,24.723],[92.287,24.723],[92.287,24.723],[92.288,24.723],[92.288,24.724],[92.288,24.724],[92.289,24.725],[92.288,24.725],[92.288,24.726],[92.289,24.726],[92.29,24.727],[92.291,24.728],[92.291,24.728],[92.291,24.729],[92.292,24.729],[92.292,24.73],[92.292,24.73],[92.292,24.73],[92.292,24.73],[92.292,24.731],[92.292,24.731],[92.292,24.731],[92.293,24.73],[92.293,24.731],[92.293,24.731],[92.293,24.731],[92.293,24.732],[92.294,24.732],[92.294,24.732],[92.294,24.732],[92.294,24.733],[92.294,24.733],[92.294,24.732],[92.294,24.733],[92.294,24.733],[92.295,24.734],[92.294,24.734],[92.294,24.734],[92.294,24.735],[92.294,24.735],[92.294,24.735],[92.294,24.735],[92.295,24.735],[92.295,24.735],[92.295,24.736],[92.295,24.736],[92.296,24.737],[92.296,24.737],[92.296,24.737],[92.296,24.737],[92.283,24.742],[92.283,24.743],[92.282,24.743],[92.282,24.744],[92.281,24.744],[92.281,24.744],[92.28,24.744],[92.28,24.744],[92.28,24.745],[92.279,24.745],[92.279,24.746],[92.28,24.746],[92.28,24.746],[92.28,24.746],[92.28,24.747],[92.28,24.748],[92.28,24.748],[92.281,24.749],[92.281,24.75],[92.282,24.752],[92.284,24.754],[92.286,24.756],[92.292,24.758],[92.29,24.762],[92.286,24.767],[92.286,24.771],[92.285,24.775],[92.285,24.775],[92.285,24.776],[92.286,24.777],[92.286,24.777],[92.287,24.777],[92.287,24.777],[92.287,24.778],[92.287,24.778],[92.287,24.778],[92.288,24.778],[92.288,24.779],[92.288,24.779],[92.288,24.78],[92.288,24.781],[92.288,24.782],[92.288,24.782],[92.288,24.783],[92.289,24.784],[92.289,24.785],[92.289,24.785],[92.289,24.786],[92.288,24.786],[92.288,24.786],[92.288,24.787],[92.288,24.787],[92.289,24.788],[92.288,24.788],[92.287,24.789],[92.287,24.789],[92.287,24.789],[92.286,24.789],[92.286,24.789],[92.286,24.789],[92.285,24.789],[92.285,24.789],[92.284,24.789],[92.284,24.789],[92.284,24.789],[92.284,24.789],[92.284,24.789],[92.283,24.79],[92.283,24.79],[92.282,24.79],[92.282,24.79],[92.281,24.79],[92.281,24.791],[92.28,24.792],[92.28,24.793],[92.28,24.793],[92.28,24.794],[92.279,24.794],[92.28,24.795],[92.28,24.796],[92.28,24.797],[92.279,24.798],[92.277,24.798],[92.274,24.799],[92.273,24.8],[92.273,24.802],[92.275,24.803],[92.275,24.804],[92.274,24.806],[92.274,24.807],[92.276,24.81],[92.276,24.811],[92.275,24.811],[92.276,24.812],[92.275,24.813],[92.275,24.813],[92.275,24.813],[92.274,24.814],[92.274,24.814],[92.274,24.815],[92.275,24.815],[92.276,24.816],[92.276,24.816],[92.275,24.817],[92.275,24.818],[92.274,24.819],[92.274,24.82],[92.273,24.821],[92.273,24.822],[92.273,24.823],[92.273,24.824],[92.273,24.827],[92.273,24.828],[92.272,24.829],[92.27,24.829],[92.269,24.83],[92.266,24.83],[92.265,24.83],[92.263,24.83],[92.262,24.83],[92.261,24.83],[92.259,24.831],[92.258,24.831],[92.257,24.831],[92.257,24.831],[92.256,24.832],[92.254,24.832],[92.253,24.83],[92.253,24.83],[92.252,24.831],[92.251,24.831],[92.25,24.83],[92.25,24.832],[92.251,24.834],[92.252,24.834],[92.25,24.836],[92.252,24.837],[92.253,24.837],[92.254,24.838],[92.254,24.839],[92.254,24.838],[92.252,24.839],[92.251,24.84],[92.249,24.84],[92.247,24.84],[92.245,24.84],[92.244,24.841],[92.244,24.841],[92.243,24.841],[92.241,24.842],[92.242,24.843],[92.242,24.844],[92.242,24.846],[92.241,24.846],[92.241,24.85],[92.24,24.851],[92.24,24.852],[92.24,24.852],[92.24,24.853],[92.24,24.854],[92.24,24.856],[92.24,24.858],[92.238,24.859],[92.236,24.859],[92.236,24.86],[92.235,24.861],[92.235,24.862],[92.236,24.863],[92.236,24.863],[92.236,24.864],[92.236,24.864],[92.238,24.866],[92.238,24.868],[92.239,24.868],[92.239,24.868],[92.241,24.868],[92.243,24.868],[92.244,24.867],[92.245,24.867],[92.246,24.868],[92.246,24.869],[92.246,24.869],[92.245,24.87],[92.245,24.87],[92.245,24.871],[92.245,24.872],[92.245,24.872],[92.246,24.872],[92.247,24.876],[92.247,24.881],[92.247,24.882],[92.247,24.883],[92.248,24.886],[92.247,24.888],[92.245,24.889],[92.243,24.889],[92.241,24.889],[92.24,24.89],[92.239,24.891],[92.236,24.893],[92.236,24.894],[92.236,24.896],[92.235,24.897],[92.236,24.898],[92.235,24.9],[92.234,24.902],[92.24,24.905],[92.247,24.909],[92.258,24.907],[92.269,24.906],[92.277,24.906],[92.281,24.906],[92.285,24.911],[92.294,24.916],[92.299,24.916],[92.306,24.91],[92.307,24.903],[92.312,24.899],[92.316,24.895],[92.322,24.897],[92.326,24.897],[92.328,24.891],[92.333,24.885],[92.339,24.879],[92.342,24.879],[92.345,24.883],[92.343,24.89],[92.344,24.894],[92.348,24.893],[92.354,24.88],[92.357,24.879],[92.361,24.879],[92.362,24.873],[92.365,24.872],[92.371,24.875],[92.375,24.874],[92.377,24.868],[92.377,24.864],[92.382,24.861],[92.384,24.858],[92.384,24.854],[92.39,24.852],[92.4,24.849],[92.402,24.85],[92.402,24.856],[92.408,24.86],[92.419,24.856],[92.426,24.853],[92.435,24.855],[92.441,24.859],[92.441,24.864],[92.44,24.869],[92.448,24.872],[92.459,24.874],[92.475,24.868],[92.477,24.871],[92.478,24.872],[92.48,24.872],[92.483,24.872],[92.488,24.874],[92.49,24.874],[92.492,24.875],[92.496,24.876],[92.498,24.876],[92.498,24.877],[92.496,24.878],[92.492,24.877],[92.492,24.879],[92.493,24.88],[92.495,24.883],[92.495,24.885],[92.495,24.888],[92.494,24.893],[92.493,24.895],[92.494,24.899],[92.496,24.903],[92.494,24.904],[92.494,24.907],[92.495,24.91],[92.493,24.912],[92.492,24.913],[92.493,24.916],[92.495,24.918],[92.494,24.92],[92.491,24.921],[92.49,24.922],[92.488,24.923],[92.487,24.923],[92.487,24.923],[92.485,24.924],[92.485,24.927],[92.484,24.929],[92.485,24.93],[92.485,24.932],[92.485,24.934],[92.485,24.937],[92.487,24.941],[92.488,24.943],[92.489,24.947],[92.488,24.949],[92.484,24.949],[92.48,24.946],[92.476,24.942],[92.474,24.942],[92.471,24.942],[92.468,24.943],[92.465,24.943],[92.458,24.942],[92.453,24.94],[92.449,24.94],[92.448,24.944],[92.449,24.948],[92.451,24.952],[92.456,24.955],[92.463,24.955],[92.466,24.956],[92.47,24.962],[92.468,24.965],[92.464,24.967],[92.458,24.971],[92.455,24.971],[92.45,24.967],[92.449,24.966],[92.447,24.965],[92.442,24.967],[92.437,24.968],[92.426,24.966],[92.422,24.965],[92.419,24.967],[92.42,24.971],[92.422,24.974],[92.423,24.988],[92.422,24.991],[92.419,24.992],[92.417,24.994],[92.419,24.997],[92.42,25.0],[92.42,25.001],[92.422,25.004],[92.423,25.007],[92.424,25.009],[92.425,25.012],[92.424,25.014],[92.424,25.019],[92.427,25.023],[92.425,25.03],[92.424,25.03],[92.423,25.029],[92.422,25.028],[92.421,25.028],[92.42,25.029],[92.419,25.03],[92.418,25.03],[92.416,25.03],[92.414,25.029],[92.413,25.029],[92.411,25.03],[92.41,25.031],[92.409,25.031],[92.407,25.032],[92.405,25.033],[92.403,25.032],[92.401,25.033],[92.4,25.034],[92.399,25.034],[92.399,25.033],[92.397,25.034],[92.395,25.037],[92.394,25.038],[92.392,25.04],[92.389,25.04],[92.388,25.04],[92.386,25.041],[92.386,25.041],[92.386,25.041],[92.385,25.041],[92.385,25.042],[92.385,25.042],[92.384,25.042],[92.384,25.042],[92.384,25.042],[92.384,25.042],[92.384,25.041],[92.384,25.04],[92.384,25.04],[92.383,25.039],[92.383,25.039],[92.383,25.04],[92.383,25.04],[92.382,25.041],[92.382,25.04],[92.382,25.039],[92.381,25.04],[92.381,25.04],[92.381,25.041],[92.381,25.042],[92.38,25.041],[92.381,25.04],[92.381,25.04],[92.38,25.04],[92.379,25.04],[92.378,25.041],[92.377,25.042],[92.377,25.042],[92.377,25.043],[92.377,25.043],[92.376,25.043],[92.375,25.043],[92.374,25.043],[92.374,25.043],[92.375,25.043],[92.375,25.044],[92.374,25.044],[92.373,25.043],[92.373,25.044],[92.372,25.044],[92.372,25.043],[92.373,25.042],[92.371,25.043],[92.37,25.043],[92.371,25.042],[92.37,25.042],[92.37,25.042],[92.369,25.041],[92.368,25.043],[92.369,25.043],[92.369,25.044],[92.369,25.044],[92.369,25.044],[92.369,25.046],[92.368,25.046],[92.367,25.047],[92.367,25.048],[92.365,25.049],[92.363,25.05],[92.362,25.048],[92.36,25.047],[92.359,25.047],[92.358,25.048],[92.358,25.049],[92.357,25.05],[92.357,25.05],[92.356,25.049],[92.356,25.048],[92.355,25.048],[92.354,25.049],[92.353,25.049],[92.352,25.049],[92.351,25.049],[92.349,25.049],[92.347,25.048],[92.346,25.049],[92.345,25.049],[92.342,25.049],[92.338,25.052],[92.342,25.055],[92.345,25.057],[92.345,25.058],[92.346,25.059],[92.346,25.059],[92.347,25.06],[92.348,25.061],[92.348,25.063],[92.347,25.063],[92.347,25.066],[92.347,25.072],[92.347,25.074],[92.346,25.074],[92.346,25.074],[92.345,25.074],[92.344,25.074],[92.344,25.075],[92.342,25.075],[92.341,25.075],[92.34,25.076],[92.34,25.076],[92.338,25.076],[92.338,25.076],[92.337,25.077],[92.336,25.077],[92.335,25.077],[92.335,25.078],[92.335,25.078],[92.335,25.079],[92.334,25.078],[92.333,25.078],[92.333,25.079],[92.332,25.079],[92.33,25.078],[92.329,25.077],[92.327,25.078],[92.326,25.078],[92.323,25.078],[92.323,25.078],[92.322,25.078],[92.322,25.078],[92.322,25.078],[92.322,25.078],[92.321,25.077],[92.321,25.077],[92.321,25.077],[92.321,25.076],[92.321,25.076],[92.32,25.076],[92.32,25.076],[92.32,25.075],[92.32,25.075],[92.32,25.075],[92.319,25.074],[92.319,25.074],[92.319,25.074],[92.319,25.073],[92.318,25.073],[92.318,25.073],[92.318,25.072],[92.318,25.072],[92.319,25.072],[92.319,25.072],[92.319,25.072],[92.319,25.072],[92.319,25.071],[92.319,25.071],[92.319,25.071],[92.319,25.071],[92.319,25.07],[92.319,25.07],[92.318,25.07],[92.317,25.071],[92.317,25.071],[92.316,25.071],[92.316,25.071],[92.315,25.071],[92.315,25.072],[92.314,25.072],[92.314,25.072],[92.313,25.072],[92.312,25.07],[92.309,25.07],[92.304,25.071],[92.301,25.072],[92.301,25.072],[92.297,25.074],[92.294,25.074],[92.292,25.075],[92.291,25.076],[92.289,25.076],[92.286,25.077],[92.28,25.078],[92.277,25.079],[92.272,25.081],[92.27,25.082],[92.268,25.083],[92.267,25.083],[92.265,25.083],[92.262,25.084],[92.261,25.084],[92.259,25.085],[92.256,25.085],[92.254,25.086],[92.253,25.087],[92.252,25.087],[92.251,25.087],[92.251,25.088],[92.247,25.091],[92.243,25.093],[92.238,25.094],[92.234,25.095],[92.232,25.096],[92.231,25.097],[92.23,25.097],[92.23,25.096],[92.229,25.096],[92.228,25.094],[92.227,25.093],[92.226,25.096],[92.222,25.098],[92.223,25.101],[92.223,25.104],[92.218,25.105],[92.211,25.108],[92.207,25.111],[92.208,25.116],[92.212,25.117],[92.213,25.116],[92.216,25.116],[92.219,25.114],[92.223,25.114],[92.225,25.114],[92.226,25.115],[92.227,25.116],[92.227,25.118],[92.226,25.117],[92.225,25.118],[92.224,25.117],[92.222,25.117],[92.222,25.117],[92.221,25.117],[92.219,25.117],[92.219,25.117],[92.216,25.119],[92.209,25.123],[92.196,25.126],[92.195,25.13],[92.195,25.131],[92.193,25.132],[92.192,25.134],[92.189,25.136],[92.189,25.133],[92.19,25.132],[92.19,25.131],[92.189,25.13],[92.19,25.128],[92.19,25.126],[92.187,25.125],[92.18,25.122],[92.179,25.124],[92.176,25.127],[92.171,25.127],[92.165,25.127],[92.163,25.131],[92.161,25.13],[92.159,25.13],[92.159,25.132],[92.16,25.133],[92.163,25.133],[92.164,25.136],[92.163,25.136],[92.162,25.136],[92.162,25.136],[92.161,25.135],[92.16,25.135],[92.158,25.134],[92.157,25.134],[92.155,25.133],[92.153,25.134],[92.151,25.134],[92.15,25.135],[92.143,25.14],[92.142,25.141],[92.14,25.141],[92.136,25.142],[92.135,25.142],[92.134,25.143],[92.134,25.143],[92.135,25.146],[92.135,25.147],[92.135,25.15],[92.135,25.151],[92.136,25.152],[92.136,25.153],[92.138,25.152],[92.139,25.153],[92.14,25.155],[92.138,25.155],[92.134,25.156],[92.131,25.16],[92.129,25.162],[92.114,25.168],[92.101,25.176],[92.096,25.177],[92.092,25.177],[92.089,25.179],[92.084,25.181],[92.081,25.182],[92.08,25.182],[92.078,25.18],[92.076,25.179],[92.076,25.181],[92.073,25.185],[92.068,25.186],[92.059,25.187],[92.056,25.187],[92.053,25.187],[92.052,25.187],[92.051,25.187],[92.05,25.187],[92.049,25.187],[92.048,25.187],[92.048,25.187],[92.047,25.187],[92.047,25.186],[92.046,25.187],[92.045,25.186],[92.043,25.187],[92.042,25.186],[92.041,25.186],[92.04,25.186],[92.039,25.185],[92.039,25.183],[92.039,25.183],[92.037,25.182],[92.032,25.183],[92.029,25.184],[92.028,25.183],[92.018,25.184],[92.016,25.186],[92.015,25.187],[92.013,25.187],[92.012,25.187],[92.011,25.186],[92.006,25.186],[92.001,25.185],[91.996,25.182],[91.99,25.178],[91.986,25.174],[91.981,25.17],[91.976,25.168],[91.972,25.169],[91.969,25.171],[91.969,25.174],[91.967,25.176],[91.961,25.178],[91.952,25.178],[91.942,25.178],[91.934,25.179],[91.928,25.181],[91.922,25.181],[91.916,25.182],[91.901,25.179],[91.893,25.179],[91.884,25.177],[91.876,25.175],[91.858,25.173],[91.85,25.173],[91.844,25.175],[91.841,25.177],[91.833,25.178],[91.827,25.177],[91.816,25.171],[91.806,25.168],[91.797,25.169],[91.788,25.168],[91.775,25.163],[91.77,25.166],[91.766,25.168],[91.752,25.176],[91.747,25.174],[91.745,25.169],[91.747,25.165],[91.748,25.163],[91.746,25.155],[91.744,25.147],[91.744,25.143],[91.746,25.142],[91.747,25.141],[91.746,25.14],[91.744,25.141],[91.739,25.142],[91.738,25.143],[91.736,25.144],[91.736,25.146],[91.735,25.15],[91.734,25.149],[91.733,25.148],[91.732,25.148],[91.732,25.149],[91.733,25.15],[91.723,25.152],[91.716,25.154],[91.716,25.156],[91.714,25.158],[91.712,25.157],[91.71,25.159],[91.708,25.159],[91.706,25.157],[91.703,25.159],[91.702,25.157],[91.701,25.156],[91.703,25.154],[91.703,25.152],[91.701,25.151],[91.699,25.147],[91.698,25.146],[91.697,25.146],[91.694,25.145],[91.694,25.142],[91.694,25.141],[91.693,25.139],[91.693,25.138],[91.691,25.137],[91.686,25.138],[91.683,25.136],[91.68,25.135],[91.676,25.138],[91.674,25.138],[91.67,25.138],[91.667,25.137],[91.664,25.135],[91.658,25.132],[91.655,25.131],[91.652,25.13],[91.651,25.127],[91.651,25.127],[91.649,25.128],[91.644,25.126],[91.642,25.124],[91.64,25.124],[91.638,25.123],[91.635,25.124],[91.634,25.124],[91.634,25.124],[91.633,25.124],[91.629,25.125],[91.627,25.126],[91.625,25.127],[91.623,25.128],[91.622,25.131],[91.623,25.134],[91.623,25.137],[91.622,25.141],[91.622,25.143],[91.62,25.144],[91.618,25.144],[91.615,25.145],[91.615,25.145],[91.615,25.144],[91.614,25.143],[91.613,25.142],[91.612,25.143],[91.611,25.146],[91.61,25.146],[91.609,25.146],[91.608,25.145],[91.607,25.145],[91.606,25.144],[91.605,25.143],[91.605,25.142],[91.603,25.141],[91.602,25.143],[91.601,25.146],[91.6,25.149],[91.599,25.153],[91.599,25.155],[91.6,25.155],[91.601,25.156],[91.602,25.156],[91.603,25.157],[91.603,25.158],[91.603,25.159],[91.602,25.159],[91.601,25.159],[91.599,25.159],[91.599,25.16],[91.599,25.16],[91.6,25.161],[91.6,25.161],[91.6,25.162],[91.602,25.163],[91.603,25.165],[91.604,25.167],[91.606,25.168],[91.608,25.17],[91.611,25.17],[91.612,25.17],[91.615,25.174],[91.612,25.176],[91.612,25.176],[91.611,25.176],[91.61,25.176],[91.61,25.176],[91.61,25.176],[91.609,25.175],[91.608,25.175],[91.607,25.174],[91.604,25.174],[91.603,25.174],[91.6,25.174],[91.592,25.174],[91.591,25.174],[91.587,25.173],[91.581,25.172],[91.579,25.173],[91.577,25.172],[91.575,25.168],[91.573,25.167],[91.572,25.167],[91.571,25.165],[91.571,25.165],[91.571,25.164],[91.571,25.164],[91.571,25.163],[91.572,25.163],[91.572,25.162],[91.573,25.162],[91.574,25.161],[91.575,25.162],[91.576,25.161],[91.571,25.162],[91.568,25.16],[91.566,25.16],[91.564,25.161],[91.563,25.16],[91.562,25.159],[91.559,25.157],[91.558,25.155],[91.558,25.152],[91.554,25.15],[91.545,25.148],[91.535,25.146],[91.528,25.145],[91.524,25.146],[91.52,25.146],[91.519,25.147],[91.516,25.148],[91.513,25.148],[91.507,25.146],[91.501,25.144],[91.5,25.136],[91.497,25.136],[91.493,25.138],[91.492,25.138],[91.489,25.135],[91.481,25.137],[91.48,25.135],[91.477,25.134],[91.467,25.134],[91.464,25.136],[91.467,25.137],[91.47,25.14],[91.469,25.141],[91.467,25.145],[91.467,25.146],[91.468,25.148],[91.469,25.151],[91.468,25.152],[91.461,25.151],[91.456,25.149],[91.452,25.153],[91.445,25.15],[91.438,25.152],[91.436,25.155],[91.431,25.157],[91.427,25.157],[91.425,25.158],[91.424,25.158],[91.423,25.16],[91.422,25.162],[91.421,25.163],[91.412,25.168],[91.408,25.165],[91.405,25.166],[91.398,25.165],[91.386,25.17],[91.378,25.168],[91.373,25.169],[91.37,25.171],[91.368,25.171],[91.365,25.175],[91.363,25.178],[91.36,25.177],[91.359,25.176],[91.356,25.173],[91.352,25.174],[91.352,25.176],[91.35,25.176],[91.348,25.175],[91.346,25.174],[91.342,25.174],[91.339,25.174],[91.334,25.177],[91.331,25.178],[91.327,25.176],[91.326,25.179],[91.325,25.181],[91.323,25.182],[91.32,25.183],[91.316,25.184],[91.311,25.184],[91.309,25.184],[91.306,25.183],[91.3,25.184],[91.29,25.185],[91.287,25.186],[91.286,25.186],[91.288,25.187],[91.289,25.19],[91.29,25.191],[91.291,25.191],[91.291,25.192],[91.292,25.192],[91.292,25.193],[91.292,25.193],[91.287,25.196],[91.283,25.197],[91.276,25.199],[91.27,25.205],[91.267,25.207],[91.264,25.206],[91.26,25.201],[91.247,25.197],[91.237,25.197],[91.233,25.199],[91.231,25.197],[91.224,25.2],[91.214,25.2],[91.208,25.201],[91.202,25.201],[91.196,25.201],[91.191,25.201],[91.186,25.2],[91.181,25.198],[91.173,25.197],[91.165,25.197],[91.161,25.197],[91.157,25.197],[91.155,25.196],[91.151,25.197],[91.145,25.197],[91.133,25.195],[91.123,25.194],[91.108,25.195],[91.099,25.196],[91.092,25.197],[91.087,25.196],[91.072,25.197],[91.071,25.196],[91.072,25.194],[91.069,25.192],[91.068,25.192],[91.067,25.192],[91.064,25.191],[91.062,25.191],[91.059,25.192],[91.057,25.192],[91.056,25.192],[91.054,25.192],[91.052,25.191],[91.047,25.19],[91.044,25.188],[91.039,25.189],[91.04,25.188],[91.04,25.188],[91.04,25.187],[91.038,25.186],[91.032,25.186],[91.026,25.186],[91.021,25.187],[91.019,25.184],[91.013,25.183],[91.01,25.182],[91.009,25.183],[91.007,25.181],[91.005,25.18],[91.002,25.181],[90.998,25.179],[90.995,25.178],[90.991,25.177],[90.987,25.176],[90.983,25.175],[90.98,25.175],[90.977,25.174],[90.972,25.176],[90.969,25.174],[90.968,25.174],[90.967,25.173],[90.963,25.172],[90.961,25.171],[90.958,25.171],[90.955,25.171],[90.952,25.171],[90.948,25.171],[90.947,25.169],[90.943,25.168],[90.939,25.166],[90.933,25.165],[90.928,25.163],[90.925,25.162],[90.921,25.163],[90.918,25.163],[90.915,25.163],[90.913,25.163],[90.91,25.162],[90.908,25.162],[90.906,25.162],[90.903,25.163],[90.901,25.163],[90.899,25.164],[90.896,25.166],[90.893,25.165],[90.892,25.166],[90.885,25.166],[90.882,25.166],[90.88,25.165],[90.876,25.164],[90.873,25.163],[90.872,25.16],[90.869,25.161],[90.866,25.161],[90.863,25.158],[90.861,25.158],[90.858,25.16],[90.858,25.158],[90.853,25.159],[90.848,25.158],[90.844,25.159],[90.843,25.161],[90.843,25.162],[90.842,25.163],[90.842,25.164],[90.841,25.164],[90.84,25.164],[90.841,25.162],[90.841,25.162],[90.838,25.162],[90.835,25.162],[90.833,25.161],[90.832,25.161],[90.828,25.162],[90.822,25.163],[90.819,25.163],[90.819,25.163],[90.819,25.163],[90.819,25.164],[90.819,25.165],[90.819,25.165],[90.819,25.166],[90.819,25.166],[90.819,25.167],[90.818,25.167],[90.818,25.167],[90.818,25.168],[90.816,25.168],[90.814,25.168],[90.814,25.168],[90.814,25.167],[90.815,25.166],[90.814,25.165],[90.815,25.165],[90.816,25.164],[90.815,25.164],[90.815,25.164],[90.815,25.164],[90.814,25.164],[90.813,25.164],[90.812,25.164],[90.811,25.165],[90.81,25.165],[90.808,25.165],[90.807,25.166],[90.804,25.167],[90.804,25.168],[90.804,25.169],[90.805,25.17],[90.805,25.17],[90.804,25.171],[90.804,25.172],[90.805,25.172],[90.806,25.174],[90.805,25.174],[90.804,25.174],[90.803,25.173],[90.803,25.173],[90.802,25.173],[90.801,25.173],[90.799,25.174],[90.798,25.175],[90.797,25.176],[90.796,25.177],[90.796,25.178],[90.795,25.179],[90.795,25.18],[90.795,25.181],[90.794,25.181],[90.794,25.181],[90.793,25.181],[90.793,25.18],[90.792,25.181],[90.79,25.181],[90.789,25.181],[90.788,25.18],[90.785,25.179],[90.784,25.18],[90.784,25.181],[90.782,25.181],[90.782,25.181],[90.782,25.182],[90.781,25.183],[90.781,25.185],[90.78,25.186],[90.779,25.185],[90.775,25.182],[90.774,25.182],[90.773,25.182],[90.772,25.182],[90.767,25.18],[90.763,25.178],[90.763,25.177],[90.76,25.174],[90.759,25.172],[90.761,25.172],[90.761,25.169],[90.759,25.169],[90.758,25.169],[90.757,25.168],[90.756,25.169],[90.752,25.168],[90.748,25.164],[90.743,25.166],[90.742,25.168],[90.742,25.17],[90.741,25.17],[90.739,25.167],[90.737,25.166],[90.733,25.166],[90.733,25.162],[90.735,25.163],[90.739,25.163],[90.741,25.16],[90.739,25.158],[90.736,25.158],[90.734,25.158],[90.733,25.155],[90.731,25.158],[90.729,25.157],[90.727,25.158],[90.726,25.158],[90.727,25.159],[90.726,25.159],[90.726,25.159],[90.726,25.16],[90.726,25.16],[90.726,25.161],[90.726,25.161],[90.726,25.162],[90.726,25.163],[90.726,25.163],[90.725,25.163],[90.724,25.163],[90.724,25.164],[90.724,25.165],[90.723,25.165],[90.72,25.164],[90.717,25.165],[90.715,25.168],[90.708,25.167],[90.707,25.164],[90.706,25.162],[90.703,25.162],[90.701,25.164],[90.7,25.163],[90.699,25.161],[90.7,25.16],[90.698,25.157],[90.696,25.159],[90.693,25.161],[90.691,25.163],[90.689,25.164],[90.686,25.166],[90.685,25.164],[90.682,25.165],[90.681,25.167],[90.681,25.168],[90.68,25.169],[90.683,25.17],[90.686,25.173],[90.687,25.174],[90.687,25.174],[90.686,25.175],[90.685,25.175],[90.682,25.173],[90.679,25.173],[90.678,25.173],[90.676,25.173],[90.675,25.174],[90.675,25.174],[90.675,25.175],[90.676,25.176],[90.676,25.176],[90.674,25.176],[90.673,25.176],[90.672,25.175],[90.672,25.174],[90.672,25.173],[90.672,25.172],[90.672,25.172],[90.672,25.171],[90.672,25.171],[90.672,25.171],[90.672,25.17],[90.672,25.169],[90.671,25.169],[90.671,25.169],[90.67,25.169],[90.67,25.168],[90.67,25.167],[90.669,25.167],[90.668,25.166],[90.668,25.166],[90.667,25.166],[90.666,25.166],[90.666,25.166],[90.666,25.167],[90.666,25.168],[90.666,25.169],[90.666,25.169],[90.666,25.17],[90.666,25.17],[90.666,25.171],[90.666,25.171],[90.666,25.172],[90.664,25.173],[90.664,25.173],[90.664,25.174],[90.665,25.175],[90.665,25.177],[90.664,25.177],[90.664,25.178],[90.663,25.179],[90.664,25.18],[90.665,25.181],[90.665,25.182],[90.665,25.183],[90.665,25.185],[90.664,25.186],[90.663,25.186],[90.664,25.187],[90.663,25.19],[90.664,25.192],[90.664,25.197],[90.662,25.194],[90.661,25.19],[90.66,25.188],[90.656,25.185],[90.656,25.187],[90.656,25.188],[90.656,25.188],[90.655,25.189],[90.655,25.19],[90.655,25.191],[90.655,25.191],[90.655,25.192],[90.654,25.192],[90.653,25.193],[90.653,25.194],[90.651,25.195],[90.649,25.193],[90.65,25.188],[90.651,25.185],[90.647,25.181],[90.645,25.182],[90.644,25.182],[90.643,25.183],[90.641,25.184],[90.64,25.183],[90.639,25.18],[90.642,25.177],[90.641,25.175],[90.636,25.176],[90.633,25.174],[90.629,25.174],[90.627,25.173],[90.627,25.172],[90.626,25.173],[90.624,25.174],[90.621,25.174],[90.619,25.173],[90.617,25.174],[90.616,25.176],[90.616,25.177],[90.616,25.177],[90.615,25.176],[90.614,25.174],[90.613,25.174],[90.613,25.176],[90.612,25.177],[90.611,25.178],[90.61,25.178],[90.609,25.178],[90.608,25.178],[90.605,25.177],[90.605,25.175],[90.605,25.175],[90.602,25.175],[90.601,25.175],[90.599,25.176],[90.598,25.177],[90.594,25.176],[90.591,25.176],[90.588,25.176],[90.586,25.175],[90.585,25.174],[90.585,25.174],[90.585,25.174],[90.584,25.174],[90.584,25.174],[90.584,25.174],[90.583,25.173],[90.583,25.173],[90.583,25.175],[90.582,25.175],[90.582,25.174],[90.582,25.174],[90.581,25.174],[90.58,25.174],[90.58,25.174],[90.578,25.174],[90.577,25.173],[90.574,25.172],[90.571,25.174],[90.561,25.172],[90.556,25.173],[90.551,25.175],[90.544,25.174],[90.538,25.175],[90.536,25.173],[90.535,25.174],[90.535,25.174],[90.534,25.174],[90.526,25.174],[90.512,25.175],[90.511,25.175],[90.511,25.175],[90.51,25.176],[90.51,25.176],[90.509,25.177],[90.509,25.176],[90.509,25.174],[90.51,25.171],[90.505,25.171],[90.503,25.171],[90.501,25.172],[90.499,25.172],[90.499,25.17],[90.499,25.169],[90.498,25.168],[90.495,25.167],[90.495,25.167],[90.494,25.166],[90.493,25.166],[90.492,25.166],[90.489,25.165],[90.488,25.164],[90.487,25.163],[90.486,25.161],[90.484,25.161],[90.479,25.159],[90.477,25.159],[90.474,25.158],[90.47,25.156],[90.464,25.155],[90.453,25.153],[90.449,25.145],[90.436,25.147],[90.423,25.15],[90.417,25.15],[90.411,25.156],[90.395,25.16],[90.387,25.162],[90.374,25.162],[90.36,25.17],[90.351,25.176],[90.339,25.186],[90.326,25.193],[90.31,25.189],[90.3,25.191],[90.297,25.192],[90.29,25.194],[90.283,25.195],[90.268,25.199],[90.258,25.198],[90.255,25.2],[90.25,25.2],[90.248,25.2],[90.246,25.202],[90.242,25.203],[90.24,25.203],[90.238,25.204],[90.235,25.204],[90.232,25.205],[90.229,25.204],[90.228,25.203],[90.226,25.201],[90.221,25.206],[90.218,25.206],[90.213,25.206],[90.206,25.21],[90.195,25.211],[90.185,25.217],[90.148,25.224],[90.123,25.225],[90.112,25.226],[90.102,25.232],[90.096,25.236],[90.086,25.239],[90.074,25.244],[90.06,25.255],[90.045,25.261],[90.033,25.263],[90.019,25.272],[90.006,25.28],[89.996,25.277],[89.981,25.281],[89.974,25.299],[89.964,25.302],[89.95,25.295],[89.946,25.298],[89.941,25.302],[89.932,25.301],[89.923,25.304],[89.918,25.305],[89.904,25.307],[89.902,25.305],[89.901,25.305],[89.901,25.305],[89.9,25.305],[89.899,25.305],[89.899,25.305],[89.899,25.304],[89.899,25.304],[89.899,25.303],[89.898,25.303],[89.897,25.302],[89.897,25.302],[89.896,25.302],[89.896,25.301],[89.895,25.3],[89.895,25.299],[89.895,25.298],[89.894,25.298],[89.894,25.298],[89.893,25.298],[89.892,25.295],[89.887,25.292],[89.885,25.288],[89.876,25.285],[89.873,25.287],[89.862,25.287],[89.855,25.288],[89.848,25.289],[89.845,25.292],[89.835,25.295],[89.831,25.296],[89.838,25.304],[89.841,25.31],[89.841,25.312],[89.841,25.316],[89.84,25.319],[89.838,25.324],[89.836,25.327],[89.833,25.331],[89.832,25.334],[89.831,25.335],[89.83,25.337],[89.828,25.342],[89.828,25.344],[89.826,25.347],[89.824,25.348],[89.823,25.35],[89.822,25.352],[89.821,25.356],[89.821,25.363],[89.821,25.369],[89.821,25.373],[89.821,25.376],[89.82,25.381],[89.82,25.383],[89.822,25.386],[89.824,25.389],[89.824,25.393],[89.825,25.396],[89.827,25.404],[89.826,25.407],[89.825,25.41],[89.827,25.418],[89.828,25.422],[89.83,25.428],[89.831,25.432],[89.833,25.437],[89.834,25.441],[89.835,25.443],[89.836,25.445],[89.84,25.452],[89.841,25.453],[89.842,25.455],[89.843,25.457],[89.845,25.459],[89.847,25.461],[89.85,25.464],[89.851,25.465],[89.852,25.466],[89.852,25.467],[89.852,25.467],[89.852,25.467],[89.852,25.468],[89.852,25.47],[89.852,25.473],[89.85,25.474],[89.849,25.474],[89.849,25.477],[89.85,25.479],[89.849,25.482],[89.85,25.483],[89.85,25.484],[89.85,25.485],[89.85,25.486],[89.85,25.486],[89.85,25.487],[89.849,25.489],[89.849,25.491],[89.849,25.492],[89.849,25.493],[89.851,25.494],[89.852,25.494],[89.853,25.495],[89.855,25.497],[89.855,25.499],[89.854,25.5],[89.854,25.502],[89.854,25.503],[89.856,25.504],[89.857,25.505],[89.858,25.507],[89.859,25.511],[89.86,25.516],[89.86,25.517],[89.86,25.519],[89.859,25.52],[89.858,25.522],[89.857,25.525],[89.855,25.53],[89.854,25.534],[89.853,25.536],[89.852,25.537],[89.851,25.539],[89.853,25.539],[89.855,25.54],[89.857,25.541],[89.858,25.541],[89.859,25.542],[89.861,25.543],[89.863,25.543],[89.864,25.544],[89.866,25.546],[89.866,25.549],[89.866,25.552],[89.866,25.554],[89.866,25.557],[89.867,25.56],[89.867,25.562],[89.867,25.563],[89.868,25.565],[89.869,25.566],[89.87,25.568],[89.871,25.569],[89.873,25.569],[89.873,25.57],[89.873,25.573],[89.873,25.574],[89.873,25.575],[89.874,25.577],[89.875,25.579],[89.876,25.581],[89.876,25.583],[89.875,25.584],[89.874,25.586],[89.874,25.587],[89.873,25.588],[89.874,25.589],[89.874,25.59],[89.875,25.593],[89.875,25.594],[89.876,25.596],[89.878,25.6],[89.879,25.602],[89.88,25.606],[89.88,25.608],[89.88,25.61],[89.881,25.615],[89.882,25.625],[89.881,25.632],[89.879,25.638],[89.877,25.644],[89.875,25.651],[89.873,25.657],[89.871,25.662],[89.867,25.663],[89.863,25.666],[89.86,25.672],[89.858,25.68],[89.853,25.685],[89.851,25.689],[89.849,25.692],[89.847,25.695],[89.848,25.698],[89.849,25.7],[89.849,25.702],[89.851,25.704],[89.851,25.706],[89.852,25.707],[89.852,25.709],[89.851,25.711],[89.849,25.714],[89.845,25.715],[89.837,25.715],[89.835,25.717],[89.832,25.722],[89.83,25.727],[89.827,25.734],[89.827,25.74],[89.83,25.744],[89.834,25.748],[89.838,25.754],[89.839,25.757],[89.841,25.759],[89.841,25.761],[89.84,25.768],[89.84,25.77],[89.839,25.773],[89.838,25.776],[89.834,25.782],[89.834,25.788],[89.833,25.789],[89.831,25.791],[89.831,25.792],[89.831,25.794],[89.829,25.797],[89.829,25.798],[89.829,25.801],[89.827,25.808],[89.819,25.814],[89.817,25.818],[89.826,25.832],[89.834,25.84],[89.834,25.854],[89.835,25.859],[89.832,25.871],[89.839,25.877],[89.84,25.879],[89.842,25.881],[89.849,25.888],[89.849,25.893],[89.851,25.894],[89.855,25.898],[89.858,25.901],[89.861,25.907],[89.864,25.909],[89.876,25.922],[89.879,25.926],[89.881,25.935],[89.883,25.939],[89.886,25.945],[89.878,25.947],[89.869,25.945],[89.865,25.944],[89.856,25.944],[89.852,25.943],[89.846,25.941],[89.84,25.942],[89.84,25.944],[89.829,25.946],[89.825,25.947],[89.825,25.951],[89.829,25.955],[89.833,25.955],[89.836,25.953],[89.846,25.95],[89.846,25.957],[89.846,25.959],[89.844,25.961],[89.843,25.964],[89.838,25.966],[89.842,25.97],[89.844,25.971],[89.848,25.971],[89.853,25.969],[89.856,25.969],[89.859,25.969],[89.863,25.972],[89.867,25.972],[89.869,25.973],[89.872,25.974],[89.873,25.977],[89.871,25.979],[89.871,25.979],[89.871,25.98],[89.871,25.981],[89.87,25.982],[89.869,25.981],[89.868,25.98],[89.867,25.98],[89.866,25.982],[89.864,25.984],[89.861,25.986],[89.858,25.987],[89.852,25.989],[89.851,25.99],[89.85,25.99],[89.85,25.991],[89.848,25.994],[89.847,25.997],[89.847,26.0],[89.846,26.003],[89.844,26.006],[89.838,26.01],[89.834,26.011],[89.831,26.005],[89.833,25.997],[89.834,25.99],[89.837,25.985],[89.836,25.982],[89.832,25.983],[89.829,25.984],[89.828,25.984],[89.826,25.984],[89.824,25.985],[89.822,25.986],[89.821,25.987],[89.82,25.988],[89.819,25.989],[89.818,25.991],[89.817,25.992],[89.817,25.993],[89.816,25.994],[89.816,25.995],[89.815,25.997],[89.815,25.998],[89.816,25.998],[89.817,25.997],[89.818,25.996],[89.819,25.996],[89.82,25.997],[89.82,25.998],[89.821,25.999],[89.82,26.0],[89.819,26.002],[89.819,26.003],[89.819,26.004],[89.82,26.005],[89.82,26.007],[89.821,26.008],[89.822,26.009],[89.822,26.01],[89.821,26.011],[89.82,26.013],[89.819,26.015],[89.817,26.017],[89.816,26.017],[89.815,26.019],[89.815,26.02],[89.816,26.022],[89.816,26.023],[89.817,26.024],[89.818,26.024],[89.819,26.025],[89.819,26.026],[89.817,26.028],[89.815,26.03],[89.814,26.031],[89.813,26.033],[89.812,26.039],[89.811,26.042],[89.808,26.044],[89.806,26.045],[89.804,26.042],[89.804,26.041],[89.804,26.04],[89.803,26.036],[89.802,26.033],[89.801,26.03],[89.797,26.024],[89.796,26.022],[89.796,26.022],[89.794,26.02],[89.791,26.018],[89.79,26.018],[89.789,26.018],[89.788,26.02],[89.788,26.021],[89.789,26.022],[89.791,26.022],[89.793,26.023],[89.793,26.024],[89.793,26.026],[89.793,26.028],[89.795,26.029],[89.798,26.031],[89.799,26.035],[89.801,26.037],[89.802,26.039],[89.802,26.04],[89.799,26.042],[89.794,26.043],[89.793,26.042],[89.792,26.04],[89.793,26.037],[89.793,26.035],[89.791,26.034],[89.789,26.034],[89.787,26.037],[89.789,26.039],[89.789,26.04],[89.785,26.041],[89.78,26.041],[89.778,26.037],[89.775,26.036],[89.774,26.039],[89.776,26.042],[89.78,26.045],[89.781,26.045],[89.783,26.046],[89.785,26.048],[89.787,26.048],[89.788,26.048],[89.789,26.049],[89.788,26.05],[89.786,26.051],[89.785,26.052],[89.785,26.054],[89.785,26.055],[89.785,26.057],[89.788,26.057],[89.79,26.057],[89.791,26.057],[89.793,26.058],[89.796,26.058],[89.796,26.059],[89.797,26.06],[89.798,26.059],[89.799,26.059],[89.799,26.061],[89.798,26.061],[89.798,26.062],[89.798,26.063],[89.798,26.063],[89.798,26.064],[89.798,26.065],[89.797,26.064],[89.796,26.064],[89.795,26.065],[89.796,26.066],[89.797,26.066],[89.798,26.066],[89.797,26.068],[89.797,26.069],[89.797,26.07],[89.796,26.071],[89.795,26.073],[89.796,26.074],[89.796,26.076],[89.796,26.077],[89.795,26.077],[89.794,26.077],[89.791,26.075],[89.791,26.078],[89.792,26.08],[89.795,26.083],[89.795,26.086],[89.794,26.089],[89.789,26.089],[89.786,26.084],[89.781,26.084],[89.782,26.087],[89.782,26.09],[89.783,26.092],[89.783,26.094],[89.785,26.096],[89.784,26.099],[89.782,26.098],[89.783,26.101],[89.784,26.101],[89.786,26.101],[89.785,26.103],[89.785,26.104],[89.784,26.106],[89.782,26.106],[89.781,26.106],[89.779,26.108],[89.778,26.108],[89.777,26.106],[89.775,26.106],[89.772,26.105],[89.769,26.106],[89.768,26.108],[89.766,26.109],[89.763,26.11],[89.76,26.109],[89.758,26.108],[89.756,26.11],[89.755,26.113],[89.756,26.114],[89.757,26.115],[89.759,26.117],[89.761,26.119],[89.762,26.122],[89.765,26.125],[89.766,26.13],[89.766,26.132],[89.764,26.135],[89.762,26.138],[89.759,26.139],[89.755,26.139],[89.756,26.142],[89.755,26.143],[89.754,26.148],[89.753,26.149],[89.75,26.153],[89.748,26.157],[89.743,26.159],[89.739,26.159],[89.737,26.159],[89.735,26.159],[89.731,26.158],[89.727,26.158],[89.722,26.157],[89.72,26.156],[89.721,26.159],[89.72,26.162],[89.719,26.164],[89.719,26.166],[89.717,26.166],[89.717,26.167],[89.717,26.168],[89.715,26.169],[89.713,26.168],[89.712,26.166],[89.711,26.164],[89.71,26.162],[89.711,26.16],[89.709,26.155],[89.704,26.153],[89.701,26.154],[89.699,26.156],[89.697,26.158],[89.692,26.16],[89.688,26.161],[89.683,26.163],[89.681,26.164],[89.681,26.165],[89.682,26.167],[89.684,26.17],[89.688,26.17],[89.692,26.17],[89.697,26.17],[89.701,26.172],[89.701,26.174],[89.696,26.175],[89.691,26.179],[89.687,26.183],[89.685,26.186],[89.683,26.191],[89.682,26.193],[89.682,26.194],[89.683,26.196],[89.686,26.198],[89.683,26.199],[89.682,26.198],[89.68,26.198],[89.678,26.197],[89.675,26.199],[89.673,26.202],[89.673,26.203],[89.673,26.205],[89.674,26.206],[89.675,26.207],[89.676,26.209],[89.678,26.21],[89.68,26.21],[89.683,26.208],[89.685,26.207],[89.686,26.207],[89.688,26.209],[89.689,26.211],[89.691,26.211],[89.692,26.212],[89.692,26.213],[89.69,26.213],[89.688,26.211],[89.686,26.209],[89.684,26.209],[89.683,26.21],[89.682,26.211],[89.681,26.213],[89.679,26.215],[89.679,26.218],[89.679,26.22],[89.679,26.222],[89.68,26.223],[89.681,26.222],[89.683,26.221],[89.686,26.22],[89.688,26.22],[89.689,26.221],[89.689,26.222],[89.689,26.223],[89.687,26.223],[89.686,26.223],[89.684,26.223],[89.684,26.224],[89.684,26.224],[89.686,26.225],[89.687,26.226],[89.686,26.227],[89.687,26.229],[89.686,26.231],[89.684,26.228],[89.683,26.227],[89.682,26.227],[89.681,26.229],[89.681,26.231],[89.68,26.233],[89.68,26.235],[89.68,26.238],[89.679,26.238],[89.679,26.238],[89.678,26.237],[89.678,26.235],[89.676,26.233],[89.675,26.232],[89.674,26.232],[89.673,26.23],[89.673,26.229],[89.672,26.229],[89.672,26.227],[89.672,26.226],[89.673,26.225],[89.672,26.224],[89.672,26.222],[89.673,26.221],[89.672,26.221],[89.671,26.22],[89.666,26.221],[89.665,26.22],[89.663,26.22],[89.662,26.219],[89.66,26.22],[89.658,26.219],[89.655,26.22],[89.652,26.221],[89.65,26.221],[89.648,26.224],[89.646,26.225],[89.645,26.226],[89.643,26.226],[89.64,26.226],[89.64,26.227],[89.638,26.228],[89.638,26.229],[89.635,26.229],[89.634,26.228],[89.634,26.225],[89.635,26.223],[89.634,26.219],[89.633,26.218],[89.635,26.217],[89.636,26.217],[89.635,26.215],[89.633,26.212],[89.638,26.21],[89.638,26.205],[89.638,26.204],[89.639,26.203],[89.639,26.202],[89.639,26.2],[89.64,26.199],[89.642,26.198],[89.643,26.197],[89.644,26.196],[89.646,26.195],[89.648,26.193],[89.649,26.191],[89.648,26.19],[89.648,26.189],[89.647,26.188],[89.646,26.189],[89.646,26.189],[89.646,26.188],[89.647,26.186],[89.647,26.185],[89.645,26.185],[89.643,26.185],[89.642,26.186],[89.641,26.187],[89.639,26.187],[89.638,26.188],[89.638,26.19],[89.635,26.19],[89.635,26.192],[89.636,26.193],[89.634,26.195],[89.634,26.196],[89.629,26.194],[89.631,26.191],[89.631,26.19],[89.627,26.188],[89.628,26.184],[89.629,26.183],[89.63,26.183],[89.631,26.183],[89.632,26.182],[89.633,26.181],[89.634,26.18],[89.635,26.18],[89.637,26.18],[89.639,26.179],[89.64,26.182],[89.642,26.182],[89.644,26.183],[89.646,26.182],[89.647,26.181],[89.648,26.18],[89.65,26.18],[89.653,26.181],[89.654,26.182],[89.656,26.181],[89.656,26.179],[89.657,26.178],[89.658,26.177],[89.658,26.176],[89.656,26.174],[89.655,26.173],[89.655,26.172],[89.655,26.17],[89.654,26.17],[89.653,26.17],[89.652,26.171],[89.651,26.171],[89.651,26.17],[89.65,26.17],[89.651,26.169],[89.651,26.169],[89.65,26.168],[89.649,26.166],[89.648,26.164],[89.646,26.165],[89.645,26.166],[89.642,26.166],[89.64,26.167],[89.638,26.168],[89.638,26.169],[89.638,26.171],[89.638,26.172],[89.636,26.172],[89.633,26.172],[89.632,26.172],[89.632,26.174],[89.633,26.174],[89.635,26.175],[89.636,26.176],[89.637,26.177],[89.637,26.178],[89.634,26.179],[89.633,26.18],[89.632,26.18],[89.63,26.179],[89.629,26.178],[89.628,26.178],[89.626,26.176],[89.626,26.176],[89.625,26.174],[89.624,26.171],[89.622,26.172],[89.622,26.173],[89.623,26.173],[89.623,26.175],[89.623,26.176],[89.623,26.177],[89.624,26.179],[89.619,26.18],[89.615,26.177],[89.613,26.177],[89.612,26.178],[89.612,26.178],[89.61,26.179],[89.61,26.18],[89.609,26.181],[89.609,26.18],[89.608,26.179],[89.608,26.179],[89.608,26.178],[89.609,26.177],[89.61,26.176],[89.612,26.176],[89.614,26.176],[89.615,26.174],[89.615,26.173],[89.614,26.173],[89.613,26.174],[89.612,26.175],[89.611,26.174],[89.612,26.171],[89.611,26.169],[89.613,26.168],[89.614,26.168],[89.617,26.169],[89.619,26.168],[89.619,26.167],[89.616,26.166],[89.614,26.166],[89.614,26.166],[89.614,26.164],[89.613,26.162],[89.611,26.162],[89.61,26.161],[89.61,26.16],[89.609,26.159],[89.608,26.159],[89.608,26.158],[89.611,26.158],[89.611,26.158],[89.611,26.157],[89.611,26.155],[89.61,26.154],[89.609,26.153],[89.608,26.154],[89.607,26.155],[89.608,26.157],[89.607,26.158],[89.606,26.158],[89.605,26.159],[89.605,26.159],[89.604,26.158],[89.605,26.157],[89.605,26.156],[89.604,26.156],[89.603,26.157],[89.601,26.158],[89.6,26.16],[89.6,26.16],[89.6,26.161],[89.599,26.161],[89.597,26.16],[89.596,26.16],[89.594,26.16],[89.593,26.158],[89.592,26.158],[89.591,26.158],[89.592,26.157],[89.594,26.156],[89.595,26.156],[89.596,26.156],[89.597,26.155],[89.598,26.153],[89.598,26.152],[89.598,26.151],[89.597,26.15],[89.597,26.15],[89.597,26.149],[89.598,26.147],[89.598,26.145],[89.597,26.143],[89.596,26.142],[89.595,26.14],[89.598,26.139],[89.598,26.137],[89.597,26.136],[89.596,26.135],[89.597,26.135],[89.598,26.134],[89.599,26.132],[89.601,26.129],[89.602,26.127],[89.603,26.128],[89.605,26.128],[89.606,26.127],[89.607,26.125],[89.607,26.124],[89.607,26.123],[89.606,26.122],[89.605,26.123],[89.605,26.124],[89.604,26.124],[89.603,26.123],[89.603,26.122],[89.601,26.123],[89.602,26.122],[89.603,26.119],[89.604,26.118],[89.605,26.117],[89.607,26.118],[89.608,26.119],[89.608,26.12],[89.609,26.121],[89.609,26.122],[89.609,26.124],[89.61,26.126],[89.612,26.128],[89.613,26.128],[89.613,26.127],[89.614,26.125],[89.615,26.124],[89.615,26.124],[89.616,26.122],[89.617,26.121],[89.619,26.12],[89.62,26.12],[89.622,26.122],[89.622,26.124],[89.622,26.126],[89.622,26.126],[89.623,26.127],[89.623,26.127],[89.624,26.128],[89.624,26.128],[89.625,26.129],[89.626,26.129],[89.626,26.129],[89.626,26.128],[89.627,26.128],[89.627,26.127],[89.628,26.127],[89.628,26.126],[89.629,26.125],[89.629,26.125],[89.629,26.124],[89.629,26.122],[89.63,26.12],[89.63,26.119],[89.629,26.117],[89.628,26.115],[89.626,26.113],[89.624,26.112],[89.621,26.111],[89.619,26.109],[89.618,26.108],[89.617,26.107],[89.615,26.107],[89.613,26.107],[89.612,26.108],[89.611,26.108],[89.609,26.109],[89.608,26.108],[89.606,26.106],[89.605,26.107],[89.604,26.108],[89.604,26.109],[89.603,26.109],[89.603,26.112],[89.601,26.112],[89.6,26.113],[89.598,26.113],[89.598,26.109],[89.6,26.109],[89.601,26.108],[89.599,26.108],[89.597,26.108],[89.596,26.107],[89.598,26.107],[89.6,26.107],[89.601,26.106],[89.6,26.103],[89.6,26.103],[89.599,26.104],[89.597,26.104],[89.595,26.104],[89.594,26.103],[89.594,26.102],[89.595,26.101],[89.595,26.1],[89.596,26.099],[89.598,26.097],[89.599,26.097],[89.602,26.096],[89.603,26.095],[89.604,26.095],[89.606,26.094],[89.607,26.092],[89.607,26.09],[89.608,26.089],[89.609,26.089],[89.61,26.09],[89.61,26.092],[89.609,26.093],[89.609,26.094],[89.609,26.096],[89.611,26.097],[89.613,26.096],[89.615,26.095],[89.616,26.094],[89.617,26.095],[89.616,26.097],[89.615,26.1],[89.613,26.101],[89.613,26.103],[89.614,26.104],[89.616,26.104],[89.617,26.104],[89.619,26.102],[89.62,26.101],[89.621,26.101],[89.623,26.102],[89.623,26.104],[89.623,26.105],[89.623,26.107],[89.624,26.108],[89.626,26.109],[89.629,26.108],[89.63,26.107],[89.631,26.105],[89.632,26.104],[89.632,26.102],[89.634,26.101],[89.636,26.099],[89.636,26.098],[89.635,26.098],[89.634,26.098],[89.633,26.098],[89.632,26.097],[89.633,26.096],[89.633,26.095],[89.633,26.094],[89.635,26.093],[89.637,26.092],[89.639,26.092],[89.64,26.09],[89.639,26.09],[89.638,26.09],[89.637,26.089],[89.637,26.087],[89.637,26.086],[89.636,26.086],[89.636,26.086],[89.635,26.085],[89.634,26.083],[89.634,26.081],[89.634,26.08],[89.635,26.079],[89.636,26.077],[89.636,26.076],[89.638,26.075],[89.64,26.074],[89.641,26.074],[89.643,26.072],[89.645,26.071],[89.647,26.07],[89.648,26.069],[89.649,26.068],[89.649,26.067],[89.65,26.066],[89.65,26.064],[89.65,26.062],[89.649,26.062],[89.648,26.062],[89.647,26.062],[89.646,26.063],[89.644,26.063],[89.643,26.063],[89.641,26.062],[89.639,26.062],[89.637,26.061],[89.636,26.061],[89.635,26.061],[89.634,26.062],[89.632,26.063],[89.631,26.063],[89.629,26.062],[89.628,26.061],[89.628,26.06],[89.628,26.058],[89.626,26.058],[89.625,26.057],[89.624,26.057],[89.623,26.055],[89.621,26.054],[89.62,26.054],[89.617,26.054],[89.616,26.056],[89.616,26.057],[89.617,26.058],[89.618,26.06],[89.618,26.06],[89.617,26.06],[89.615,26.06],[89.612,26.059],[89.611,26.06],[89.61,26.061],[89.61,26.062],[89.609,26.063],[89.609,26.064],[89.608,26.065],[89.607,26.065],[89.606,26.064],[89.605,26.063],[89.605,26.061],[89.606,26.06],[89.607,26.059],[89.607,26.058],[89.609,26.058],[89.611,26.058],[89.613,26.057],[89.613,26.056],[89.613,26.055],[89.613,26.054],[89.611,26.051],[89.609,26.05],[89.606,26.049],[89.604,26.049],[89.602,26.047],[89.601,26.046],[89.6,26.045],[89.599,26.044],[89.596,26.045],[89.592,26.044],[89.594,26.043],[89.594,26.041],[89.596,26.041],[89.597,26.04],[89.597,26.039],[89.597,26.038],[89.596,26.037],[89.596,26.036],[89.595,26.035],[89.594,26.036],[89.592,26.035],[89.591,26.036],[89.591,26.036],[89.591,26.037],[89.59,26.037],[89.59,26.038],[89.59,26.039],[89.589,26.039],[89.587,26.038],[89.587,26.036],[89.585,26.034],[89.584,26.033],[89.583,26.031],[89.583,26.03],[89.585,26.028],[89.585,26.027],[89.585,26.026],[89.583,26.024],[89.583,26.025],[89.581,26.026],[89.579,26.026],[89.579,26.024],[89.579,26.022],[89.578,26.021],[89.579,26.02],[89.579,26.019],[89.579,26.016],[89.58,26.016],[89.581,26.014],[89.581,26.012],[89.582,26.011],[89.581,26.01],[89.579,26.009],[89.579,26.007],[89.581,26.006],[89.581,26.006],[89.58,26.005],[89.581,26.004],[89.581,26.003],[89.58,26.002],[89.582,26.002],[89.584,26.0],[89.584,25.999],[89.585,25.997],[89.586,25.995],[89.586,25.994],[89.586,25.993],[89.585,25.992],[89.583,25.99],[89.584,25.987],[89.585,25.986],[89.585,25.985],[89.585,25.983],[89.586,25.982],[89.586,25.982],[89.587,25.981],[89.586,25.979],[89.585,25.979],[89.585,25.979],[89.586,25.977],[89.585,25.976],[89.584,25.976],[89.584,25.977],[89.584,25.978],[89.582,25.979],[89.579,25.979],[89.577,25.978],[89.576,25.979],[89.576,25.982],[89.575,25.981],[89.573,25.979],[89.573,25.978],[89.574,25.978],[89.576,25.978],[89.576,25.978],[89.576,25.977],[89.577,25.976],[89.578,25.973],[89.578,25.971],[89.578,25.97],[89.577,25.969],[89.575,25.968],[89.572,25.968],[89.57,25.968],[89.568,25.969],[89.567,25.971],[89.568,25.974],[89.568,25.977],[89.568,25.979],[89.566,25.98],[89.564,25.979],[89.563,25.978],[89.563,25.977],[89.563,25.975],[89.564,25.973],[89.563,25.973],[89.563,25.972],[89.563,25.971],[89.561,25.97],[89.558,25.97],[89.558,25.967],[89.556,25.965],[89.553,25.966],[89.55,25.966],[89.548,25.968],[89.546,25.968],[89.543,25.969],[89.54,25.97],[89.538,25.973],[89.538,25.975],[89.538,25.977],[89.539,25.979],[89.54,25.98],[89.541,25.982],[89.541,25.983],[89.539,25.985],[89.537,25.985],[89.535,25.988],[89.536,25.988],[89.535,25.989],[89.536,25.99],[89.537,25.991],[89.537,25.992],[89.538,25.994],[89.538,25.994],[89.54,25.995],[89.542,25.996],[89.544,25.997],[89.545,25.997],[89.548,25.998],[89.547,26.0],[89.547,26.0],[89.546,26.0],[89.545,26.001],[89.545,26.002],[89.544,26.003],[89.543,26.004],[89.542,26.004],[89.54,26.006],[89.537,26.007],[89.536,26.006],[89.535,26.006],[89.534,26.005],[89.537,26.005],[89.537,26.006],[89.539,26.005],[89.539,26.004],[89.539,26.003],[89.538,26.003],[89.538,26.002],[89.537,26.003],[89.536,26.004],[89.535,26.003],[89.534,26.004],[89.533,26.004],[89.531,26.005],[89.53,26.006],[89.529,26.006],[89.527,26.006],[89.525,26.007],[89.524,26.006],[89.522,26.005],[89.521,26.007],[89.521,26.008],[89.518,26.009],[89.516,26.009],[89.514,26.008],[89.511,26.004],[89.511,26.003],[89.507,26.002],[89.504,26.002],[89.5,26.003],[89.499,26.003],[89.498,26.003],[89.496,26.003],[89.493,26.005],[89.492,26.005],[89.491,26.006],[89.491,26.005],[89.491,26.004],[89.49,26.004],[89.488,26.001],[89.487,26.0],[89.485,25.999],[89.483,25.998],[89.481,25.997],[89.478,25.997],[89.475,25.998],[89.467,25.998],[89.462,25.999],[89.46,26.0],[89.458,26.0],[89.456,26.002],[89.454,26.004],[89.451,26.006],[89.449,26.007],[89.448,26.008],[89.445,26.009],[89.439,26.009],[89.436,26.01],[89.431,26.011],[89.429,26.012],[89.427,26.013],[89.427,26.015],[89.427,26.015],[89.427,26.016],[89.428,26.015],[89.428,26.015],[89.428,26.015],[89.427,26.018],[89.427,26.02],[89.428,26.021],[89.429,26.024],[89.432,26.027],[89.434,26.032],[89.433,26.038],[89.43,26.044],[89.429,26.044],[89.427,26.045],[89.425,26.046],[89.424,26.047],[89.424,26.047],[89.423,26.047],[89.423,26.046],[89.422,26.044],[89.419,26.042],[89.416,26.042],[89.41,26.041],[89.409,26.041],[89.408,26.041],[89.407,26.041],[89.407,26.041],[89.408,26.04],[89.408,26.04],[89.408,26.039],[89.407,26.039],[89.407,26.038],[89.407,26.037],[89.407,26.037],[89.408,26.036],[89.406,26.036],[89.406,26.035],[89.405,26.035],[89.405,26.034],[89.405,26.033],[89.406,26.033],[89.407,26.033],[89.407,26.031],[89.406,26.03],[89.404,26.031],[89.404,26.03],[89.403,26.028],[89.403,26.027],[89.401,26.026],[89.398,26.026],[89.397,26.025],[89.396,26.025],[89.394,26.023],[89.391,26.023],[89.39,26.02],[89.392,26.018],[89.393,26.016],[89.393,26.015],[89.395,26.014],[89.394,26.013],[89.393,26.01],[89.393,26.009],[89.393,26.007],[89.393,26.006],[89.392,26.008],[89.392,26.009],[89.39,26.009],[89.39,26.008],[89.389,26.008],[89.389,26.009],[89.388,26.01],[89.387,26.009],[89.386,26.01],[89.385,26.011],[89.384,26.011],[89.381,26.011],[89.38,26.011],[89.379,26.011],[89.378,26.01],[89.378,26.011],[89.377,26.01],[89.377,26.01],[89.377,26.01],[89.377,26.01],[89.376,26.011],[89.376,26.011],[89.376,26.01],[89.375,26.01],[89.375,26.011],[89.374,26.011],[89.374,26.012],[89.374,26.012],[89.373,26.012],[89.373,26.011],[89.372,26.012],[89.371,26.011],[89.372,26.01],[89.372,26.01],[89.372,26.009],[89.37,26.009],[89.369,26.01],[89.368,26.01],[89.367,26.009],[89.366,26.008],[89.365,26.008],[89.364,26.008],[89.363,26.008],[89.363,26.008],[89.361,26.008],[89.361,26.008],[89.36,26.007],[89.359,26.008],[89.358,26.008],[89.357,26.008],[89.356,26.008],[89.356,26.008],[89.354,26.009],[89.354,26.01],[89.354,26.011],[89.354,26.012],[89.353,26.012],[89.353,26.011],[89.352,26.01],[89.352,26.01],[89.351,26.01],[89.351,26.011],[89.35,26.011],[89.35,26.011],[89.349,26.011],[89.348,26.012],[89.348,26.012],[89.347,26.012],[89.345,26.012],[89.345,26.013],[89.344,26.013],[89.344,26.013],[89.345,26.013],[89.346,26.014],[89.347,26.014],[89.347,26.014],[89.347,26.015],[89.347,26.015],[89.348,26.015],[89.348,26.015],[89.349,26.015],[89.349,26.015],[89.349,26.016],[89.349,26.016],[89.349,26.016],[89.349,26.016],[89.348,26.016],[89.347,26.016],[89.347,26.016],[89.347,26.016],[89.347,26.016],[89.346,26.016],[89.346,26.016],[89.345,26.015],[89.345,26.015],[89.345,26.015],[89.344,26.016],[89.345,26.016],[89.345,26.016],[89.344,26.016],[89.344,26.017],[89.344,26.017],[89.343,26.017],[89.343,26.016],[89.343,26.016],[89.344,26.016],[89.344,26.015],[89.343,26.015],[89.342,26.015],[89.341,26.015],[89.34,26.015],[89.34,26.015],[89.34,26.016],[89.34,26.016],[89.341,26.017],[89.34,26.017],[89.34,26.017],[89.339,26.017],[89.34,26.018],[89.339,26.018],[89.337,26.018],[89.338,26.018],[89.339,26.018],[89.339,26.019],[89.338,26.019],[89.338,26.019],[89.338,26.019],[89.337,26.019],[89.337,26.019],[89.337,26.02],[89.338,26.02],[89.338,26.02],[89.338,26.02],[89.338,26.02],[89.338,26.02],[89.337,26.02],[89.337,26.02],[89.337,26.021],[89.337,26.021],[89.337,26.022],[89.337,26.022],[89.337,26.022],[89.336,26.022],[89.336,26.021],[89.337,26.021],[89.336,26.02],[89.335,26.02],[89.334,26.02],[89.335,26.021],[89.335,26.021],[89.335,26.021],[89.335,26.022],[89.335,26.023],[89.336,26.023],[89.337,26.023],[89.338,26.023],[89.339,26.023],[89.339,26.023],[89.338,26.024],[89.337,26.024],[89.337,26.025],[89.337,26.026],[89.337,26.027],[89.337,26.027],[89.336,26.026],[89.336,26.026],[89.335,26.026],[89.335,26.026],[89.335,26.027],[89.335,26.028],[89.334,26.028],[89.334,26.027],[89.334,26.027],[89.333,26.027],[89.332,26.027],[89.333,26.027],[89.333,26.028],[89.333,26.028],[89.333,26.028],[89.333,26.029],[89.332,26.029],[89.331,26.03],[89.331,26.029],[89.331,26.029],[89.331,26.027],[89.33,26.027],[89.33,26.028],[89.329,26.029],[89.329,26.029],[89.33,26.03],[89.33,26.03],[89.33,26.03],[89.329,26.03],[89.328,26.03],[89.328,26.03],[89.328,26.03],[89.327,26.03],[89.328,26.03],[89.328,26.031],[89.328,26.031],[89.329,26.031],[89.329,26.032],[89.328,26.032],[89.328,26.032],[89.327,26.032],[89.326,26.032],[89.326,26.032],[89.326,26.033],[89.327,26.033],[89.328,26.033],[89.328,26.033],[89.328,26.033],[89.327,26.034],[89.326,26.034],[89.326,26.034],[89.326,26.035],[89.326,26.036],[89.326,26.036],[89.325,26.037],[89.324,26.037],[89.323,26.037],[89.323,26.037],[89.324,26.037],[89.324,26.038],[89.324,26.038],[89.323,26.038],[89.323,26.038],[89.322,26.038],[89.322,26.038],[89.321,26.038],[89.321,26.038],[89.321,26.038],[89.32,26.039],[89.32,26.039],[89.319,26.04],[89.319,26.04],[89.319,26.039],[89.319,26.039],[89.319,26.038],[89.319,26.038],[89.318,26.038],[89.317,26.038],[89.316,26.037],[89.315,26.037],[89.315,26.037],[89.315,26.038],[89.315,26.038],[89.316,26.038],[89.317,26.038],[89.317,26.038],[89.317,26.038],[89.317,26.039],[89.317,26.039],[89.316,26.039],[89.316,26.039],[89.315,26.039],[89.315,26.039],[89.314,26.039],[89.314,26.04],[89.313,26.04],[89.312,26.04],[89.311,26.041],[89.311,26.041],[89.31,26.042],[89.31,26.042],[89.309,26.042],[89.309,26.042],[89.309,26.043],[89.309,26.043],[89.309,26.044],[89.309,26.044],[89.308,26.045],[89.308,26.045],[89.307,26.045],[89.307,26.046],[89.307,26.045],[89.307,26.044],[89.306,26.045],[89.306,26.045],[89.307,26.046],[89.306,26.047],[89.306,26.047],[89.306,26.046],[89.306,26.046],[89.305,26.045],[89.305,26.045],[89.305,26.046],[89.304,26.046],[89.304,26.046],[89.304,26.047],[89.305,26.047],[89.305,26.047],[89.304,26.047],[89.304,26.047],[89.303,26.047],[89.302,26.048],[89.301,26.047],[89.3,26.047],[89.3,26.048],[89.3,26.05],[89.299,26.051],[89.298,26.05],[89.298,26.05],[89.298,26.049],[89.298,26.049],[89.297,26.048],[89.297,26.048],[89.297,26.046],[89.295,26.046],[89.294,26.046],[89.292,26.046],[89.292,26.045],[89.291,26.046],[89.29,26.047],[89.285,26.048],[89.276,26.049],[89.277,26.051],[89.279,26.053],[89.28,26.054],[89.281,26.056],[89.281,26.058],[89.281,26.058],[89.281,26.06],[89.281,26.061],[89.281,26.063],[89.282,26.064],[89.281,26.065],[89.281,26.065],[89.281,26.066],[89.28,26.066],[89.28,26.066],[89.28,26.066],[89.279,26.066],[89.278,26.067],[89.278,26.066],[89.278,26.066],[89.278,26.066],[89.278,26.065],[89.277,26.065],[89.277,26.065],[89.276,26.065],[89.276,26.065],[89.276,26.064],[89.276,26.064],[89.276,26.063],[89.276,26.063],[89.276,26.063],[89.276,26.062],[89.276,26.062],[89.275,26.062],[89.275,26.062],[89.276,26.062],[89.275,26.061],[89.274,26.062],[89.273,26.062],[89.272,26.062],[89.272,26.061],[89.271,26.061],[89.271,26.061],[89.27,26.062],[89.27,26.061],[89.27,26.06],[89.27,26.06],[89.27,26.06],[89.269,26.06],[89.269,26.06],[89.269,26.061],[89.269,26.061],[89.268,26.061],[89.267,26.061],[89.266,26.061],[89.266,26.061],[89.266,26.061],[89.265,26.061],[89.265,26.061],[89.265,26.062],[89.265,26.062],[89.264,26.063],[89.264,26.062],[89.263,26.062],[89.261,26.062],[89.26,26.063],[89.26,26.062],[89.259,26.063],[89.259,26.063],[89.258,26.063],[89.258,26.063],[89.258,26.063],[89.257,26.064],[89.256,26.064],[89.256,26.063],[89.255,26.064],[89.254,26.067],[89.255,26.069],[89.256,26.071],[89.256,26.073],[89.255,26.075],[89.255,26.075],[89.256,26.076],[89.256,26.077],[89.257,26.078],[89.258,26.08],[89.258,26.08],[89.26,26.082],[89.26,26.083],[89.26,26.084],[89.261,26.085],[89.263,26.087],[89.266,26.088],[89.266,26.089],[89.266,26.091],[89.266,26.092],[89.266,26.093],[89.266,26.093],[89.266,26.094],[89.266,26.094],[89.265,26.093],[89.265,26.093],[89.263,26.092],[89.264,26.093],[89.263,26.094],[89.262,26.094],[89.261,26.093],[89.261,26.093],[89.261,26.092],[89.26,26.092],[89.26,26.092],[89.259,26.092],[89.259,26.092],[89.259,26.093],[89.259,26.093],[89.259,26.093],[89.258,26.093],[89.257,26.093],[89.257,26.093],[89.257,26.092],[89.256,26.092],[89.256,26.092],[89.257,26.093],[89.256,26.094],[89.256,26.094],[89.255,26.093],[89.255,26.093],[89.254,26.092],[89.253,26.092],[89.253,26.092],[89.252,26.092],[89.251,26.091],[89.251,26.092],[89.251,26.093],[89.252,26.093],[89.252,26.093],[89.252,26.093],[89.252,26.094],[89.251,26.094],[89.25,26.095],[89.251,26.095],[89.251,26.097],[89.251,26.097],[89.252,26.098],[89.252,26.098],[89.252,26.099],[89.251,26.099],[89.251,26.1],[89.251,26.101],[89.252,26.101],[89.251,26.102],[89.251,26.101],[89.249,26.101],[89.249,26.101],[89.25,26.102],[89.249,26.102],[89.248,26.102],[89.248,26.102],[89.248,26.103],[89.247,26.104],[89.247,26.104],[89.246,26.106],[89.246,26.107],[89.245,26.106],[89.245,26.105],[89.244,26.105],[89.244,26.105],[89.244,26.106],[89.244,26.106],[89.243,26.106],[89.242,26.106],[89.241,26.106],[89.241,26.107],[89.241,26.108],[89.242,26.109],[89.242,26.109],[89.241,26.109],[89.241,26.108],[89.24,26.108],[89.239,26.109],[89.24,26.109],[89.24,26.11],[89.241,26.11],[89.241,26.111],[89.24,26.11],[89.239,26.11],[89.239,26.111],[89.239,26.112],[89.24,26.112],[89.241,26.112],[89.242,26.113],[89.242,26.113],[89.242,26.113],[89.241,26.113],[89.24,26.112],[89.24,26.113],[89.239,26.114],[89.239,26.114],[89.239,26.115],[89.238,26.115],[89.238,26.114],[89.238,26.114],[89.239,26.114],[89.238,26.113],[89.237,26.113],[89.237,26.113],[89.236,26.114],[89.235,26.114],[89.234,26.114],[89.233,26.113],[89.233,26.113],[89.233,26.114],[89.233,26.114],[89.232,26.114],[89.232,26.115],[89.232,26.116],[89.232,26.117],[89.232,26.118],[89.231,26.117],[89.23,26.116],[89.229,26.117],[89.229,26.117],[89.23,26.118],[89.23,26.118],[89.231,26.118],[89.231,26.119],[89.23,26.119],[89.23,26.119],[89.23,26.12],[89.229,26.12],[89.229,26.12],[89.228,26.12],[89.228,26.121],[89.229,26.121],[89.229,26.121],[89.23,26.121],[89.23,26.122],[89.229,26.122],[89.229,26.122],[89.229,26.123],[89.229,26.123],[89.23,26.123],[89.23,26.124],[89.23,26.124],[89.229,26.124],[89.229,26.124],[89.228,26.124],[89.228,26.124],[89.228,26.124],[89.228,26.123],[89.228,26.123],[89.228,26.123],[89.228,26.122],[89.227,26.122],[89.227,26.122],[89.227,26.122],[89.227,26.123],[89.227,26.123],[89.227,26.123],[89.226,26.123],[89.226,26.123],[89.226,26.123],[89.226,26.123],[89.226,26.124],[89.226,26.124],[89.226,26.125],[89.225,26.124],[89.225,26.124],[89.225,26.124],[89.224,26.124],[89.224,26.124],[89.223,26.124],[89.223,26.124],[89.223,26.125],[89.224,26.125],[89.224,26.125],[89.224,26.125],[89.224,26.126],[89.223,26.126],[89.223,26.126],[89.222,26.125],[89.222,26.125],[89.221,26.126],[89.221,26.126],[89.221,26.126],[89.22,26.126],[89.22,26.125],[89.22,26.125],[89.22,26.124],[89.22,26.124],[89.219,26.124],[89.219,26.124],[89.219,26.126],[89.219,26.126],[89.219,26.127],[89.218,26.126],[89.217,26.126],[89.216,26.126],[89.215,26.126],[89.215,26.126],[89.215,26.125],[89.214,26.125],[89.214,26.125],[89.214,26.126],[89.214,26.126],[89.214,26.126],[89.214,26.125],[89.213,26.125],[89.213,26.125],[89.212,26.125],[89.212,26.125],[89.212,26.125],[89.212,26.125],[89.212,26.124],[89.212,26.124],[89.211,26.124],[89.211,26.124],[89.211,26.124],[89.211,26.124],[89.211,26.125],[89.211,26.125],[89.211,26.125],[89.211,26.126],[89.211,26.126],[89.211,26.126],[89.21,26.126],[89.21,26.126],[89.21,26.127],[89.21,26.127],[89.21,26.127],[89.21,26.127],[89.21,26.127],[89.21,26.127],[89.209,26.128],[89.209,26.128],[89.209,26.127],[89.209,26.127],[89.209,26.127],[89.208,26.127],[89.208,26.127],[89.208,26.127],[89.208,26.127],[89.208,26.128],[89.208,26.128],[89.207,26.127],[89.207,26.127],[89.206,26.127],[89.206,26.127],[89.207,26.128],[89.206,26.128],[89.204,26.128],[89.204,26.129],[89.204,26.129],[89.204,26.129],[89.203,26.129],[89.202,26.129],[89.202,26.129],[89.202,26.129],[89.201,26.128],[89.201,26.128],[89.2,26.129],[89.2,26.128],[89.199,26.127],[89.199,26.127],[89.198,26.126],[89.198,26.126],[89.197,26.127],[89.197,26.127],[89.196,26.127],[89.195,26.127],[89.195,26.127],[89.196,26.127],[89.196,26.126],[89.195,26.126],[89.195,26.125],[89.194,26.125],[89.194,26.125],[89.193,26.125],[89.192,26.124],[89.192,26.126],[89.192,26.125],[89.191,26.125],[89.19,26.125],[89.19,26.126],[89.189,26.127],[89.187,26.128],[89.186,26.128],[89.186,26.127],[89.185,26.127],[89.185,26.127],[89.185,26.128],[89.185,26.129],[89.185,26.129],[89.184,26.129],[89.183,26.129],[89.183,26.129],[89.183,26.129],[89.182,26.13],[89.182,26.129],[89.182,26.129],[89.181,26.129],[89.181,26.129],[89.18,26.129],[89.18,26.128],[89.18,26.128],[89.179,26.128],[89.179,26.128],[89.179,26.128],[89.179,26.129],[89.179,26.129],[89.178,26.129],[89.179,26.13],[89.179,26.13],[89.179,26.13],[89.178,26.13],[89.178,26.13],[89.178,26.13],[89.177,26.13],[89.177,26.131],[89.176,26.131],[89.176,26.131],[89.176,26.131],[89.176,26.132],[89.175,26.132],[89.175,26.132],[89.175,26.132],[89.175,26.131],[89.175,26.131],[89.175,26.131],[89.175,26.131],[89.174,26.131],[89.174,26.131],[89.174,26.131],[89.173,26.131],[89.173,26.131],[89.172,26.131],[89.172,26.131],[89.172,26.13],[89.171,26.13],[89.171,26.13],[89.171,26.13],[89.17,26.13],[89.17,26.13],[89.17,26.131],[89.17,26.131],[89.17,26.131],[89.17,26.131],[89.17,26.131],[89.169,26.131],[89.169,26.131],[89.169,26.131],[89.168,26.131],[89.168,26.131],[89.168,26.132],[89.168,26.131],[89.168,26.131],[89.168,26.131],[89.167,26.13],[89.167,26.13],[89.166,26.13],[89.166,26.13],[89.166,26.131],[89.167,26.131],[89.167,26.131],[89.167,26.131],[89.167,26.132],[89.166,26.132],[89.166,26.133],[89.166,26.133],[89.166,26.133],[89.166,26.132],[89.165,26.132],[89.165,26.132],[89.165,26.132],[89.164,26.132],[89.164,26.132],[89.164,26.132],[89.164,26.132],[89.164,26.133],[89.164,26.133],[89.164,26.134],[89.164,26.133],[89.164,26.133],[89.164,26.133],[89.164,26.133],[89.163,26.133],[89.163,26.133],[89.162,26.133],[89.162,26.133],[89.162,26.133],[89.162,26.134],[89.162,26.134],[89.162,26.134],[89.163,26.135],[89.162,26.135],[89.162,26.136],[89.162,26.136],[89.162,26.136],[89.161,26.135],[89.161,26.135],[89.16,26.135],[89.16,26.135],[89.16,26.135],[89.16,26.135],[89.16,26.136],[89.16,26.136],[89.161,26.136],[89.161,26.136],[89.161,26.137],[89.161,26.137],[89.161,26.137],[89.161,26.137],[89.161,26.137],[89.16,26.137],[89.16,26.137],[89.16,26.137],[89.16,26.137],[89.159,26.138],[89.159,26.138],[89.16,26.138],[89.16,26.138],[89.16,26.138],[89.16,26.138],[89.16,26.138],[89.161,26.138],[89.161,26.138],[89.16,26.139],[89.16,26.139],[89.16,26.139],[89.16,26.139],[89.16,26.14],[89.16,26.14],[89.16,26.14],[89.16,26.139],[89.159,26.139],[89.159,26.139],[89.159,26.139],[89.159,26.139],[89.159,26.139],[89.158,26.139],[89.158,26.139],[89.158,26.139],[89.158,26.14],[89.157,26.14],[89.157,26.14],[89.157,26.14],[89.157,26.139],[89.157,26.139],[89.157,26.139],[89.156,26.139],[89.156,26.139],[89.156,26.139],[89.156,26.139],[89.156,26.138],[89.155,26.138],[89.155,26.138],[89.155,26.139],[89.155,26.139],[89.155,26.139],[89.155,26.139],[89.155,26.14],[89.155,26.14],[89.155,26.14],[89.155,26.14],[89.155,26.141],[89.155,26.141],[89.155,26.141],[89.155,26.141],[89.155,26.141],[89.154,26.142],[89.155,26.142],[89.155,26.142],[89.154,26.142],[89.154,26.143],[89.154,26.143],[89.154,26.143],[89.154,26.143],[89.153,26.144],[89.153,26.144],[89.153,26.144],[89.154,26.145],[89.154,26.145],[89.153,26.146],[89.153,26.146],[89.152,26.146],[89.152,26.146],[89.152,26.146],[89.153,26.147],[89.153,26.148],[89.153,26.149],[89.153,26.149],[89.152,26.148],[89.151,26.148],[89.151,26.149],[89.151,26.149],[89.152,26.15],[89.152,26.15],[89.152,26.151],[89.152,26.152],[89.15,26.153],[89.15,26.153],[89.15,26.154],[89.151,26.155],[89.15,26.155],[89.149,26.156],[89.149,26.157],[89.149,26.158],[89.149,26.159],[89.155,26.16],[89.155,26.164],[89.153,26.164],[89.152,26.165],[89.152,26.167],[89.151,26.168],[89.15,26.169],[89.146,26.17],[89.145,26.17],[89.143,26.169],[89.141,26.169],[89.14,26.172],[89.14,26.173],[89.141,26.175],[89.14,26.175],[89.139,26.176],[89.138,26.176],[89.137,26.176],[89.137,26.177],[89.137,26.179],[89.137,26.18],[89.135,26.18],[89.135,26.182],[89.136,26.182],[89.136,26.185],[89.136,26.188],[89.137,26.188],[89.138,26.191],[89.139,26.192],[89.139,26.193],[89.139,26.195],[89.14,26.196],[89.14,26.196],[89.139,26.198],[89.14,26.2],[89.143,26.2],[89.144,26.202],[89.145,26.204],[89.147,26.205],[89.148,26.206],[89.148,26.206],[89.148,26.207],[89.148,26.206],[89.149,26.207],[89.149,26.207],[89.149,26.207],[89.148,26.207],[89.148,26.208],[89.148,26.208],[89.148,26.209],[89.149,26.209],[89.149,26.209],[89.149,26.209],[89.149,26.21],[89.148,26.21],[89.148,26.21],[89.148,26.211],[89.147,26.212],[89.147,26.212],[89.147,26.211],[89.146,26.211],[89.146,26.211],[89.146,26.211],[89.146,26.211],[89.146,26.212],[89.145,26.212],[89.145,26.212],[89.145,26.212],[89.145,26.213],[89.144,26.213],[89.143,26.213],[89.142,26.215],[89.142,26.218],[89.142,26.22],[89.144,26.221],[89.141,26.225],[89.14,26.226],[89.14,26.226],[89.141,26.228],[89.14,26.229],[89.14,26.23],[89.141,26.232],[89.141,26.233],[89.141,26.235],[89.14,26.236],[89.14,26.237],[89.14,26.238],[89.139,26.238],[89.138,26.237],[89.137,26.237],[89.134,26.238],[89.134,26.238],[89.136,26.24],[89.136,26.241],[89.135,26.241],[89.133,26.24],[89.132,26.24],[89.132,26.24],[89.133,26.241],[89.132,26.242],[89.131,26.244],[89.132,26.246],[89.132,26.247],[89.13,26.248],[89.127,26.249],[89.126,26.251],[89.123,26.25],[89.12,26.253],[89.12,26.254],[89.122,26.256],[89.121,26.258],[89.123,26.26],[89.124,26.261],[89.125,26.263],[89.124,26.264],[89.123,26.265],[89.121,26.266],[89.119,26.268],[89.116,26.269],[89.115,26.27],[89.112,26.272],[89.112,26.273],[89.11,26.272],[89.108,26.272],[89.108,26.273],[89.109,26.274],[89.107,26.275],[89.106,26.274],[89.105,26.276],[89.105,26.278],[89.106,26.279],[89.104,26.281],[89.103,26.281],[89.103,26.279],[89.101,26.279],[89.101,26.28],[89.102,26.281],[89.103,26.282],[89.102,26.282],[89.102,26.283],[89.102,26.285],[89.103,26.288],[89.105,26.289],[89.107,26.29],[89.107,26.291],[89.106,26.292],[89.104,26.292],[89.104,26.293],[89.104,26.296],[89.104,26.297],[89.104,26.298],[89.105,26.299],[89.107,26.299],[89.106,26.301],[89.105,26.301],[89.103,26.302],[89.101,26.303],[89.1,26.304],[89.1,26.305],[89.101,26.306],[89.102,26.307],[89.102,26.31],[89.103,26.312],[89.104,26.314],[89.105,26.314],[89.105,26.315],[89.108,26.313],[89.109,26.308],[89.109,26.306],[89.112,26.305],[89.114,26.304],[89.114,26.3],[89.114,26.298],[89.114,26.298],[89.115,26.297],[89.116,26.297],[89.117,26.296],[89.117,26.295],[89.118,26.292],[89.118,26.291],[89.118,26.29],[89.119,26.289],[89.119,26.289],[89.119,26.288],[89.119,26.288],[89.119,26.287],[89.12,26.287],[89.122,26.287],[89.123,26.287],[89.124,26.287],[89.124,26.288],[89.125,26.289],[89.125,26.289],[89.125,26.289],[89.126,26.29],[89.126,26.291],[89.126,26.292],[89.125,26.294],[89.126,26.295],[89.127,26.295],[89.128,26.296],[89.128,26.298],[89.131,26.297],[89.132,26.299],[89.13,26.3],[89.13,26.299],[89.128,26.301],[89.127,26.302],[89.127,26.303],[89.129,26.303],[89.131,26.301],[89.13,26.302],[89.131,26.304],[89.129,26.305],[89.129,26.304],[89.128,26.305],[89.126,26.304],[89.126,26.306],[89.128,26.306],[89.132,26.306],[89.133,26.306],[89.134,26.307],[89.136,26.308],[89.135,26.309],[89.135,26.311],[89.135,26.312],[89.133,26.313],[89.131,26.313],[89.135,26.314],[89.136,26.315],[89.136,26.317],[89.136,26.32],[89.135,26.321],[89.135,26.321],[89.133,26.321],[89.131,26.321],[89.128,26.319],[89.128,26.32],[89.126,26.319],[89.125,26.32],[89.124,26.321],[89.127,26.321],[89.129,26.321],[89.129,26.321],[89.127,26.322],[89.125,26.322],[89.122,26.321],[89.119,26.321],[89.117,26.32],[89.115,26.319],[89.116,26.319],[89.114,26.319],[89.111,26.321],[89.112,26.322],[89.111,26.323],[89.111,26.324],[89.11,26.325],[89.108,26.325],[89.107,26.327],[89.106,26.327],[89.106,26.326],[89.105,26.325],[89.103,26.323],[89.101,26.323],[89.098,26.324],[89.098,26.325],[89.098,26.326],[89.099,26.328],[89.099,26.329],[89.097,26.329],[89.096,26.328],[89.095,26.326],[89.095,26.326],[89.093,26.325],[89.092,26.323],[89.091,26.322],[89.089,26.323],[89.088,26.323],[89.087,26.322],[89.085,26.322],[89.084,26.323],[89.084,26.324],[89.084,26.324],[89.085,26.325],[89.086,26.324],[89.087,26.324],[89.087,26.325],[89.088,26.326],[89.09,26.327],[89.092,26.328],[89.091,26.329],[89.091,26.33],[89.093,26.33],[89.094,26.33],[89.095,26.331],[89.096,26.331],[89.096,26.334],[89.098,26.334],[89.098,26.336],[89.1,26.337],[89.101,26.337],[89.1,26.339],[89.098,26.34],[89.098,26.342],[89.099,26.343],[89.098,26.345],[89.098,26.347],[89.098,26.349],[89.098,26.35],[89.097,26.35],[89.095,26.352],[89.094,26.353],[89.095,26.354],[89.096,26.357],[89.098,26.358],[89.096,26.359],[89.094,26.36],[89.094,26.36],[89.092,26.361],[89.09,26.361],[89.09,26.362],[89.087,26.363],[89.084,26.364],[89.083,26.363],[89.083,26.362],[89.081,26.362],[89.08,26.365],[89.081,26.367],[89.084,26.366],[89.086,26.366],[89.087,26.366],[89.088,26.366],[89.089,26.368],[89.089,26.37],[89.09,26.373],[89.09,26.374],[89.089,26.375],[89.089,26.376],[89.089,26.378],[89.089,26.381],[89.091,26.382],[89.092,26.383],[89.092,26.384],[89.091,26.385],[89.091,26.386],[89.091,26.389],[89.093,26.39],[89.094,26.39],[89.096,26.391],[89.096,26.391],[89.096,26.391],[89.095,26.392],[89.095,26.392],[89.094,26.392],[89.094,26.392],[89.094,26.393],[89.093,26.393],[89.093,26.393],[89.092,26.393],[89.091,26.392],[89.089,26.392],[89.088,26.392],[89.086,26.392],[89.084,26.391],[89.084,26.391],[89.081,26.39],[89.08,26.39],[89.081,26.391],[89.08,26.391],[89.08,26.392],[89.081,26.393],[89.082,26.393],[89.085,26.394],[89.086,26.395],[89.087,26.396],[89.088,26.397],[89.087,26.398],[89.086,26.397],[89.085,26.398],[89.084,26.398],[89.082,26.398],[89.079,26.396],[89.077,26.396],[89.075,26.396],[89.075,26.393],[89.074,26.391],[89.074,26.393],[89.075,26.396],[89.073,26.397],[89.071,26.399],[89.07,26.398],[89.069,26.398],[89.068,26.398],[89.067,26.4],[89.066,26.4],[89.065,26.399],[89.064,26.399],[89.064,26.398],[89.064,26.397],[89.063,26.397],[89.062,26.397],[89.062,26.399],[89.063,26.401],[89.062,26.4],[89.059,26.399],[89.059,26.398],[89.058,26.396],[89.057,26.396],[89.057,26.396],[89.056,26.396],[89.055,26.398],[89.055,26.398],[89.052,26.399],[89.049,26.399],[89.047,26.4],[89.046,26.4],[89.044,26.4],[89.043,26.4],[89.041,26.4],[89.039,26.4],[89.038,26.398],[89.038,26.396],[89.036,26.395],[89.034,26.397],[89.033,26.4],[89.032,26.4],[89.031,26.402],[89.031,26.404],[89.03,26.404],[89.03,26.406],[89.03,26.407],[89.028,26.408],[89.026,26.407],[89.025,26.408],[89.024,26.407],[89.022,26.406],[89.022,26.404],[89.021,26.404],[89.019,26.405],[89.019,26.405],[89.02,26.407],[89.021,26.409],[89.023,26.41],[89.023,26.412],[89.023,26.413],[89.021,26.414],[89.02,26.415],[89.019,26.415],[89.018,26.415],[89.017,26.415],[89.015,26.415],[89.014,26.414],[89.011,26.413],[89.007,26.413],[89.007,26.414],[89.006,26.416],[89.005,26.417],[89.005,26.419],[89.005,26.422],[89.004,26.422],[89.002,26.422],[88.999,26.421],[88.996,26.421],[88.995,26.423],[88.993,26.422],[88.993,26.421],[88.996,26.42],[88.996,26.417],[88.997,26.416],[88.998,26.416],[88.998,26.414],[88.997,26.413],[88.996,26.413],[88.995,26.413],[88.994,26.413],[88.994,26.415],[88.992,26.417],[88.991,26.419],[88.988,26.42],[88.984,26.421],[88.983,26.423],[88.981,26.425],[88.981,26.427],[88.982,26.429],[88.983,26.431],[88.98,26.432],[88.98,26.433],[88.979,26.434],[88.979,26.436],[88.982,26.437],[88.983,26.44],[88.983,26.442],[88.983,26.442],[88.982,26.442],[88.981,26.442],[88.981,26.444],[88.983,26.445],[88.981,26.447],[88.979,26.446],[88.979,26.447],[88.978,26.449],[88.977,26.447],[88.976,26.446],[88.976,26.447],[88.976,26.448],[88.975,26.448],[88.975,26.45],[88.974,26.45],[88.972,26.45],[88.971,26.451],[88.968,26.452],[88.966,26.452],[88.966,26.453],[88.965,26.457],[88.964,26.457],[88.961,26.457],[88.959,26.458],[88.958,26.459],[88.957,26.459],[88.957,26.46],[88.957,26.459],[88.957,26.457],[88.958,26.455],[88.959,26.454],[88.96,26.453],[88.96,26.452],[88.962,26.453],[88.963,26.452],[88.965,26.452],[88.963,26.45],[88.962,26.45],[88.96,26.448],[88.956,26.451],[88.952,26.452],[88.952,26.45],[88.951,26.449],[88.948,26.448],[88.946,26.445],[88.947,26.445],[88.947,26.444],[88.947,26.444],[88.947,26.443],[88.949,26.443],[88.949,26.443],[88.949,26.442],[88.947,26.439],[88.948,26.439],[88.949,26.438],[88.951,26.436],[88.951,26.434],[88.95,26.433],[88.946,26.433],[88.945,26.433],[88.945,26.431],[88.946,26.43],[88.944,26.429],[88.943,26.428],[88.944,26.427],[88.945,26.426],[88.942,26.425],[88.939,26.426],[88.939,26.427],[88.938,26.428],[88.936,26.43],[88.935,26.431],[88.933,26.432],[88.93,26.433],[88.928,26.432],[88.926,26.431],[88.928,26.428],[88.933,26.427],[88.933,26.426],[88.932,26.426],[88.93,26.425],[88.925,26.424],[88.924,26.423],[88.925,26.421],[88.925,26.419],[88.927,26.416],[88.929,26.415],[88.93,26.413],[88.929,26.411],[88.928,26.41],[88.928,26.409],[88.927,26.408],[88.924,26.407],[88.922,26.407],[88.918,26.408],[88.917,26.408],[88.916,26.408],[88.914,26.409],[88.912,26.409],[88.912,26.408],[88.909,26.408],[88.907,26.407],[88.905,26.409],[88.906,26.406],[88.906,26.404],[88.911,26.401],[88.912,26.401],[88.914,26.403],[88.916,26.403],[88.917,26.402],[88.918,26.401],[88.918,26.4],[88.918,26.398],[88.918,26.398],[88.918,26.397],[88.919,26.394],[88.919,26.392],[88.918,26.39],[88.917,26.39],[88.917,26.389],[88.916,26.388],[88.916,26.385],[88.914,26.384],[88.912,26.383],[88.911,26.382],[88.909,26.382],[88.911,26.38],[88.912,26.38],[88.914,26.378],[88.916,26.378],[88.919,26.378],[88.921,26.379],[88.92,26.376],[88.919,26.375],[88.917,26.375],[88.913,26.374],[88.913,26.372],[88.911,26.371],[88.911,26.37],[88.911,26.369],[88.912,26.368],[88.912,26.369],[88.913,26.368],[88.912,26.367],[88.913,26.366],[88.914,26.366],[88.915,26.366],[88.916,26.366],[88.919,26.366],[88.921,26.365],[88.921,26.363],[88.922,26.362],[88.92,26.361],[88.919,26.36],[88.919,26.359],[88.92,26.36],[88.921,26.361],[88.922,26.363],[88.923,26.363],[88.923,26.364],[88.925,26.365],[88.927,26.365],[88.928,26.364],[88.928,26.364],[88.928,26.362],[88.93,26.361],[88.931,26.36],[88.932,26.359],[88.934,26.359],[88.936,26.358],[88.936,26.358],[88.936,26.358],[88.937,26.357],[88.937,26.357],[88.939,26.358],[88.942,26.358],[88.943,26.357],[88.944,26.356],[88.946,26.357],[88.947,26.356],[88.947,26.358],[88.947,26.359],[88.947,26.36],[88.948,26.361],[88.949,26.363],[88.949,26.364],[88.95,26.365],[88.95,26.366],[88.95,26.366],[88.953,26.366],[88.954,26.364],[88.955,26.364],[88.955,26.362],[88.955,26.362],[88.957,26.362],[88.958,26.362],[88.958,26.358],[88.956,26.357],[88.953,26.356],[88.953,26.356],[88.952,26.355],[88.951,26.353],[88.949,26.351],[88.95,26.351],[88.949,26.35],[88.949,26.349],[88.948,26.348],[88.946,26.344],[88.947,26.344],[88.948,26.344],[88.95,26.344],[88.953,26.346],[88.954,26.346],[88.957,26.345],[88.959,26.343],[88.958,26.343],[88.957,26.342],[88.955,26.341],[88.954,26.342],[88.953,26.343],[88.952,26.342],[88.952,26.341],[88.952,26.34],[88.952,26.337],[88.952,26.335],[88.952,26.333],[88.952,26.332],[88.953,26.332],[88.954,26.332],[88.956,26.331],[88.958,26.33],[88.96,26.331],[88.96,26.332],[88.959,26.336],[88.962,26.336],[88.963,26.338],[88.963,26.339],[88.962,26.341],[88.962,26.344],[88.962,26.346],[88.96,26.349],[88.961,26.35],[88.961,26.352],[88.963,26.352],[88.963,26.35],[88.965,26.35],[88.967,26.352],[88.967,26.352],[88.968,26.35],[88.97,26.35],[88.971,26.35],[88.972,26.352],[88.973,26.351],[88.975,26.351],[88.975,26.351],[88.976,26.35],[88.976,26.349],[88.977,26.348],[88.978,26.347],[88.98,26.347],[88.98,26.348],[88.982,26.348],[88.983,26.348],[88.983,26.349],[88.985,26.348],[88.984,26.35],[88.986,26.349],[88.987,26.349],[88.986,26.348],[88.987,26.348],[88.986,26.347],[88.986,26.346],[88.987,26.345],[88.987,26.343],[88.988,26.342],[88.989,26.341],[88.99,26.34],[88.99,26.339],[88.987,26.338],[88.987,26.339],[88.988,26.339],[88.987,26.34],[88.987,26.341],[88.985,26.341],[88.984,26.341],[88.982,26.341],[88.983,26.338],[88.984,26.337],[88.984,26.336],[88.985,26.334],[88.985,26.334],[88.985,26.333],[88.987,26.333],[88.989,26.333],[88.99,26.334],[88.99,26.335],[88.992,26.335],[88.992,26.334],[88.992,26.334],[88.993,26.333],[88.994,26.332],[88.995,26.332],[88.996,26.332],[88.997,26.332],[88.999,26.331],[88.999,26.331],[89.0,26.33],[89.001,26.329],[89.0,26.328],[89.0,26.325],[88.999,26.325],[88.998,26.323],[88.997,26.322],[88.996,26.321],[88.995,26.321],[88.995,26.322],[88.994,26.322],[88.992,26.322],[88.991,26.322],[88.992,26.321],[88.993,26.321],[88.994,26.32],[88.996,26.317],[88.997,26.316],[88.996,26.314],[88.994,26.314],[88.993,26.315],[88.991,26.315],[88.99,26.316],[88.989,26.316],[88.988,26.317],[88.987,26.316],[88.987,26.317],[88.987,26.317],[88.987,26.318],[88.986,26.317],[88.984,26.318],[88.984,26.317],[88.985,26.316],[88.986,26.316],[88.986,26.314],[88.983,26.311],[88.983,26.31],[88.983,26.308],[88.984,26.305],[88.984,26.303],[88.985,26.301],[88.987,26.3],[88.988,26.3],[88.99,26.3],[88.992,26.3],[88.994,26.299],[88.995,26.297],[88.995,26.299],[88.996,26.3],[88.997,26.298],[88.997,26.297],[88.995,26.295],[88.995,26.294],[88.995,26.291],[88.996,26.291],[88.996,26.29],[88.996,26.291],[88.997,26.291],[89.0,26.293],[89.001,26.294],[89.003,26.296],[89.004,26.298],[89.005,26.298],[89.004,26.299],[89.005,26.301],[89.004,26.302],[89.004,26.304],[89.006,26.303],[89.006,26.303],[89.007,26.303],[89.007,26.304],[89.007,26.305],[89.007,26.304],[89.008,26.304],[89.008,26.303],[89.008,26.302],[89.01,26.302],[89.01,26.301],[89.011,26.3],[89.011,26.3],[89.011,26.299],[89.013,26.298],[89.013,26.297],[89.012,26.296],[89.013,26.295],[89.014,26.294],[89.013,26.293],[89.013,26.292],[89.017,26.291],[89.017,26.29],[89.018,26.29],[89.019,26.29],[89.019,26.291],[89.019,26.294],[89.019,26.295],[89.017,26.297],[89.016,26.299],[89.015,26.3],[89.015,26.299],[89.015,26.299],[89.015,26.3],[89.016,26.301],[89.016,26.302],[89.015,26.302],[89.016,26.303],[89.017,26.304],[89.018,26.305],[89.019,26.305],[89.019,26.305],[89.02,26.306],[89.019,26.306],[89.019,26.306],[89.02,26.307],[89.021,26.309],[89.022,26.308],[89.023,26.308],[89.023,26.308],[89.025,26.307],[89.027,26.306],[89.026,26.304],[89.025,26.303],[89.025,26.302],[89.025,26.303],[89.024,26.302],[89.023,26.3],[89.022,26.298],[89.022,26.297],[89.023,26.294],[89.021,26.292],[89.02,26.291],[89.02,26.289],[89.02,26.288],[89.022,26.288],[89.023,26.288],[89.024,26.286],[89.027,26.285],[89.027,26.284],[89.027,26.283],[89.029,26.284],[89.03,26.284],[89.031,26.285],[89.033,26.285],[89.035,26.284],[89.036,26.283],[89.037,26.283],[89.038,26.283],[89.038,26.286],[89.041,26.285],[89.04,26.284],[89.039,26.283],[89.038,26.283],[89.038,26.282],[89.039,26.281],[89.04,26.28],[89.038,26.278],[89.039,26.278],[89.041,26.276],[89.044,26.276],[89.044,26.276],[89.045,26.279],[89.046,26.281],[89.048,26.28],[89.048,26.282],[89.048,26.284],[89.048,26.286],[89.049,26.287],[89.05,26.288],[89.049,26.289],[89.048,26.288],[89.047,26.287],[89.047,26.285],[89.047,26.284],[89.047,26.283],[89.046,26.284],[89.045,26.285],[89.045,26.288],[89.045,26.289],[89.046,26.289],[89.046,26.29],[89.044,26.29],[89.043,26.29],[89.043,26.291],[89.044,26.291],[89.045,26.292],[89.046,26.295],[89.049,26.296],[89.051,26.296],[89.053,26.295],[89.054,26.292],[89.055,26.293],[89.056,26.294],[89.057,26.294],[89.058,26.294],[89.059,26.294],[89.06,26.293],[89.061,26.292],[89.061,26.291],[89.06,26.29],[89.06,26.288],[89.06,26.287],[89.058,26.287],[89.057,26.286],[89.058,26.285],[89.059,26.284],[89.061,26.284],[89.062,26.284],[89.062,26.283],[89.062,26.281],[89.063,26.28],[89.063,26.279],[89.063,26.278],[89.061,26.278],[89.06,26.278],[89.058,26.277],[89.057,26.278],[89.057,26.278],[89.055,26.278],[89.054,26.277],[89.055,26.277],[89.057,26.276],[89.059,26.276],[89.06,26.276],[89.06,26.275],[89.06,26.273],[89.061,26.273],[89.062,26.272],[89.063,26.271],[89.062,26.27],[89.062,26.269],[89.061,26.268],[89.062,26.265],[89.063,26.263],[89.064,26.261],[89.063,26.26],[89.062,26.26],[89.062,26.259],[89.06,26.258],[89.063,26.256],[89.06,26.254],[89.058,26.256],[89.056,26.256],[89.054,26.256],[89.052,26.255],[89.052,26.255],[89.051,26.253],[89.05,26.252],[89.049,26.251],[89.048,26.25],[89.048,26.248],[89.05,26.245],[89.051,26.243],[89.049,26.242],[89.048,26.242],[89.046,26.241],[89.041,26.244],[89.037,26.246],[89.035,26.243],[89.034,26.244],[89.033,26.247],[89.029,26.247],[89.027,26.246],[89.027,26.244],[89.025,26.244],[89.024,26.245],[89.021,26.245],[89.02,26.244],[89.019,26.243],[89.017,26.244],[89.016,26.244],[89.013,26.245],[88.997,26.245],[88.983,26.245],[88.979,26.243],[88.975,26.242],[88.974,26.242],[88.972,26.241],[88.969,26.24],[88.967,26.239],[88.965,26.239],[88.962,26.24],[88.957,26.243],[88.953,26.245],[88.949,26.25],[88.945,26.254],[88.944,26.255],[88.943,26.257],[88.942,26.26],[88.94,26.263],[88.937,26.265],[88.935,26.268],[88.933,26.273],[88.931,26.278],[88.926,26.284],[88.923,26.285],[88.92,26.285],[88.919,26.287],[88.914,26.287],[88.911,26.288],[88.909,26.287],[88.908,26.288],[88.904,26.288],[88.902,26.288],[88.898,26.289],[88.895,26.288],[88.89,26.288],[88.886,26.287],[88.88,26.287],[88.876,26.287],[88.873,26.285],[88.872,26.284],[88.87,26.283],[88.867,26.281],[88.866,26.279],[88.867,26.277],[88.867,26.276],[88.863,26.274],[88.862,26.274],[88.861,26.273],[88.864,26.27],[88.864,26.268],[88.863,26.267],[88.862,26.265],[88.861,26.263],[88.862,26.261],[88.862,26.258],[88.861,26.252],[88.865,26.251],[88.867,26.25],[88.868,26.249],[88.867,26.247],[88.868,26.246],[88.871,26.245],[88.872,26.244],[88.872,26.243],[88.872,26.241],[88.873,26.24],[88.875,26.242],[88.877,26.242],[88.878,26.242],[88.877,26.24],[88.876,26.238],[88.877,26.236],[88.878,26.234],[88.878,26.234],[88.877,26.233],[88.875,26.233],[88.873,26.233],[88.868,26.233],[88.863,26.232],[88.86,26.232],[88.858,26.232],[88.857,26.234],[88.855,26.234],[88.852,26.235],[88.849,26.234],[88.849,26.234],[88.846,26.233],[88.845,26.233],[88.844,26.232],[88.842,26.231],[88.839,26.232],[88.838,26.233],[88.838,26.234],[88.838,26.238],[88.836,26.238],[88.833,26.239],[88.831,26.24],[88.829,26.24],[88.828,26.24],[88.827,26.241],[88.827,26.243],[88.827,26.245],[88.828,26.245],[88.828,26.246],[88.83,26.246],[88.829,26.247],[88.829,26.249],[88.829,26.25],[88.827,26.249],[88.826,26.249],[88.823,26.249],[88.823,26.25],[88.823,26.251],[88.824,26.252],[88.823,26.253],[88.822,26.254],[88.819,26.254],[88.818,26.255],[88.815,26.255],[88.814,26.254],[88.813,26.255],[88.813,26.257],[88.813,26.257],[88.813,26.258],[88.813,26.258],[88.814,26.259],[88.813,26.26],[88.813,26.261],[88.813,26.263],[88.812,26.264],[88.814,26.265],[88.815,26.266],[88.815,26.267],[88.815,26.267],[88.815,26.269],[88.814,26.27],[88.814,26.27],[88.813,26.272],[88.813,26.273],[88.814,26.273],[88.813,26.274],[88.811,26.274],[88.81,26.275],[88.81,26.277],[88.811,26.277],[88.811,26.278],[88.811,26.279],[88.812,26.28],[88.812,26.281],[88.812,26.282],[88.812,26.283],[88.812,26.284],[88.813,26.285],[88.813,26.287],[88.813,26.288],[88.814,26.289],[88.815,26.291],[88.818,26.294],[88.817,26.295],[88.815,26.297],[88.813,26.298],[88.812,26.298],[88.811,26.3],[88.809,26.301],[88.808,26.302],[88.807,26.302],[88.807,26.302],[88.804,26.305],[88.802,26.306],[88.799,26.307],[88.797,26.308],[88.796,26.308],[88.793,26.31],[88.792,26.309],[88.789,26.307],[88.788,26.306],[88.786,26.305],[88.783,26.303],[88.779,26.303],[88.776,26.303],[88.773,26.302],[88.771,26.3],[88.769,26.3],[88.767,26.3],[88.764,26.299],[88.763,26.299],[88.759,26.301],[88.76,26.303],[88.759,26.305],[88.758,26.305],[88.758,26.306],[88.757,26.309],[88.756,26.311],[88.756,26.311],[88.751,26.311],[88.748,26.311],[88.746,26.31],[88.745,26.308],[88.745,26.306],[88.745,26.304],[88.744,26.303],[88.744,26.301],[88.743,26.3],[88.742,26.298],[88.741,26.297],[88.741,26.295],[88.741,26.293],[88.742,26.292],[88.743,26.292],[88.745,26.291],[88.745,26.289],[88.743,26.29],[88.741,26.29],[88.74,26.29],[88.739,26.291],[88.738,26.292],[88.737,26.292],[88.736,26.292],[88.735,26.292],[88.733,26.293],[88.732,26.293],[88.73,26.293],[88.73,26.291],[88.729,26.29],[88.729,26.289],[88.727,26.288],[88.726,26.29],[88.726,26.291],[88.727,26.292],[88.726,26.293],[88.726,26.293],[88.724,26.293],[88.724,26.293],[88.72,26.293],[88.72,26.291],[88.72,26.29],[88.721,26.288],[88.721,26.287],[88.722,26.286],[88.721,26.285],[88.72,26.283],[88.719,26.282],[88.715,26.282],[88.713,26.282],[88.709,26.282],[88.709,26.284],[88.707,26.284],[88.707,26.282],[88.702,26.281],[88.701,26.28],[88.698,26.28],[88.696,26.28],[88.694,26.277],[88.691,26.277],[88.691,26.278],[88.689,26.28],[88.685,26.278],[88.686,26.275],[88.687,26.273],[88.689,26.274],[88.69,26.274],[88.692,26.274],[88.692,26.272],[88.692,26.271],[88.692,26.269],[88.691,26.269],[88.69,26.268],[88.689,26.267],[88.688,26.266],[88.687,26.267],[88.687,26.268],[88.686,26.267],[88.685,26.266],[88.685,26.265],[88.685,26.263],[88.684,26.262],[88.683,26.261],[88.682,26.261],[88.681,26.26],[88.68,26.26],[88.678,26.262],[88.677,26.265],[88.676,26.264],[88.673,26.263],[88.671,26.264],[88.67,26.263],[88.667,26.263],[88.666,26.264],[88.667,26.266],[88.668,26.267],[88.669,26.267],[88.672,26.267],[88.672,26.268],[88.672,26.269],[88.672,26.271],[88.672,26.272],[88.669,26.272],[88.667,26.272],[88.667,26.274],[88.668,26.275],[88.667,26.275],[88.667,26.276],[88.667,26.278],[88.669,26.28],[88.669,26.281],[88.667,26.283],[88.666,26.285],[88.666,26.286],[88.666,26.287],[88.666,26.289],[88.667,26.289],[88.669,26.29],[88.668,26.292],[88.669,26.293],[88.668,26.294],[88.669,26.295],[88.668,26.296],[88.668,26.297],[88.669,26.298],[88.67,26.298],[88.671,26.298],[88.674,26.298],[88.675,26.297],[88.677,26.297],[88.678,26.296],[88.679,26.296],[88.679,26.295],[88.681,26.294],[88.684,26.291],[88.685,26.29],[88.686,26.289],[88.687,26.288],[88.687,26.288],[88.686,26.288],[88.684,26.288],[88.682,26.287],[88.682,26.284],[88.684,26.283],[88.686,26.283],[88.686,26.282],[88.688,26.284],[88.69,26.284],[88.691,26.283],[88.69,26.283],[88.691,26.282],[88.692,26.282],[88.695,26.283],[88.696,26.284],[88.696,26.285],[88.698,26.285],[88.699,26.285],[88.7,26.285],[88.702,26.285],[88.704,26.286],[88.705,26.287],[88.706,26.287],[88.708,26.288],[88.709,26.288],[88.708,26.289],[88.707,26.289],[88.706,26.29],[88.705,26.291],[88.703,26.292],[88.701,26.292],[88.7,26.293],[88.699,26.293],[88.698,26.293],[88.698,26.292],[88.699,26.291],[88.697,26.291],[88.695,26.291],[88.694,26.291],[88.691,26.291],[88.693,26.293],[88.692,26.294],[88.69,26.294],[88.688,26.294],[88.684,26.295],[88.685,26.297],[88.683,26.297],[88.684,26.3],[88.682,26.302],[88.681,26.302],[88.68,26.302],[88.679,26.303],[88.678,26.306],[88.678,26.307],[88.681,26.308],[88.683,26.309],[88.683,26.311],[88.682,26.313],[88.681,26.312],[88.68,26.313],[88.677,26.315],[88.678,26.314],[88.677,26.313],[88.677,26.311],[88.675,26.311],[88.675,26.313],[88.676,26.314],[88.676,26.318],[88.676,26.32],[88.679,26.322],[88.681,26.322],[88.686,26.323],[88.69,26.323],[88.691,26.325],[88.691,26.327],[88.691,26.329],[88.693,26.329],[88.696,26.329],[88.696,26.327],[88.697,26.326],[88.691,26.324],[88.69,26.323],[88.692,26.322],[88.692,26.321],[88.691,26.319],[88.691,26.318],[88.692,26.317],[88.692,26.317],[88.693,26.317],[88.693,26.316],[88.693,26.314],[88.695,26.314],[88.697,26.314],[88.697,26.312],[88.699,26.313],[88.702,26.315],[88.706,26.315],[88.708,26.315],[88.709,26.316],[88.71,26.317],[88.712,26.317],[88.713,26.318],[88.717,26.318],[88.718,26.318],[88.719,26.316],[88.719,26.314],[88.72,26.313],[88.722,26.315],[88.726,26.316],[88.728,26.318],[88.731,26.319],[88.731,26.32],[88.731,26.324],[88.739,26.324],[88.743,26.323],[88.746,26.322],[88.747,26.328],[88.749,26.332],[88.745,26.332],[88.743,26.331],[88.742,26.331],[88.74,26.33],[88.737,26.329],[88.734,26.329],[88.737,26.335],[88.739,26.337],[88.743,26.337],[88.743,26.338],[88.744,26.339],[88.744,26.34],[88.744,26.341],[88.743,26.342],[88.743,26.344],[88.744,26.345],[88.745,26.344],[88.746,26.346],[88.746,26.347],[88.745,26.348],[88.744,26.349],[88.74,26.349],[88.737,26.35],[88.736,26.351],[88.736,26.352],[88.737,26.352],[88.737,26.353],[88.735,26.354],[88.733,26.354],[88.733,26.353],[88.733,26.352],[88.733,26.351],[88.734,26.35],[88.736,26.349],[88.733,26.348],[88.731,26.348],[88.73,26.348],[88.729,26.346],[88.727,26.345],[88.726,26.343],[88.726,26.342],[88.724,26.341],[88.723,26.343],[88.719,26.343],[88.718,26.344],[88.716,26.344],[88.712,26.342],[88.712,26.341],[88.712,26.339],[88.711,26.337],[88.71,26.335],[88.709,26.334],[88.706,26.333],[88.704,26.334],[88.703,26.335],[88.702,26.336],[88.703,26.337],[88.701,26.338],[88.703,26.339],[88.704,26.34],[88.704,26.342],[88.701,26.341],[88.699,26.341],[88.698,26.342],[88.698,26.344],[88.696,26.344],[88.695,26.345],[88.694,26.346],[88.695,26.347],[88.696,26.347],[88.697,26.348],[88.697,26.35],[88.698,26.352],[88.698,26.352],[88.698,26.354],[88.698,26.356],[88.697,26.357],[88.694,26.356],[88.693,26.357],[88.693,26.358],[88.692,26.358],[88.691,26.36],[88.693,26.361],[88.694,26.361],[88.695,26.361],[88.696,26.361],[88.695,26.362],[88.694,26.364],[88.69,26.363],[88.689,26.365],[88.689,26.366],[88.688,26.367],[88.688,26.369],[88.688,26.37],[88.688,26.371],[88.687,26.373],[88.686,26.374],[88.685,26.375],[88.686,26.377],[88.686,26.377],[88.686,26.378],[88.685,26.379],[88.683,26.378],[88.682,26.378],[88.681,26.38],[88.682,26.38],[88.682,26.383],[88.685,26.383],[88.685,26.383],[88.687,26.384],[88.691,26.385],[88.694,26.385],[88.695,26.385],[88.699,26.386],[88.702,26.387],[88.701,26.39],[88.697,26.39],[88.694,26.389],[88.693,26.388],[88.692,26.387],[88.692,26.387],[88.691,26.387],[88.688,26.387],[88.687,26.389],[88.687,26.389],[88.688,26.39],[88.688,26.391],[88.687,26.392],[88.687,26.391],[88.686,26.391],[88.686,26.391],[88.688,26.393],[88.688,26.395],[88.688,26.396],[88.686,26.395],[88.685,26.395],[88.684,26.394],[88.682,26.394],[88.679,26.394],[88.678,26.394],[88.676,26.395],[88.675,26.395],[88.673,26.396],[88.672,26.398],[88.67,26.397],[88.674,26.398],[88.676,26.399],[88.676,26.401],[88.677,26.402],[88.679,26.401],[88.681,26.401],[88.682,26.403],[88.684,26.402],[88.686,26.401],[88.687,26.402],[88.687,26.403],[88.686,26.405],[88.686,26.405],[88.686,26.406],[88.685,26.406],[88.684,26.407],[88.683,26.408],[88.683,26.409],[88.684,26.411],[88.685,26.411],[88.686,26.413],[88.685,26.412],[88.683,26.411],[88.683,26.412],[88.683,26.414],[88.682,26.414],[88.68,26.414],[88.68,26.413],[88.681,26.412],[88.681,26.409],[88.681,26.409],[88.679,26.41],[88.68,26.41],[88.68,26.412],[88.679,26.411],[88.676,26.408],[88.674,26.408],[88.67,26.407],[88.668,26.407],[88.667,26.41],[88.664,26.41],[88.663,26.41],[88.662,26.411],[88.662,26.413],[88.661,26.415],[88.66,26.416],[88.659,26.416],[88.657,26.417],[88.655,26.417],[88.654,26.416],[88.653,26.416],[88.65,26.416],[88.649,26.417],[88.648,26.417],[88.647,26.417],[88.647,26.417],[88.647,26.418],[88.647,26.418],[88.646,26.418],[88.646,26.419],[88.645,26.419],[88.645,26.419],[88.645,26.42],[88.649,26.42],[88.651,26.424],[88.652,26.425],[88.651,26.427],[88.651,26.427],[88.65,26.429],[88.649,26.429],[88.648,26.429],[88.645,26.429],[88.643,26.429],[88.641,26.43],[88.638,26.43],[88.638,26.43],[88.637,26.43],[88.636,26.43],[88.635,26.432],[88.631,26.431],[88.63,26.435],[88.628,26.434],[88.626,26.434],[88.623,26.438],[88.626,26.44],[88.627,26.44],[88.628,26.441],[88.627,26.449],[88.626,26.451],[88.625,26.455],[88.625,26.457],[88.624,26.46],[88.624,26.463],[88.624,26.465],[88.623,26.467],[88.623,26.471],[88.62,26.471],[88.615,26.471],[88.609,26.471],[88.604,26.471],[88.603,26.47],[88.603,26.47],[88.602,26.47],[88.602,26.471],[88.601,26.471],[88.6,26.471],[88.599,26.471],[88.598,26.471],[88.598,26.471],[88.597,26.471],[88.596,26.471],[88.595,26.471],[88.595,26.471],[88.594,26.471],[88.594,26.47],[88.595,26.47],[88.595,26.47],[88.596,26.469],[88.596,26.469],[88.596,26.468],[88.595,26.467],[88.596,26.467],[88.596,26.466],[88.596,26.466],[88.595,26.465],[88.595,26.464],[88.595,26.463],[88.595,26.462],[88.595,26.461],[88.595,26.458],[88.595,26.456],[88.595,26.453],[88.593,26.45],[88.592,26.45],[88.59,26.451],[88.589,26.451],[88.588,26.451],[88.586,26.45],[88.584,26.451],[88.585,26.451],[88.585,26.452],[88.585,26.453],[88.585,26.454],[88.583,26.455],[88.583,26.456],[88.582,26.456],[88.582,26.456],[88.581,26.456],[88.579,26.457],[88.575,26.457],[88.571,26.457],[88.568,26.457],[88.566,26.457],[88.562,26.458],[88.56,26.458],[88.559,26.458],[88.558,26.459],[88.558,26.459],[88.558,26.46],[88.559,26.459],[88.559,26.459],[88.56,26.459],[88.561,26.459],[88.562,26.459],[88.563,26.459],[88.564,26.459],[88.564,26.46],[88.563,26.461],[88.563,26.461],[88.562,26.461],[88.561,26.461],[88.56,26.461],[88.56,26.462],[88.559,26.463],[88.559,26.464],[88.559,26.464],[88.56,26.465],[88.561,26.464],[88.561,26.465],[88.562,26.465],[88.563,26.466],[88.563,26.467],[88.562,26.468],[88.562,26.467],[88.561,26.467],[88.56,26.467],[88.559,26.466],[88.558,26.467],[88.558,26.467],[88.559,26.468],[88.559,26.468],[88.558,26.469],[88.558,26.47],[88.558,26.47],[88.558,26.471],[88.559,26.471],[88.559,26.471],[88.559,26.472],[88.56,26.472],[88.56,26.472],[88.56,26.472],[88.561,26.473],[88.561,26.473],[88.56,26.474],[88.559,26.474],[88.559,26.474],[88.558,26.473],[88.557,26.472],[88.555,26.472],[88.553,26.472],[88.556,26.473],[88.556,26.474],[88.557,26.474],[88.557,26.475],[88.557,26.475],[88.556,26.476],[88.556,26.476],[88.555,26.475],[88.554,26.475],[88.553,26.475],[88.553,26.475],[88.553,26.476],[88.552,26.477],[88.552,26.477],[88.552,26.478],[88.553,26.478],[88.553,26.478],[88.554,26.478],[88.555,26.478],[88.555,26.478],[88.555,26.479],[88.555,26.479],[88.555,26.48],[88.554,26.481],[88.554,26.481],[88.555,26.481],[88.555,26.481],[88.556,26.482],[88.556,26.482],[88.557,26.483],[88.557,26.483],[88.557,26.484],[88.557,26.484],[88.557,26.485],[88.555,26.485],[88.542,26.483],[88.539,26.483],[88.538,26.483],[88.536,26.483],[88.534,26.482],[88.53,26.481],[88.526,26.481],[88.527,26.483],[88.527,26.485],[88.525,26.485],[88.524,26.486],[88.527,26.486],[88.528,26.487],[88.527,26.487],[88.526,26.487],[88.524,26.487],[88.523,26.488],[88.523,26.489],[88.525,26.49],[88.524,26.491],[88.525,26.492],[88.524,26.493],[88.524,26.494],[88.523,26.494],[88.523,26.496],[88.523,26.496],[88.522,26.497],[88.519,26.499],[88.52,26.501],[88.519,26.501],[88.521,26.503],[88.522,26.504],[88.522,26.506],[88.522,26.508],[88.521,26.509],[88.52,26.511],[88.519,26.511],[88.515,26.511],[88.512,26.511],[88.511,26.511],[88.51,26.511],[88.51,26.513],[88.508,26.514],[88.507,26.516],[88.505,26.516],[88.503,26.516],[88.5,26.515],[88.5,26.514],[88.501,26.513],[88.5,26.513],[88.498,26.512],[88.497,26.512],[88.495,26.512],[88.494,26.512],[88.494,26.512],[88.493,26.512],[88.492,26.512],[88.492,26.511],[88.491,26.511],[88.491,26.511],[88.49,26.51],[88.489,26.511],[88.49,26.512],[88.49,26.514],[88.49,26.515],[88.489,26.516],[88.489,26.517],[88.488,26.52],[88.489,26.521],[88.49,26.523],[88.49,26.524],[88.489,26.525],[88.488,26.526],[88.488,26.526],[88.487,26.526],[88.486,26.525],[88.485,26.526],[88.485,26.527],[88.486,26.527],[88.487,26.528],[88.488,26.528],[88.49,26.53],[88.49,26.532],[88.488,26.532],[88.488,26.532],[88.487,26.531],[88.486,26.53],[88.484,26.53],[88.482,26.53],[88.482,26.532],[88.482,26.533],[88.482,26.535],[88.482,26.536],[88.483,26.537],[88.484,26.538],[88.485,26.539],[88.485,26.54],[88.485,26.541],[88.484,26.541],[88.483,26.541],[88.481,26.541],[88.48,26.541],[88.478,26.541],[88.477,26.542],[88.477,26.543],[88.473,26.544],[88.468,26.544],[88.467,26.544],[88.462,26.544],[88.462,26.546],[88.462,26.547],[88.459,26.547],[88.458,26.544],[88.458,26.542],[88.457,26.541],[88.458,26.541],[88.457,26.54],[88.456,26.54],[88.455,26.539],[88.456,26.538],[88.456,26.537],[88.455,26.536],[88.453,26.536],[88.45,26.535],[88.443,26.539],[88.443,26.542],[88.438,26.544],[88.432,26.549],[88.429,26.555],[88.425,26.563],[88.423,26.567],[88.422,26.576],[88.423,26.583],[88.422,26.585],[88.421,26.587],[88.42,26.589],[88.419,26.591],[88.42,26.596],[88.42,26.599],[88.419,26.602],[88.419,26.603],[88.418,26.607],[88.417,26.611],[88.417,26.614],[88.418,26.62],[88.416,26.622],[88.414,26.622],[88.415,26.624],[88.415,26.625],[88.416,26.626],[88.416,26.627],[88.416,26.628],[88.416,26.629],[88.416,26.632],[88.414,26.633],[88.413,26.634],[88.41,26.634],[88.41,26.631],[88.408,26.63],[88.403,26.629],[88.399,26.625],[88.398,26.622],[88.397,26.619],[88.396,26.618],[88.392,26.614],[88.388,26.612],[88.387,26.609],[88.389,26.606],[88.391,26.606],[88.396,26.605],[88.398,26.603],[88.396,26.601],[88.391,26.6],[88.386,26.599],[88.381,26.597],[88.378,26.595],[88.377,26.593],[88.376,26.589],[88.376,26.587],[88.374,26.585],[88.375,26.583],[88.375,26.58],[88.372,26.577],[88.37,26.575],[88.371,26.57],[88.371,26.568],[88.371,26.565],[88.371,26.561],[88.37,26.56],[88.368,26.559],[88.367,26.556],[88.365,26.554],[88.364,26.553],[88.361,26.55],[88.358,26.545],[88.357,26.543],[88.357,26.54],[88.358,26.537],[88.359,26.534],[88.359,26.532],[88.359,26.53],[88.359,26.529],[88.356,26.527],[88.353,26.525],[88.352,26.52],[88.353,26.516],[88.352,26.513],[88.35,26.51],[88.345,26.506],[88.341,26.503],[88.337,26.501],[88.332,26.495],[88.332,26.491],[88.331,26.486],[88.332,26.484],[88.332,26.482],[88.334,26.482],[88.334,26.482],[88.334,26.481],[88.334,26.479],[88.335,26.478],[88.336,26.479],[88.338,26.479],[88.341,26.478],[88.341,26.475],[88.34,26.469],[88.343,26.469],[88.347,26.468],[88.346,26.466],[88.348,26.466],[88.348,26.465],[88.348,26.465],[88.348,26.465],[88.348,26.464],[88.348,26.464],[88.348,26.464],[88.348,26.463],[88.348,26.463],[88.348,26.462],[88.348,26.462],[88.348,26.462],[88.348,26.462],[88.348,26.462],[88.348,26.461],[88.348,26.461],[88.348,26.46],[88.348,26.46],[88.348,26.46],[88.348,26.46],[88.349,26.46],[88.349,26.459],[88.35,26.459],[88.35,26.458],[88.35,26.457],[88.35,26.457],[88.35,26.456],[88.351,26.455],[88.351,26.454],[88.351,26.454],[88.352,26.453],[88.352,26.452],[88.353,26.451],[88.353,26.45],[88.353,26.45],[88.352,26.449],[88.352,26.449],[88.352,26.448],[88.353,26.448],[88.354,26.448],[88.355,26.449],[88.356,26.45],[88.357,26.452],[88.358,26.453],[88.358,26.453],[88.359,26.453],[88.36,26.454],[88.361,26.455],[88.361,26.456],[88.36,26.456],[88.359,26.456],[88.359,26.457],[88.36,26.46],[88.361,26.461],[88.361,26.462],[88.36,26.463],[88.36,26.464],[88.36,26.465],[88.36,26.466],[88.361,26.466],[88.362,26.467],[88.363,26.467],[88.364,26.468],[88.365,26.468],[88.365,26.469],[88.365,26.47],[88.365,26.47],[88.365,26.471],[88.366,26.471],[88.366,26.472],[88.365,26.472],[88.365,26.472],[88.364,26.472],[88.363,26.473],[88.363,26.473],[88.362,26.475],[88.362,26.476],[88.362,26.477],[88.362,26.478],[88.361,26.48],[88.362,26.48],[88.362,26.481],[88.361,26.481],[88.36,26.482],[88.36,26.483],[88.36,26.484],[88.361,26.485],[88.362,26.485],[88.363,26.486],[88.363,26.487],[88.372,26.488],[88.374,26.487],[88.375,26.486],[88.375,26.485],[88.376,26.484],[88.378,26.484],[88.379,26.484],[88.381,26.483],[88.384,26.483],[88.385,26.483],[88.386,26.482],[88.387,26.481],[88.388,26.479],[88.389,26.478],[88.389,26.479],[88.39,26.479],[88.39,26.48],[88.391,26.479],[88.391,26.48],[88.392,26.481],[88.393,26.481],[88.394,26.481],[88.395,26.481],[88.396,26.482],[88.398,26.482],[88.398,26.482],[88.399,26.482],[88.4,26.482],[88.401,26.483],[88.4,26.484],[88.401,26.485],[88.402,26.485],[88.403,26.485],[88.404,26.484],[88.404,26.485],[88.405,26.485],[88.405,26.483],[88.405,26.481],[88.408,26.48],[88.408,26.477],[88.412,26.475],[88.412,26.473],[88.414,26.471],[88.417,26.469],[88.419,26.467],[88.422,26.466],[88.422,26.469],[88.423,26.469],[88.423,26.473],[88.428,26.473],[88.43,26.472],[88.431,26.471],[88.432,26.472],[88.434,26.473],[88.434,26.471],[88.434,26.47],[88.433,26.469],[88.433,26.469],[88.434,26.468],[88.435,26.467],[88.441,26.466],[88.444,26.466],[88.446,26.467],[88.451,26.467],[88.457,26.467],[88.46,26.466],[88.464,26.465],[88.466,26.465],[88.467,26.464],[88.47,26.464],[88.472,26.464],[88.476,26.462],[88.48,26.461],[88.483,26.461],[88.484,26.459],[88.484,26.456],[88.483,26.455],[88.481,26.455],[88.478,26.453],[88.479,26.451],[88.482,26.45],[88.484,26.451],[88.487,26.451],[88.488,26.451],[88.488,26.449],[88.486,26.447],[88.486,26.446],[88.488,26.444],[88.491,26.444],[88.492,26.444],[88.492,26.441],[88.492,26.44],[88.493,26.439],[88.497,26.436],[88.496,26.433],[88.496,26.432],[88.493,26.432],[88.49,26.432],[88.489,26.431],[88.491,26.429],[88.493,26.429],[88.497,26.428],[88.499,26.424],[88.495,26.422],[88.494,26.419],[88.497,26.418],[88.503,26.418],[88.503,26.417],[88.5,26.414],[88.497,26.412],[88.496,26.409],[88.501,26.409],[88.502,26.407],[88.502,26.403],[88.504,26.404],[88.506,26.406],[88.507,26.407],[88.508,26.408],[88.51,26.408],[88.51,26.406],[88.51,26.404],[88.509,26.401],[88.507,26.4],[88.504,26.399],[88.507,26.397],[88.508,26.396],[88.51,26.394],[88.51,26.391],[88.512,26.388],[88.515,26.388],[88.516,26.39],[88.518,26.391],[88.519,26.391],[88.518,26.387],[88.516,26.386],[88.515,26.382],[88.514,26.38],[88.513,26.378],[88.514,26.374],[88.518,26.37],[88.52,26.371],[88.521,26.374],[88.523,26.376],[88.525,26.375],[88.524,26.372],[88.522,26.368],[88.522,26.367],[88.516,26.365],[88.515,26.365],[88.515,26.363],[88.518,26.362],[88.522,26.364],[88.524,26.362],[88.524,26.359],[88.52,26.357],[88.517,26.356],[88.517,26.354],[88.517,26.352],[88.515,26.353],[88.51,26.353],[88.509,26.353],[88.51,26.351],[88.51,26.351],[88.509,26.351],[88.508,26.351],[88.508,26.351],[88.507,26.349],[88.506,26.349],[88.505,26.349],[88.504,26.349],[88.504,26.35],[88.506,26.351],[88.506,26.352],[88.506,26.353],[88.506,26.354],[88.506,26.355],[88.505,26.356],[88.506,26.356],[88.507,26.357],[88.507,26.357],[88.508,26.359],[88.508,26.359],[88.508,26.36],[88.508,26.361],[88.509,26.362],[88.507,26.363],[88.506,26.364],[88.505,26.363],[88.504,26.362],[88.502,26.36],[88.501,26.36],[88.499,26.36],[88.498,26.359],[88.493,26.36],[88.492,26.36],[88.488,26.36],[88.488,26.359],[88.488,26.359],[88.489,26.358],[88.489,26.357],[88.49,26.353],[88.492,26.351],[88.491,26.35],[88.49,26.35],[88.488,26.35],[88.488,26.35],[88.487,26.349],[88.485,26.35],[88.482,26.35],[88.48,26.351],[88.48,26.352],[88.479,26.353],[88.478,26.353],[88.477,26.354],[88.476,26.355],[88.476,26.356],[88.477,26.357],[88.478,26.358],[88.476,26.358],[88.474,26.357],[88.473,26.357],[88.472,26.357],[88.471,26.357],[88.47,26.358],[88.469,26.359],[88.468,26.359],[88.467,26.358],[88.465,26.358],[88.464,26.358],[88.463,26.358],[88.463,26.359],[88.463,26.359],[88.463,26.36],[88.462,26.361],[88.461,26.361],[88.46,26.362],[88.459,26.362],[88.459,26.363],[88.459,26.364],[88.458,26.365],[88.458,26.366],[88.46,26.368],[88.46,26.37],[88.459,26.373],[88.459,26.375],[88.459,26.377],[88.458,26.377],[88.457,26.374],[88.456,26.372],[88.456,26.372],[88.455,26.371],[88.454,26.371],[88.453,26.371],[88.452,26.371],[88.452,26.369],[88.451,26.367],[88.451,26.366],[88.449,26.365],[88.448,26.365],[88.446,26.365],[88.446,26.363],[88.445,26.362],[88.445,26.362],[88.445,26.362],[88.445,26.362],[88.444,26.361],[88.445,26.361],[88.444,26.361],[88.444,26.36],[88.444,26.36],[88.444,26.36],[88.444,26.36],[88.444,26.359],[88.444,26.359],[88.443,26.357],[88.443,26.356],[88.443,26.355],[88.442,26.353],[88.44,26.352],[88.44,26.351],[88.441,26.35],[88.439,26.348],[88.439,26.347],[88.438,26.343],[88.437,26.342],[88.437,26.342],[88.439,26.341],[88.438,26.34],[88.437,26.341],[88.436,26.34],[88.437,26.338],[88.436,26.338],[88.435,26.336],[88.433,26.335],[88.431,26.336],[88.428,26.336],[88.424,26.335],[88.421,26.336],[88.417,26.337],[88.414,26.337],[88.413,26.337],[88.413,26.337],[88.413,26.337],[88.413,26.337],[88.413,26.337],[88.412,26.337],[88.412,26.336],[88.412,26.336],[88.411,26.336],[88.411,26.336],[88.411,26.335],[88.412,26.335],[88.412,26.335],[88.413,26.335],[88.412,26.335],[88.412,26.335],[88.412,26.335],[88.412,26.334],[88.411,26.334],[88.411,26.334],[88.411,26.334],[88.411,26.334],[88.411,26.333],[88.411,26.333],[88.41,26.334],[88.41,26.334],[88.41,26.333],[88.41,26.333],[88.409,26.333],[88.409,26.333],[88.409,26.333],[88.409,26.333],[88.409,26.332],[88.409,26.332],[88.408,26.332],[88.408,26.332],[88.407,26.332],[88.407,26.332],[88.407,26.332],[88.407,26.331],[88.406,26.331],[88.407,26.331],[88.407,26.331],[88.407,26.33],[88.406,26.33],[88.406,26.33],[88.406,26.331],[88.405,26.331],[88.405,26.33],[88.405,26.33],[88.405,26.33],[88.404,26.33],[88.404,26.33],[88.404,26.329],[88.404,26.329],[88.404,26.329],[88.403,26.329],[88.403,26.329],[88.404,26.328],[88.407,26.328],[88.407,26.325],[88.409,26.323],[88.412,26.323],[88.415,26.324],[88.416,26.322],[88.415,26.318],[88.415,26.316],[88.414,26.315],[88.413,26.316],[88.413,26.316],[88.412,26.316],[88.411,26.316],[88.41,26.316],[88.41,26.316],[88.409,26.316],[88.406,26.316],[88.405,26.317],[88.404,26.317],[88.403,26.317],[88.401,26.317],[88.4,26.317],[88.4,26.316],[88.399,26.317],[88.398,26.317],[88.397,26.316],[88.396,26.316],[88.395,26.316],[88.395,26.316],[88.394,26.315],[88.393,26.315],[88.391,26.314],[88.39,26.313],[88.389,26.313],[88.389,26.314],[88.389,26.315],[88.388,26.315],[88.387,26.314],[88.387,26.314],[88.387,26.313],[88.386,26.313],[88.385,26.313],[88.384,26.312],[88.384,26.311],[88.383,26.312],[88.383,26.31],[88.383,26.31],[88.382,26.31],[88.383,26.31],[88.384,26.309],[88.384,26.309],[88.383,26.308],[88.382,26.309],[88.381,26.309],[88.38,26.31],[88.379,26.309],[88.379,26.307],[88.379,26.306],[88.377,26.305],[88.376,26.305],[88.375,26.307],[88.374,26.306],[88.374,26.306],[88.375,26.305],[88.375,26.304],[88.374,26.303],[88.373,26.303],[88.372,26.304],[88.373,26.305],[88.373,26.305],[88.373,26.306],[88.371,26.305],[88.37,26.305],[88.37,26.304],[88.369,26.302],[88.369,26.301],[88.369,26.3],[88.368,26.299],[88.366,26.3],[88.365,26.3],[88.365,26.3],[88.363,26.298],[88.363,26.297],[88.364,26.295],[88.364,26.295],[88.364,26.294],[88.363,26.293],[88.362,26.293],[88.362,26.292],[88.361,26.291],[88.36,26.291],[88.359,26.289],[88.359,26.288],[88.358,26.288],[88.357,26.287],[88.356,26.287],[88.355,26.286],[88.354,26.286],[88.355,26.286],[88.355,26.287],[88.354,26.287],[88.353,26.287],[88.353,26.286],[88.352,26.285],[88.352,26.283],[88.351,26.283],[88.35,26.283],[88.349,26.282],[88.35,26.28],[88.35,26.279],[88.349,26.278],[88.349,26.277],[88.35,26.276],[88.351,26.276],[88.352,26.276],[88.351,26.275],[88.35,26.275],[88.349,26.274],[88.349,26.274],[88.349,26.272],[88.35,26.271],[88.349,26.27],[88.348,26.27],[88.349,26.268],[88.349,26.267],[88.351,26.269],[88.352,26.269],[88.353,26.268],[88.352,26.267],[88.351,26.266],[88.351,26.264],[88.351,26.263],[88.35,26.262],[88.35,26.26],[88.35,26.259],[88.35,26.258],[88.35,26.256],[88.348,26.255],[88.348,26.253],[88.35,26.252],[88.349,26.251],[88.349,26.25],[88.35,26.25],[88.351,26.251],[88.353,26.249],[88.354,26.248],[88.353,26.247],[88.352,26.248],[88.351,26.248],[88.351,26.248],[88.35,26.248],[88.35,26.247],[88.351,26.247],[88.351,26.246],[88.352,26.245],[88.353,26.246],[88.354,26.245],[88.355,26.244],[88.356,26.245],[88.357,26.244],[88.358,26.244],[88.359,26.243],[88.36,26.243],[88.359,26.241],[88.358,26.24],[88.357,26.24],[88.357,26.239],[88.356,26.24],[88.355,26.239],[88.354,26.238],[88.354,26.237],[88.355,26.236],[88.356,26.236],[88.356,26.236],[88.356,26.235],[88.356,26.234],[88.356,26.233],[88.356,26.232],[88.355,26.232],[88.354,26.231],[88.353,26.231],[88.352,26.23],[88.351,26.229],[88.351,26.228],[88.351,26.227],[88.352,26.227],[88.354,26.227],[88.353,26.226],[88.352,26.225],[88.351,26.225],[88.351,26.226],[88.35,26.227],[88.35,26.226],[88.351,26.224],[88.351,26.223],[88.351,26.222],[88.35,26.22],[88.348,26.221],[88.347,26.221],[88.346,26.221],[88.345,26.22],[88.344,26.22],[88.342,26.22],[88.341,26.219],[88.341,26.219],[88.34,26.218],[88.339,26.217],[88.337,26.217],[88.335,26.216],[88.334,26.216],[88.333,26.216],[88.332,26.216],[88.331,26.217],[88.33,26.217],[88.33,26.216],[88.33,26.215],[88.331,26.215],[88.331,26.214],[88.331,26.213],[88.33,26.212],[88.329,26.212],[88.328,26.213],[88.327,26.214],[88.327,26.213],[88.327,26.212],[88.326,26.211],[88.326,26.21],[88.325,26.209],[88.324,26.209],[88.323,26.21],[88.323,26.209],[88.323,26.208],[88.325,26.207],[88.326,26.206],[88.326,26.205],[88.325,26.204],[88.323,26.204],[88.322,26.204],[88.321,26.204],[88.319,26.204],[88.319,26.204],[88.318,26.202],[88.318,26.203],[88.317,26.204],[88.316,26.205],[88.315,26.205],[88.314,26.204],[88.314,26.204],[88.312,26.204],[88.31,26.204],[88.309,26.204],[88.307,26.203],[88.306,26.202],[88.305,26.2],[88.304,26.199],[88.303,26.2],[88.303,26.201],[88.301,26.201],[88.301,26.201],[88.301,26.199],[88.301,26.197],[88.301,26.197],[88.299,26.196],[88.298,26.197],[88.297,26.199],[88.296,26.2],[88.295,26.2],[88.294,26.2],[88.293,26.199],[88.292,26.199],[88.291,26.2],[88.293,26.201],[88.293,26.202],[88.29,26.201],[88.29,26.2],[88.289,26.2],[88.288,26.199],[88.288,26.198],[88.287,26.198],[88.287,26.198],[88.287,26.199],[88.287,26.2],[88.286,26.201],[88.284,26.2],[88.284,26.198],[88.283,26.197],[88.283,26.196],[88.283,26.195],[88.283,26.195],[88.282,26.194],[88.281,26.195],[88.281,26.195],[88.279,26.195],[88.279,26.193],[88.278,26.192],[88.278,26.192],[88.277,26.191],[88.277,26.19],[88.276,26.189],[88.275,26.189],[88.274,26.188],[88.273,26.188],[88.271,26.188],[88.27,26.187],[88.269,26.186],[88.268,26.186],[88.267,26.186],[88.265,26.187],[88.265,26.188],[88.265,26.188],[88.264,26.189],[88.264,26.19],[88.264,26.19],[88.263,26.189],[88.262,26.189],[88.262,26.188],[88.261,26.188],[88.26,26.187],[88.26,26.187],[88.259,26.187],[88.258,26.187],[88.258,26.188],[88.257,26.189],[88.256,26.189],[88.255,26.189],[88.254,26.189],[88.253,26.188],[88.252,26.188],[88.252,26.188],[88.252,26.187],[88.253,26.187],[88.254,26.186],[88.254,26.185],[88.253,26.185],[88.251,26.185],[88.25,26.186],[88.25,26.187],[88.25,26.187],[88.251,26.188],[88.25,26.189],[88.25,26.189],[88.248,26.191],[88.247,26.19],[88.246,26.19],[88.246,26.189],[88.246,26.188],[88.246,26.187],[88.245,26.187],[88.244,26.187],[88.244,26.188],[88.244,26.188],[88.245,26.189],[88.245,26.189],[88.243,26.189],[88.242,26.188],[88.242,26.188],[88.242,26.186],[88.242,26.185],[88.241,26.185],[88.24,26.185],[88.24,26.185],[88.239,26.185],[88.238,26.185],[88.238,26.185],[88.238,26.185],[88.237,26.184],[88.237,26.184],[88.237,26.183],[88.237,26.182],[88.236,26.182],[88.236,26.182],[88.235,26.182],[88.234,26.184],[88.233,26.185],[88.233,26.184],[88.233,26.182],[88.233,26.182],[88.233,26.181],[88.234,26.18],[88.236,26.18],[88.237,26.18],[88.238,26.179],[88.238,26.178],[88.238,26.177],[88.237,26.177],[88.237,26.177],[88.236,26.176],[88.235,26.177],[88.233,26.177],[88.233,26.176],[88.233,26.175],[88.233,26.174],[88.233,26.172],[88.231,26.171],[88.23,26.171],[88.229,26.172],[88.229,26.172],[88.228,26.173],[88.228,26.173],[88.227,26.172],[88.226,26.172],[88.226,26.171],[88.226,26.171],[88.227,26.17],[88.228,26.17],[88.228,26.169],[88.227,26.168],[88.226,26.168],[88.225,26.169],[88.224,26.168],[88.223,26.167],[88.223,26.166],[88.223,26.166],[88.222,26.166],[88.221,26.166],[88.219,26.166],[88.218,26.167],[88.218,26.167],[88.217,26.168],[88.217,26.169],[88.217,26.169],[88.217,26.17],[88.216,26.17],[88.215,26.17],[88.213,26.169],[88.212,26.168],[88.212,26.168],[88.212,26.167],[88.213,26.167],[88.215,26.167],[88.216,26.164],[88.216,26.163],[88.216,26.162],[88.215,26.162],[88.214,26.161],[88.213,26.161],[88.212,26.161],[88.211,26.16],[88.211,26.16],[88.21,26.16],[88.209,26.161],[88.208,26.161],[88.207,26.161],[88.207,26.16],[88.206,26.159],[88.205,26.159],[88.204,26.159],[88.203,26.159],[88.202,26.159],[88.201,26.159],[88.2,26.161],[88.199,26.163],[88.198,26.164],[88.196,26.164],[88.195,26.162],[88.196,26.16],[88.196,26.159],[88.193,26.158],[88.192,26.157],[88.192,26.155],[88.194,26.154],[88.196,26.155],[88.197,26.154],[88.196,26.152],[88.194,26.151],[88.193,26.152],[88.191,26.154],[88.189,26.155],[88.187,26.154],[88.186,26.154],[88.184,26.153],[88.183,26.152],[88.183,26.151],[88.181,26.15],[88.18,26.149],[88.179,26.15],[88.178,26.149],[88.177,26.148],[88.176,26.146],[88.177,26.145],[88.177,26.143],[88.178,26.141],[88.18,26.139],[88.18,26.139],[88.179,26.137],[88.178,26.135],[88.177,26.134],[88.176,26.133],[88.175,26.132],[88.174,26.13],[88.174,26.129],[88.173,26.128],[88.173,26.127],[88.175,26.125],[88.176,26.124],[88.179,26.125],[88.18,26.125],[88.179,26.123],[88.178,26.122],[88.176,26.121],[88.173,26.119],[88.172,26.117],[88.172,26.116],[88.173,26.114],[88.174,26.112],[88.173,26.11],[88.172,26.109],[88.169,26.109],[88.167,26.109],[88.165,26.109],[88.165,26.109],[88.164,26.108],[88.163,26.107],[88.162,26.104],[88.163,26.101],[88.162,26.1],[88.16,26.099],[88.158,26.097],[88.158,26.095],[88.16,26.092],[88.161,26.09],[88.161,26.089],[88.162,26.089],[88.163,26.09],[88.164,26.09],[88.165,26.089],[88.166,26.087],[88.164,26.086],[88.162,26.085],[88.159,26.083],[88.158,26.082],[88.157,26.08],[88.158,26.079],[88.159,26.078],[88.162,26.077],[88.163,26.077],[88.165,26.079],[88.166,26.081],[88.167,26.083],[88.169,26.083],[88.17,26.081],[88.171,26.078],[88.172,26.076],[88.173,26.075],[88.175,26.074],[88.179,26.074],[88.181,26.074],[88.182,26.073],[88.184,26.073],[88.184,26.072],[88.184,26.071],[88.182,26.069],[88.181,26.068],[88.182,26.067],[88.185,26.065],[88.186,26.064],[88.186,26.063],[88.185,26.062],[88.184,26.062],[88.183,26.061],[88.181,26.06],[88.18,26.059],[88.18,26.058],[88.179,26.059],[88.178,26.06],[88.177,26.059],[88.176,26.059],[88.176,26.058],[88.176,26.056],[88.176,26.055],[88.177,26.054],[88.178,26.052],[88.178,26.051],[88.178,26.048],[88.179,26.047],[88.178,26.047],[88.176,26.049],[88.175,26.05],[88.173,26.05],[88.17,26.048],[88.169,26.046],[88.17,26.044],[88.174,26.041],[88.173,26.038],[88.172,26.038],[88.171,26.037],[88.17,26.034],[88.172,26.032],[88.175,26.031],[88.177,26.03],[88.179,26.03],[88.181,26.031],[88.183,26.029],[88.184,26.028],[88.183,26.025],[88.179,26.022],[88.177,26.022],[88.176,26.021],[88.174,26.02],[88.173,26.019],[88.172,26.02],[88.17,26.021],[88.167,26.022],[88.165,26.02],[88.163,26.019],[88.161,26.018],[88.159,26.017],[88.157,26.019],[88.155,26.02],[88.153,26.02],[88.151,26.019],[88.149,26.018],[88.148,26.016],[88.147,26.014],[88.144,26.015],[88.143,26.015],[88.141,26.014],[88.14,26.013],[88.139,26.012],[88.141,26.011],[88.143,26.009],[88.144,26.001],[88.139,25.998],[88.136,26.001],[88.132,25.998],[88.131,25.997],[88.129,25.997],[88.129,25.995],[88.129,25.993],[88.129,25.991],[88.131,25.99],[88.13,25.986],[88.127,25.982],[88.129,25.98],[88.128,25.977],[88.122,25.975],[88.12,25.974],[88.119,25.972],[88.12,25.97],[88.122,25.969],[88.124,25.968],[88.124,25.966],[88.123,25.965],[88.12,25.964],[88.117,25.963],[88.115,25.961],[88.115,25.96],[88.114,25.958],[88.118,25.954],[88.12,25.953],[88.122,25.95],[88.122,25.948],[88.121,25.946],[88.119,25.945],[88.115,25.944],[88.113,25.944],[88.112,25.942],[88.113,25.94],[88.113,25.939],[88.112,25.938],[88.111,25.936],[88.111,25.934],[88.11,25.933],[88.107,25.934],[88.106,25.934],[88.105,25.934],[88.104,25.934],[88.103,25.935],[88.102,25.935],[88.101,25.935],[88.098,25.934],[88.095,25.932],[88.092,25.929],[88.091,25.925],[88.089,25.923],[88.088,25.92],[88.086,25.918],[88.086,25.916],[88.085,25.915],[88.087,25.913],[88.089,25.913],[88.091,25.915],[88.091,25.913],[88.092,25.912],[88.093,25.911],[88.094,25.91],[88.092,25.907],[88.09,25.904],[88.091,25.901],[88.093,25.899],[88.092,25.899],[88.09,25.898],[88.089,25.897],[88.093,25.895],[88.101,25.891],[88.102,25.887],[88.101,25.886],[88.101,25.885],[88.1,25.885],[88.099,25.884],[88.098,25.884],[88.098,25.882],[88.097,25.881],[88.097,25.879],[88.098,25.879],[88.098,25.878],[88.095,25.877],[88.095,25.873],[88.096,25.871],[88.098,25.871],[88.098,25.872],[88.099,25.873],[88.101,25.873],[88.102,25.871],[88.102,25.87],[88.102,25.868],[88.102,25.866],[88.101,25.864],[88.101,25.863],[88.101,25.862],[88.103,25.862],[88.104,25.862],[88.105,25.864],[88.105,25.865],[88.105,25.868],[88.107,25.869],[88.109,25.87],[88.11,25.869],[88.111,25.867],[88.112,25.865],[88.111,25.863],[88.11,25.861],[88.11,25.859],[88.112,25.857],[88.114,25.855],[88.113,25.852],[88.111,25.848],[88.109,25.847],[88.108,25.846],[88.106,25.845],[88.105,25.844],[88.102,25.845],[88.101,25.844],[88.101,25.844],[88.1,25.844],[88.1,25.843],[88.101,25.842],[88.102,25.841],[88.103,25.84],[88.107,25.839],[88.109,25.837],[88.106,25.833],[88.103,25.83],[88.102,25.829],[88.101,25.829],[88.103,25.827],[88.104,25.826],[88.106,25.825],[88.106,25.824],[88.107,25.822],[88.11,25.822],[88.111,25.821],[88.11,25.821],[88.109,25.818],[88.107,25.815],[88.11,25.815],[88.112,25.816],[88.115,25.815],[88.118,25.814],[88.119,25.811],[88.118,25.809],[88.116,25.806],[88.115,25.803],[88.115,25.801],[88.123,25.797],[88.127,25.797],[88.128,25.798],[88.129,25.798],[88.132,25.798],[88.133,25.798],[88.134,25.798],[88.137,25.797],[88.137,25.797],[88.138,25.797],[88.139,25.796],[88.142,25.795],[88.143,25.794],[88.144,25.794],[88.144,25.794],[88.145,25.792],[88.144,25.791],[88.145,25.791],[88.145,25.79],[88.145,25.789],[88.144,25.787],[88.143,25.784],[88.142,25.783],[88.141,25.782],[88.141,25.781],[88.141,25.78],[88.143,25.78],[88.145,25.78],[88.146,25.78],[88.147,25.781],[88.148,25.782],[88.148,25.781],[88.147,25.777],[88.149,25.776],[88.151,25.776],[88.153,25.776],[88.155,25.777],[88.156,25.778],[88.156,25.779],[88.157,25.78],[88.157,25.781],[88.157,25.782],[88.159,25.782],[88.159,25.783],[88.158,25.785],[88.158,25.786],[88.159,25.786],[88.16,25.787],[88.161,25.788],[88.163,25.789],[88.164,25.789],[88.165,25.79],[88.166,25.789],[88.167,25.788],[88.171,25.787],[88.173,25.787],[88.173,25.787],[88.174,25.789],[88.174,25.79],[88.175,25.791],[88.176,25.791],[88.176,25.793],[88.176,25.793],[88.175,25.794],[88.176,25.794],[88.178,25.794],[88.18,25.793],[88.18,25.795],[88.182,25.797],[88.181,25.798],[88.181,25.8],[88.183,25.8],[88.184,25.802],[88.185,25.801],[88.185,25.802],[88.187,25.801],[88.189,25.801],[88.189,25.802],[88.191,25.802],[88.193,25.801],[88.193,25.8],[88.194,25.799],[88.195,25.798],[88.197,25.796],[88.198,25.796],[88.199,25.795],[88.2,25.792],[88.2,25.79],[88.201,25.789],[88.203,25.789],[88.207,25.787],[88.208,25.787],[88.21,25.787],[88.21,25.788],[88.21,25.79],[88.21,25.792],[88.211,25.791],[88.213,25.79],[88.213,25.791],[88.213,25.793],[88.213,25.793],[88.213,25.794],[88.212,25.795],[88.212,25.793],[88.211,25.792],[88.21,25.793],[88.21,25.793],[88.21,25.795],[88.21,25.796],[88.211,25.797],[88.212,25.797],[88.214,25.797],[88.215,25.797],[88.216,25.798],[88.215,25.799],[88.214,25.8],[88.216,25.801],[88.217,25.801],[88.22,25.8],[88.222,25.799],[88.222,25.797],[88.223,25.797],[88.224,25.798],[88.226,25.8],[88.227,25.799],[88.228,25.797],[88.229,25.797],[88.23,25.797],[88.23,25.796],[88.231,25.797],[88.232,25.797],[88.233,25.798],[88.232,25.799],[88.231,25.799],[88.23,25.799],[88.231,25.8],[88.231,25.801],[88.232,25.8],[88.233,25.799],[88.234,25.799],[88.234,25.8],[88.233,25.801],[88.231,25.801],[88.23,25.801],[88.23,25.802],[88.23,25.803],[88.231,25.803],[88.231,25.803],[88.232,25.804],[88.233,25.805],[88.234,25.806],[88.234,25.806],[88.235,25.806],[88.236,25.807],[88.235,25.808],[88.235,25.809],[88.236,25.81],[88.237,25.81],[88.239,25.81],[88.24,25.809],[88.241,25.81],[88.242,25.81],[88.245,25.809],[88.244,25.809],[88.245,25.807],[88.247,25.806],[88.247,25.807],[88.247,25.809],[88.248,25.81],[88.248,25.811],[88.249,25.813],[88.25,25.812],[88.252,25.812],[88.253,25.812],[88.255,25.812],[88.257,25.811],[88.259,25.812],[88.26,25.814],[88.263,25.812],[88.267,25.81],[88.27,25.808],[88.269,25.806],[88.27,25.806],[88.271,25.803],[88.271,25.798],[88.271,25.795],[88.272,25.793],[88.272,25.792],[88.271,25.791],[88.271,25.79],[88.27,25.789],[88.27,25.787],[88.27,25.785],[88.269,25.784],[88.268,25.784],[88.267,25.784],[88.267,25.783],[88.268,25.781],[88.27,25.781],[88.271,25.781],[88.272,25.78],[88.274,25.779],[88.275,25.778],[88.275,25.778],[88.276,25.777],[88.277,25.776],[88.276,25.776],[88.277,25.775],[88.277,25.775],[88.278,25.775],[88.279,25.774],[88.28,25.775],[88.281,25.776],[88.282,25.775],[88.284,25.775],[88.286,25.775],[88.287,25.775],[88.289,25.774],[88.291,25.774],[88.29,25.772],[88.291,25.771],[88.29,25.77],[88.29,25.77],[88.289,25.768],[88.291,25.767],[88.294,25.766],[88.296,25.765],[88.299,25.765],[88.298,25.764],[88.299,25.763],[88.299,25.761],[88.3,25.76],[88.302,25.759],[88.305,25.759],[88.307,25.758],[88.309,25.757],[88.311,25.756],[88.314,25.754],[88.316,25.75],[88.316,25.746],[88.32,25.744],[88.32,25.743],[88.319,25.741],[88.32,25.739],[88.321,25.738],[88.323,25.738],[88.325,25.738],[88.327,25.739],[88.329,25.74],[88.33,25.74],[88.332,25.739],[88.337,25.737],[88.337,25.736],[88.338,25.735],[88.339,25.735],[88.34,25.735],[88.341,25.733],[88.343,25.73],[88.344,25.73],[88.347,25.73],[88.349,25.73],[88.351,25.728],[88.359,25.728],[88.358,25.726],[88.357,25.723],[88.358,25.721],[88.362,25.72],[88.364,25.718],[88.366,25.717],[88.368,25.717],[88.37,25.716],[88.372,25.716],[88.373,25.716],[88.374,25.717],[88.375,25.715],[88.374,25.713],[88.374,25.711],[88.373,25.71],[88.37,25.71],[88.37,25.709],[88.371,25.708],[88.371,25.708],[88.372,25.707],[88.372,25.707],[88.371,25.705],[88.371,25.703],[88.37,25.701],[88.372,25.7],[88.372,25.699],[88.371,25.698],[88.371,25.697],[88.372,25.697],[88.373,25.697],[88.374,25.697],[88.376,25.697],[88.377,25.697],[88.378,25.697],[88.379,25.697],[88.38,25.697],[88.382,25.697],[88.383,25.697],[88.384,25.696],[88.385,25.694],[88.388,25.694],[88.39,25.694],[88.39,25.689],[88.389,25.688],[88.39,25.685],[88.392,25.684],[88.393,25.684],[88.394,25.685],[88.396,25.685],[88.398,25.685],[88.402,25.686],[88.404,25.686],[88.404,25.685],[88.405,25.684],[88.405,25.683],[88.404,25.681],[88.403,25.679],[88.402,25.677],[88.402,25.675],[88.402,25.674],[88.403,25.672],[88.404,25.672],[88.406,25.671],[88.407,25.671],[88.408,25.671],[88.409,25.671],[88.411,25.67],[88.412,25.67],[88.413,25.67],[88.414,25.67],[88.415,25.67],[88.415,25.669],[88.416,25.669],[88.418,25.668],[88.419,25.668],[88.419,25.669],[88.42,25.669],[88.421,25.67],[88.424,25.67],[88.424,25.67],[88.428,25.669],[88.43,25.669],[88.431,25.669],[88.433,25.669],[88.436,25.668],[88.437,25.668],[88.439,25.668],[88.44,25.667],[88.441,25.667],[88.442,25.666],[88.444,25.666],[88.444,25.665],[88.445,25.665],[88.446,25.665],[88.449,25.665],[88.451,25.665],[88.454,25.664],[88.454,25.662],[88.454,25.66],[88.454,25.657],[88.455,25.657],[88.455,25.655],[88.455,25.654],[88.455,25.652],[88.455,25.651],[88.454,25.648],[88.454,25.645],[88.456,25.644],[88.456,25.644],[88.456,25.643],[88.456,25.643],[88.456,25.643],[88.456,25.642],[88.456,25.642],[88.456,25.642],[88.456,25.641],[88.456,25.641],[88.456,25.641],[88.456,25.64],[88.456,25.64],[88.456,25.64],[88.456,25.639],[88.456,25.639],[88.456,25.639],[88.456,25.639],[88.456,25.639],[88.455,25.639],[88.455,25.638],[88.455,25.638],[88.455,25.638],[88.455,25.638],[88.455,25.637],[88.455,25.637],[88.455,25.637],[88.455,25.637],[88.455,25.637],[88.455,25.636],[88.455,25.636],[88.455,25.636],[88.455,25.635],[88.455,25.634],[88.455,25.632],[88.455,25.629],[88.455,25.629],[88.456,25.629],[88.456,25.628],[88.455,25.628],[88.455,25.628],[88.455,25.627],[88.454,25.627],[88.454,25.627],[88.453,25.627],[88.453,25.627],[88.452,25.626],[88.452,25.626],[88.452,25.626],[88.451,25.625],[88.451,25.625],[88.45,25.625],[88.45,25.625],[88.449,25.625],[88.449,25.624],[88.449,25.624],[88.448,25.623],[88.448,25.623],[88.448,25.623],[88.448,25.622],[88.448,25.622],[88.448,25.622],[88.448,25.621],[88.448,25.621],[88.448,25.621],[88.448,25.621],[88.448,25.621],[88.448,25.62],[88.448,25.62],[88.448,25.619],[88.448,25.619],[88.448,25.619],[88.448,25.618],[88.447,25.618],[88.447,25.618],[88.447,25.618],[88.447,25.618],[88.448,25.617],[88.447,25.617],[88.447,25.617],[88.446,25.617],[88.446,25.616],[88.446,25.616],[88.445,25.616],[88.445,25.616],[88.445,25.615],[88.445,25.614],[88.445,25.614],[88.445,25.614],[88.446,25.614],[88.446,25.614],[88.447,25.615],[88.448,25.615],[88.448,25.614],[88.447,25.614],[88.446,25.613],[88.446,25.613],[88.447,25.612],[88.447,25.612],[88.446,25.612],[88.447,25.611],[88.447,25.61],[88.448,25.61],[88.448,25.61],[88.448,25.609],[88.448,25.608],[88.448,25.608],[88.448,25.607],[88.448,25.607],[88.448,25.607],[88.448,25.606],[88.448,25.606],[88.448,25.605],[88.449,25.605],[88.449,25.605],[88.45,25.605],[88.45,25.605],[88.449,25.603],[88.447,25.602],[88.446,25.601],[88.446,25.601],[88.445,25.6],[88.444,25.597],[88.446,25.597],[88.448,25.597],[88.454,25.598],[88.458,25.599],[88.459,25.598],[88.459,25.597],[88.458,25.597],[88.458,25.596],[88.459,25.596],[88.459,25.595],[88.46,25.595],[88.461,25.595],[88.462,25.594],[88.462,25.593],[88.464,25.592],[88.466,25.592],[88.467,25.59],[88.467,25.588],[88.466,25.587],[88.466,25.587],[88.468,25.588],[88.469,25.587],[88.469,25.585],[88.469,25.584],[88.469,25.583],[88.47,25.583],[88.472,25.585],[88.473,25.585],[88.474,25.586],[88.477,25.586],[88.48,25.585],[88.481,25.585],[88.481,25.584],[88.481,25.582],[88.483,25.582],[88.483,25.584],[88.483,25.585],[88.483,25.586],[88.484,25.586],[88.485,25.586],[88.488,25.585],[88.491,25.585],[88.491,25.584],[88.492,25.583],[88.493,25.583],[88.494,25.584],[88.494,25.585],[88.497,25.585],[88.499,25.584],[88.499,25.584],[88.5,25.583],[88.5,25.582],[88.499,25.579],[88.499,25.578],[88.499,25.575],[88.499,25.573],[88.498,25.572],[88.497,25.571],[88.495,25.568],[88.494,25.565],[88.493,25.562],[88.494,25.56],[88.493,25.559],[88.494,25.559],[88.495,25.559],[88.497,25.559],[88.498,25.559],[88.499,25.558],[88.499,25.557],[88.498,25.556],[88.498,25.556],[88.498,25.555],[88.498,25.554],[88.499,25.553],[88.5,25.552],[88.5,25.551],[88.501,25.55],[88.502,25.55],[88.503,25.55],[88.504,25.55],[88.505,25.549],[88.505,25.549],[88.506,25.548],[88.507,25.548],[88.508,25.548],[88.508,25.546],[88.509,25.545],[88.509,25.544],[88.51,25.545],[88.51,25.546],[88.512,25.546],[88.512,25.546],[88.513,25.547],[88.515,25.548],[88.515,25.547],[88.517,25.546],[88.518,25.546],[88.518,25.545],[88.519,25.545],[88.519,25.543],[88.519,25.542],[88.518,25.539],[88.52,25.538],[88.521,25.537],[88.522,25.536],[88.525,25.537],[88.526,25.539],[88.527,25.541],[88.528,25.543],[88.53,25.543],[88.531,25.543],[88.532,25.542],[88.533,25.542],[88.533,25.539],[88.533,25.535],[88.533,25.532],[88.534,25.532],[88.534,25.533],[88.535,25.534],[88.537,25.534],[88.54,25.534],[88.54,25.532],[88.54,25.529],[88.54,25.527],[88.541,25.526],[88.541,25.526],[88.54,25.526],[88.538,25.525],[88.538,25.523],[88.538,25.521],[88.539,25.52],[88.54,25.519],[88.54,25.517],[88.54,25.514],[88.54,25.513],[88.541,25.512],[88.541,25.511],[88.539,25.51],[88.539,25.509],[88.542,25.508],[88.543,25.509],[88.545,25.509],[88.546,25.509],[88.546,25.509],[88.545,25.51],[88.544,25.51],[88.545,25.511],[88.545,25.511],[88.546,25.511],[88.547,25.511],[88.547,25.512],[88.547,25.513],[88.548,25.513],[88.548,25.514],[88.549,25.514],[88.548,25.515],[88.548,25.516],[88.548,25.517],[88.548,25.518],[88.549,25.518],[88.55,25.519],[88.551,25.52],[88.553,25.521],[88.554,25.521],[88.555,25.52],[88.555,25.519],[88.554,25.518],[88.553,25.517],[88.553,25.516],[88.555,25.515],[88.555,25.514],[88.557,25.514],[88.558,25.514],[88.559,25.513],[88.564,25.513],[88.568,25.513],[88.568,25.511],[88.571,25.511],[88.572,25.51],[88.572,25.51],[88.574,25.509],[88.578,25.508],[88.578,25.509],[88.579,25.51],[88.581,25.51],[88.582,25.51],[88.582,25.51],[88.584,25.51],[88.586,25.51],[88.586,25.509],[88.586,25.509],[88.587,25.509],[88.587,25.508],[88.587,25.508],[88.588,25.507],[88.588,25.507],[88.589,25.508],[88.589,25.509],[88.59,25.509],[88.591,25.509],[88.591,25.509],[88.592,25.509],[88.593,25.509],[88.593,25.509],[88.593,25.508],[88.593,25.508],[88.593,25.508],[88.594,25.508],[88.594,25.507],[88.594,25.507],[88.594,25.507],[88.595,25.507],[88.595,25.506],[88.596,25.506],[88.596,25.506],[88.596,25.506],[88.596,25.506],[88.597,25.506],[88.597,25.507],[88.597,25.507],[88.597,25.507],[88.597,25.507],[88.597,25.507],[88.597,25.507],[88.597,25.508],[88.598,25.508],[88.598,25.508],[88.598,25.509],[88.598,25.509],[88.598,25.509],[88.598,25.51],[88.598,25.51],[88.599,25.51],[88.599,25.51],[88.599,25.51],[88.6,25.51],[88.599,25.511],[88.599,25.512],[88.6,25.512],[88.601,25.512],[88.601,25.512],[88.601,25.513],[88.602,25.514],[88.603,25.515],[88.603,25.516],[88.604,25.516],[88.605,25.516],[88.609,25.516],[88.609,25.514],[88.609,25.513],[88.609,25.513],[88.609,25.512],[88.609,25.51],[88.608,25.51],[88.607,25.509],[88.608,25.509],[88.609,25.51],[88.611,25.51],[88.612,25.51],[88.613,25.51],[88.614,25.509],[88.614,25.509],[88.615,25.508],[88.615,25.507],[88.615,25.507],[88.615,25.505],[88.616,25.505],[88.617,25.504],[88.618,25.504],[88.62,25.504],[88.621,25.501],[88.622,25.5],[88.622,25.498],[88.624,25.497],[88.627,25.498],[88.628,25.498],[88.629,25.498],[88.63,25.499],[88.631,25.499],[88.632,25.499],[88.635,25.499],[88.636,25.499],[88.637,25.499],[88.64,25.5],[88.643,25.499],[88.645,25.498],[88.645,25.497],[88.645,25.496],[88.646,25.497],[88.647,25.497],[88.649,25.496],[88.648,25.496],[88.648,25.494],[88.648,25.493],[88.647,25.494],[88.646,25.494],[88.643,25.493],[88.644,25.491],[88.644,25.489],[88.645,25.488],[88.645,25.486],[88.645,25.484],[88.646,25.482],[88.647,25.478],[88.648,25.478],[88.648,25.478],[88.649,25.479],[88.649,25.48],[88.651,25.48],[88.651,25.48],[88.652,25.481],[88.653,25.481],[88.654,25.481],[88.655,25.481],[88.655,25.481],[88.656,25.481],[88.656,25.482],[88.657,25.482],[88.657,25.482],[88.658,25.482],[88.659,25.482],[88.66,25.482],[88.661,25.48],[88.662,25.48],[88.662,25.477],[88.663,25.476],[88.663,25.475],[88.663,25.474],[88.665,25.474],[88.667,25.475],[88.669,25.475],[88.67,25.475],[88.67,25.474],[88.672,25.474],[88.673,25.474],[88.675,25.475],[88.677,25.474],[88.68,25.475],[88.682,25.475],[88.682,25.475],[88.683,25.475],[88.684,25.476],[88.686,25.476],[88.688,25.476],[88.69,25.475],[88.692,25.474],[88.694,25.474],[88.695,25.473],[88.696,25.473],[88.697,25.472],[88.698,25.471],[88.699,25.471],[88.7,25.474],[88.7,25.476],[88.703,25.476],[88.705,25.477],[88.706,25.477],[88.707,25.478],[88.707,25.479],[88.707,25.48],[88.708,25.481],[88.71,25.481],[88.71,25.482],[88.71,25.484],[88.709,25.486],[88.709,25.487],[88.709,25.488],[88.709,25.49],[88.708,25.492],[88.709,25.493],[88.709,25.495],[88.709,25.496],[88.709,25.497],[88.708,25.498],[88.708,25.499],[88.707,25.5],[88.709,25.5],[88.71,25.5],[88.711,25.5],[88.712,25.5],[88.713,25.5],[88.713,25.499],[88.713,25.499],[88.712,25.498],[88.712,25.496],[88.713,25.496],[88.714,25.498],[88.715,25.499],[88.717,25.5],[88.719,25.5],[88.72,25.5],[88.721,25.5],[88.722,25.502],[88.724,25.502],[88.726,25.502],[88.726,25.503],[88.727,25.503],[88.73,25.504],[88.73,25.504],[88.732,25.504],[88.734,25.505],[88.735,25.504],[88.736,25.504],[88.738,25.505],[88.74,25.505],[88.742,25.505],[88.742,25.503],[88.742,25.5],[88.743,25.499],[88.744,25.497],[88.743,25.495],[88.742,25.495],[88.742,25.494],[88.741,25.493],[88.741,25.491],[88.741,25.491],[88.741,25.49],[88.741,25.489],[88.742,25.489],[88.745,25.489],[88.747,25.493],[88.749,25.495],[88.752,25.495],[88.757,25.493],[88.761,25.493],[88.764,25.495],[88.77,25.5],[88.77,25.503],[88.769,25.504],[88.765,25.503],[88.764,25.504],[88.763,25.506],[88.759,25.508],[88.758,25.509],[88.757,25.511],[88.758,25.512],[88.759,25.513],[88.761,25.515],[88.761,25.518],[88.76,25.52],[88.759,25.522],[88.758,25.523],[88.759,25.525],[88.761,25.526],[88.765,25.525],[88.767,25.525],[88.768,25.524],[88.768,25.522],[88.769,25.521],[88.771,25.52],[88.774,25.519],[88.774,25.519],[88.776,25.519],[88.776,25.518],[88.776,25.517],[88.776,25.517],[88.778,25.516],[88.779,25.516],[88.78,25.515],[88.781,25.516],[88.782,25.516],[88.782,25.515],[88.783,25.516],[88.784,25.516],[88.786,25.517],[88.785,25.518],[88.785,25.519],[88.788,25.52],[88.79,25.52],[88.791,25.521],[88.792,25.521],[88.794,25.523],[88.796,25.523],[88.797,25.523],[88.799,25.524],[88.799,25.524],[88.801,25.524],[88.803,25.524],[88.803,25.524],[88.805,25.523],[88.808,25.523],[88.81,25.523],[88.811,25.523],[88.811,25.523],[88.811,25.522],[88.811,25.522],[88.811,25.521],[88.81,25.521],[88.81,25.52],[88.81,25.52],[88.81,25.52],[88.81,25.519],[88.809,25.519],[88.809,25.518],[88.809,25.518],[88.809,25.518],[88.809,25.518],[88.808,25.518],[88.808,25.517],[88.808,25.517],[88.808,25.516],[88.808,25.516],[88.808,25.515],[88.808,25.515],[88.808,25.514],[88.808,25.514],[88.808,25.513],[88.808,25.513],[88.808,25.513],[88.809,25.513],[88.809,25.512],[88.809,25.512],[88.809,25.511],[88.809,25.511],[88.81,25.511],[88.81,25.51],[88.81,25.51],[88.81,25.51],[88.81,25.509],[88.811,25.509],[88.811,25.509],[88.811,25.508],[88.81,25.508],[88.81,25.508],[88.81,25.507],[88.81,25.507],[88.809,25.507],[88.809,25.506],[88.81,25.506],[88.81,25.506],[88.81,25.506],[88.81,25.505],[88.81,25.505],[88.81,25.505],[88.81,25.504],[88.81,25.504],[88.81,25.503],[88.81,25.503],[88.81,25.502],[88.81,25.501],[88.81,25.501],[88.81,25.501],[88.81,25.5],[88.81,25.499],[88.81,25.499],[88.81,25.498],[88.811,25.498],[88.811,25.498],[88.811,25.497],[88.812,25.496],[88.812,25.495],[88.812,25.495],[88.812,25.494],[88.813,25.493],[88.812,25.492],[88.812,25.491],[88.813,25.491],[88.813,25.49],[88.813,25.489],[88.814,25.489],[88.814,25.489],[88.814,25.488],[88.816,25.488],[88.821,25.489],[88.822,25.489],[88.823,25.489],[88.824,25.489],[88.826,25.49],[88.828,25.49],[88.83,25.488],[88.832,25.486],[88.833,25.483],[88.834,25.479],[88.835,25.476],[88.836,25.474],[88.838,25.472],[88.838,25.47],[88.837,25.469],[88.835,25.465],[88.836,25.462],[88.839,25.46],[88.839,25.458],[88.838,25.456],[88.838,25.453],[88.837,25.453],[88.836,25.452],[88.835,25.452],[88.835,25.452],[88.835,25.452],[88.834,25.452],[88.834,25.452],[88.834,25.451],[88.833,25.451],[88.833,25.451],[88.832,25.451],[88.832,25.45],[88.832,25.45],[88.833,25.45],[88.833,25.45],[88.832,25.449],[88.832,25.45],[88.831,25.45],[88.831,25.449],[88.831,25.449],[88.83,25.449],[88.83,25.449],[88.83,25.449],[88.831,25.449],[88.827,25.446],[88.826,25.443],[88.826,25.442],[88.826,25.441],[88.827,25.44],[88.827,25.438],[88.827,25.437],[88.828,25.437],[88.829,25.437],[88.831,25.437],[88.832,25.437],[88.832,25.436],[88.833,25.435],[88.833,25.434],[88.832,25.433],[88.832,25.432],[88.833,25.432],[88.834,25.431],[88.834,25.43],[88.834,25.429],[88.83,25.428],[88.83,25.427],[88.829,25.426],[88.83,25.424],[88.831,25.423],[88.831,25.42],[88.827,25.417],[88.825,25.416],[88.82,25.416],[88.82,25.417],[88.819,25.418],[88.818,25.416],[88.817,25.415],[88.814,25.412],[88.813,25.41],[88.815,25.41],[88.816,25.41],[88.818,25.41],[88.82,25.41],[88.821,25.41],[88.823,25.41],[88.823,25.408],[88.824,25.403],[88.824,25.401],[88.826,25.401],[88.827,25.401],[88.829,25.401],[88.832,25.401],[88.834,25.401],[88.834,25.402],[88.836,25.402],[88.837,25.401],[88.838,25.397],[88.84,25.397],[88.841,25.394],[88.841,25.393],[88.84,25.392],[88.84,25.392],[88.839,25.391],[88.838,25.391],[88.837,25.391],[88.837,25.389],[88.837,25.388],[88.837,25.386],[88.837,25.385],[88.837,25.384],[88.838,25.384],[88.839,25.384],[88.841,25.384],[88.841,25.382],[88.838,25.38],[88.838,25.374],[88.839,25.373],[88.839,25.37],[88.838,25.369],[88.839,25.368],[88.84,25.368],[88.841,25.367],[88.841,25.365],[88.841,25.364],[88.843,25.364],[88.844,25.364],[88.846,25.362],[88.848,25.363],[88.85,25.363],[88.851,25.363],[88.852,25.363],[88.854,25.363],[88.854,25.363],[88.855,25.362],[88.855,25.362],[88.855,25.361],[88.855,25.361],[88.855,25.361],[88.855,25.361],[88.855,25.36],[88.855,25.36],[88.855,25.36],[88.855,25.36],[88.855,25.36],[88.855,25.36],[88.855,25.359],[88.855,25.359],[88.855,25.359],[88.855,25.358],[88.855,25.358],[88.856,25.357],[88.856,25.357],[88.855,25.357],[88.855,25.357],[88.855,25.356],[88.855,25.356],[88.855,25.355],[88.855,25.355],[88.855,25.355],[88.855,25.355],[88.856,25.355],[88.858,25.355],[88.86,25.355],[88.863,25.355],[88.864,25.355],[88.864,25.355],[88.864,25.353],[88.867,25.352],[88.869,25.35],[88.868,25.349],[88.868,25.348],[88.868,25.348],[88.868,25.348],[88.868,25.348],[88.868,25.347],[88.868,25.347],[88.868,25.347],[88.868,25.346],[88.868,25.346],[88.868,25.345],[88.868,25.345],[88.868,25.345],[88.868,25.344],[88.868,25.344],[88.868,25.344],[88.867,25.344],[88.867,25.344],[88.867,25.344],[88.867,25.344],[88.867,25.344],[88.866,25.343],[88.867,25.343],[88.867,25.343],[88.871,25.34],[88.872,25.339],[88.872,25.338],[88.873,25.337],[88.874,25.337],[88.876,25.337],[88.876,25.336],[88.876,25.334],[88.876,25.333],[88.877,25.333],[88.878,25.332],[88.879,25.331],[88.882,25.328],[88.884,25.326],[88.886,25.326],[88.888,25.326],[88.888,25.329],[88.887,25.33],[88.886,25.334],[88.886,25.335],[88.888,25.336],[88.889,25.337],[88.889,25.337],[88.891,25.337],[88.891,25.337],[88.892,25.337],[88.895,25.337],[88.896,25.337],[88.9,25.337],[88.901,25.337],[88.904,25.338],[88.906,25.338],[88.906,25.337],[88.907,25.337],[88.906,25.337],[88.906,25.336],[88.906,25.336],[88.906,25.336],[88.906,25.335],[88.906,25.335],[88.906,25.334],[88.906,25.333],[88.907,25.333],[88.907,25.333],[88.906,25.332],[88.906,25.331],[88.906,25.331],[88.907,25.33],[88.907,25.33],[88.907,25.329],[88.907,25.329],[88.907,25.328],[88.907,25.327],[88.906,25.327],[88.907,25.327],[88.907,25.327],[88.908,25.326],[88.908,25.325],[88.908,25.325],[88.908,25.325],[88.909,25.325],[88.909,25.324],[88.909,25.324],[88.909,25.323],[88.91,25.323],[88.91,25.323],[88.91,25.323],[88.91,25.322],[88.91,25.321],[88.91,25.321],[88.91,25.321],[88.91,25.32],[88.911,25.32],[88.911,25.32],[88.911,25.319],[88.911,25.319],[88.911,25.319],[88.912,25.318],[88.912,25.317],[88.913,25.317],[88.913,25.316],[88.913,25.316],[88.914,25.315],[88.914,25.315],[88.914,25.315],[88.915,25.315],[88.915,25.315],[88.916,25.315],[88.916,25.314],[88.916,25.314],[88.916,25.313],[88.916,25.313],[88.915,25.313],[88.915,25.312],[88.916,25.312],[88.916,25.312],[88.918,25.312],[88.922,25.312],[88.924,25.312],[88.924,25.313],[88.926,25.315],[88.927,25.315],[88.928,25.316],[88.927,25.317],[88.929,25.316],[88.929,25.315],[88.929,25.314],[88.928,25.311],[88.929,25.311],[88.929,25.309],[88.929,25.307],[88.929,25.306],[88.931,25.304],[88.933,25.304],[88.936,25.303],[88.936,25.303],[88.937,25.303],[88.938,25.302],[88.938,25.302],[88.939,25.301],[88.94,25.301],[88.941,25.301],[88.942,25.302],[88.944,25.301],[88.945,25.302],[88.945,25.303],[88.946,25.303],[88.947,25.302],[88.948,25.302],[88.949,25.304],[88.952,25.303],[88.953,25.303],[88.953,25.301],[88.955,25.302],[88.956,25.303],[88.956,25.302],[88.957,25.301],[88.958,25.301],[88.96,25.301],[88.96,25.302],[88.96,25.304],[88.96,25.306],[88.962,25.306],[88.963,25.305],[88.965,25.305],[88.965,25.304],[88.965,25.303],[88.966,25.303],[88.968,25.302],[88.968,25.302],[88.97,25.302],[88.97,25.301],[88.972,25.301],[88.973,25.301],[88.974,25.302],[88.975,25.302],[88.975,25.304],[88.976,25.306],[88.977,25.306],[88.979,25.306],[88.981,25.306],[88.983,25.306],[88.984,25.304],[88.983,25.304],[88.982,25.304],[88.982,25.303],[88.983,25.302],[88.983,25.301],[88.984,25.301],[88.984,25.301],[88.984,25.301],[88.985,25.302],[88.985,25.302],[88.986,25.302],[88.986,25.301],[88.985,25.299],[88.985,25.299],[88.986,25.299],[88.988,25.299],[88.99,25.298],[88.991,25.297],[88.992,25.296],[88.994,25.297],[88.996,25.297],[88.997,25.296],[88.998,25.296],[89.0,25.295],[89.001,25.295],[89.002,25.296],[89.002,25.297],[89.002,25.297],[89.003,25.298],[89.003,25.299],[89.004,25.3],[89.005,25.299],[89.006,25.3],[89.006,25.302],[89.009,25.299],[89.008,25.286],[89.007,25.28],[89.007,25.276],[89.007,25.273],[89.008,25.264],[89.007,25.264],[89.006,25.264],[89.004,25.265],[89.004,25.266],[89.003,25.268],[89.002,25.269],[89.0,25.269],[88.999,25.269],[88.998,25.269],[88.996,25.27],[88.995,25.27],[88.994,25.271],[88.993,25.272],[88.993,25.273],[88.992,25.274],[88.992,25.274],[88.99,25.274],[88.989,25.274],[88.987,25.275],[88.986,25.273],[88.985,25.272],[88.985,25.271],[88.984,25.269],[88.982,25.268],[88.983,25.268],[88.982,25.267],[88.981,25.267],[88.981,25.266],[88.982,25.266],[88.982,25.265],[88.981,25.266],[88.981,25.265],[88.98,25.264],[88.977,25.264],[88.977,25.264],[88.976,25.264],[88.975,25.262],[88.974,25.26],[88.97,25.258],[88.966,25.257],[88.966,25.257],[88.963,25.256],[88.962,25.256],[88.96,25.256],[88.959,25.255],[88.958,25.255],[88.956,25.255],[88.955,25.254],[88.955,25.253],[88.955,25.252],[88.955,25.25],[88.953,25.249],[88.952,25.247],[88.951,25.246],[88.951,25.244],[88.951,25.243],[88.952,25.241],[88.953,25.239],[88.954,25.237],[88.953,25.236],[88.953,25.235],[88.952,25.234],[88.952,25.232],[88.952,25.23],[88.954,25.229],[88.955,25.228],[88.955,25.227],[88.956,25.226],[88.957,25.224],[88.958,25.224],[88.958,25.222],[88.958,25.221],[88.958,25.218],[88.958,25.217],[88.958,25.215],[88.958,25.213],[88.959,25.213],[88.96,25.212],[88.96,25.211],[88.961,25.211],[88.961,25.21],[88.961,25.208],[88.959,25.208],[88.958,25.208],[88.956,25.208],[88.956,25.208],[88.954,25.207],[88.952,25.207],[88.951,25.207],[88.95,25.207],[88.949,25.207],[88.947,25.207],[88.945,25.207],[88.943,25.207],[88.943,25.208],[88.942,25.209],[88.941,25.21],[88.939,25.211],[88.938,25.212],[88.937,25.211],[88.937,25.21],[88.936,25.207],[88.936,25.205],[88.937,25.204],[88.936,25.202],[88.934,25.201],[88.934,25.198],[88.936,25.196],[88.937,25.194],[88.94,25.193],[88.942,25.193],[88.943,25.193],[88.944,25.194],[88.945,25.194],[88.947,25.194],[88.947,25.193],[88.947,25.192],[88.946,25.19],[88.947,25.189],[88.947,25.188],[88.946,25.186],[88.946,25.185],[88.945,25.185],[88.944,25.184],[88.944,25.183],[88.948,25.182],[88.949,25.18],[88.949,25.179],[88.948,25.176],[88.946,25.177],[88.945,25.176],[88.945,25.176],[88.944,25.175],[88.944,25.175],[88.944,25.174],[88.943,25.174],[88.941,25.174],[88.94,25.175],[88.94,25.176],[88.939,25.177],[88.939,25.179],[88.938,25.179],[88.937,25.181],[88.934,25.181],[88.933,25.181],[88.931,25.179],[88.93,25.178],[88.929,25.178],[88.929,25.177],[88.928,25.177],[88.928,25.176],[88.929,25.175],[88.928,25.174],[88.927,25.174],[88.926,25.173],[88.924,25.172],[88.924,25.171],[88.924,25.169],[88.923,25.167],[88.923,25.166],[88.922,25.166],[88.919,25.167],[88.918,25.167],[88.916,25.167],[88.913,25.168],[88.912,25.168],[88.912,25.171],[88.912,25.173],[88.912,25.174],[88.913,25.176],[88.912,25.177],[88.913,25.178],[88.911,25.178],[88.911,25.18],[88.909,25.18],[88.908,25.179],[88.907,25.179],[88.905,25.179],[88.904,25.179],[88.903,25.18],[88.901,25.18],[88.901,25.18],[88.9,25.181],[88.899,25.181],[88.898,25.182],[88.898,25.183],[88.896,25.183],[88.893,25.183],[88.891,25.185],[88.889,25.184],[88.89,25.182],[88.89,25.178],[88.889,25.179],[88.885,25.179],[88.881,25.179],[88.877,25.179],[88.875,25.179],[88.875,25.18],[88.875,25.181],[88.875,25.182],[88.875,25.182],[88.875,25.183],[88.875,25.183],[88.875,25.184],[88.875,25.185],[88.875,25.186],[88.875,25.186],[88.875,25.187],[88.874,25.187],[88.874,25.188],[88.874,25.188],[88.873,25.189],[88.873,25.189],[88.872,25.19],[88.873,25.191],[88.873,25.191],[88.873,25.192],[88.874,25.193],[88.875,25.194],[88.875,25.195],[88.875,25.196],[88.874,25.196],[88.873,25.195],[88.872,25.194],[88.871,25.192],[88.869,25.191],[88.866,25.19],[88.864,25.191],[88.865,25.192],[88.865,25.194],[88.865,25.195],[88.865,25.197],[88.865,25.198],[88.865,25.199],[88.865,25.199],[88.865,25.2],[88.864,25.201],[88.863,25.202],[88.862,25.202],[88.861,25.202],[88.86,25.202],[88.859,25.202],[88.859,25.202],[88.858,25.202],[88.858,25.202],[88.858,25.201],[88.857,25.201],[88.857,25.201],[88.857,25.201],[88.856,25.201],[88.855,25.2],[88.854,25.201],[88.853,25.201],[88.851,25.201],[88.85,25.202],[88.849,25.205],[88.848,25.206],[88.848,25.206],[88.849,25.208],[88.849,25.209],[88.85,25.21],[88.85,25.21],[88.848,25.21],[88.847,25.209],[88.846,25.21],[88.848,25.211],[88.848,25.212],[88.846,25.211],[88.845,25.212],[88.844,25.214],[88.842,25.214],[88.842,25.212],[88.841,25.211],[88.839,25.211],[88.838,25.211],[88.837,25.209],[88.837,25.207],[88.832,25.207],[88.831,25.206],[88.831,25.206],[88.831,25.206],[88.83,25.205],[88.83,25.205],[88.83,25.205],[88.83,25.204],[88.83,25.204],[88.83,25.203],[88.83,25.203],[88.83,25.203],[88.829,25.202],[88.83,25.202],[88.83,25.202],[88.829,25.202],[88.829,25.202],[88.829,25.201],[88.829,25.201],[88.829,25.201],[88.829,25.2],[88.829,25.2],[88.829,25.2],[88.829,25.199],[88.829,25.199],[88.829,25.199],[88.829,25.199],[88.829,25.198],[88.829,25.198],[88.829,25.198],[88.829,25.198],[88.828,25.198],[88.828,25.198],[88.828,25.197],[88.828,25.197],[88.828,25.197],[88.828,25.197],[88.828,25.196],[88.827,25.196],[88.827,25.196],[88.827,25.196],[88.827,25.195],[88.827,25.195],[88.827,25.195],[88.827,25.194],[88.827,25.194],[88.827,25.193],[88.827,25.193],[88.827,25.193],[88.827,25.193],[88.827,25.192],[88.827,25.192],[88.827,25.192],[88.827,25.192],[88.827,25.192],[88.827,25.192],[88.826,25.192],[88.826,25.192],[88.826,25.191],[88.826,25.191],[88.826,25.191],[88.824,25.191],[88.823,25.191],[88.822,25.19],[88.821,25.189],[88.82,25.189],[88.818,25.189],[88.818,25.187],[88.815,25.185],[88.815,25.184],[88.814,25.181],[88.814,25.179],[88.814,25.178],[88.814,25.176],[88.813,25.174],[88.811,25.174],[88.81,25.174],[88.809,25.174],[88.808,25.173],[88.806,25.173],[88.805,25.171],[88.803,25.171],[88.801,25.171],[88.8,25.171],[88.798,25.172],[88.796,25.172],[88.793,25.173],[88.791,25.174],[88.788,25.175],[88.786,25.176],[88.784,25.176],[88.781,25.177],[88.779,25.178],[88.776,25.179],[88.774,25.18],[88.774,25.181],[88.774,25.182],[88.774,25.183],[88.774,25.185],[88.773,25.186],[88.772,25.186],[88.772,25.187],[88.772,25.189],[88.769,25.189],[88.769,25.188],[88.768,25.186],[88.768,25.186],[88.767,25.185],[88.767,25.184],[88.763,25.184],[88.762,25.185],[88.759,25.187],[88.756,25.18],[88.751,25.178],[88.749,25.177],[88.749,25.178],[88.749,25.179],[88.75,25.18],[88.751,25.182],[88.75,25.183],[88.749,25.183],[88.748,25.182],[88.745,25.183],[88.744,25.183],[88.744,25.184],[88.743,25.185],[88.74,25.186],[88.739,25.185],[88.734,25.185],[88.735,25.188],[88.735,25.19],[88.734,25.191],[88.734,25.192],[88.734,25.193],[88.734,25.195],[88.733,25.197],[88.733,25.198],[88.733,25.198],[88.733,25.199],[88.732,25.199],[88.73,25.2],[88.73,25.2],[88.729,25.199],[88.729,25.199],[88.728,25.198],[88.727,25.199],[88.726,25.199],[88.725,25.199],[88.724,25.199],[88.724,25.2],[88.724,25.201],[88.724,25.202],[88.724,25.202],[88.723,25.202],[88.723,25.202],[88.722,25.202],[88.722,25.202],[88.721,25.202],[88.72,25.202],[88.72,25.202],[88.719,25.202],[88.719,25.202],[88.718,25.202],[88.718,25.202],[88.717,25.202],[88.717,25.203],[88.717,25.203],[88.717,25.204],[88.716,25.205],[88.715,25.205],[88.715,25.206],[88.715,25.206],[88.714,25.207],[88.713,25.207],[88.712,25.207],[88.712,25.207],[88.711,25.208],[88.711,25.207],[88.71,25.207],[88.709,25.208],[88.709,25.207],[88.708,25.208],[88.707,25.207],[88.707,25.208],[88.706,25.208],[88.706,25.208],[88.705,25.208],[88.705,25.208],[88.704,25.208],[88.704,25.208],[88.704,25.208],[88.703,25.208],[88.703,25.208],[88.703,25.207],[88.702,25.207],[88.702,25.207],[88.702,25.208],[88.701,25.208],[88.701,25.208],[88.7,25.208],[88.7,25.208],[88.7,25.208],[88.699,25.208],[88.699,25.208],[88.699,25.208],[88.699,25.208],[88.698,25.208],[88.697,25.208],[88.697,25.208],[88.697,25.208],[88.696,25.208],[88.696,25.208],[88.696,25.208],[88.695,25.208],[88.695,25.208],[88.693,25.208],[88.689,25.208],[88.688,25.208],[88.688,25.209],[88.685,25.209],[88.681,25.209],[88.68,25.209],[88.679,25.208],[88.679,25.207],[88.678,25.206],[88.679,25.205],[88.679,25.204],[88.679,25.203],[88.677,25.203],[88.676,25.203],[88.676,25.202],[88.676,25.202],[88.675,25.201],[88.675,25.201],[88.675,25.2],[88.675,25.2],[88.674,25.2],[88.674,25.2],[88.673,25.2],[88.673,25.199],[88.673,25.199],[88.673,25.199],[88.673,25.199],[88.672,25.199],[88.672,25.198],[88.671,25.198],[88.671,25.198],[88.67,25.199],[88.67,25.198],[88.669,25.198],[88.669,25.198],[88.668,25.198],[88.668,25.198],[88.667,25.199],[88.667,25.199],[88.667,25.199],[88.667,25.199],[88.667,25.2],[88.667,25.2],[88.667,25.2],[88.667,25.201],[88.666,25.201],[88.665,25.201],[88.665,25.201],[88.665,25.201],[88.665,25.202],[88.665,25.203],[88.664,25.203],[88.664,25.203],[88.663,25.203],[88.662,25.203],[88.661,25.203],[88.66,25.203],[88.66,25.203],[88.659,25.203],[88.658,25.203],[88.657,25.203],[88.657,25.203],[88.655,25.204],[88.654,25.204],[88.653,25.204],[88.653,25.204],[88.651,25.204],[88.651,25.204],[88.65,25.204],[88.649,25.204],[88.649,25.204],[88.647,25.205],[88.647,25.205],[88.645,25.205],[88.644,25.206],[88.644,25.206],[88.643,25.206],[88.643,25.206],[88.642,25.206],[88.641,25.205],[88.641,25.205],[88.64,25.205],[88.64,25.205],[88.64,25.204],[88.639,25.204],[88.639,25.203],[88.638,25.204],[88.638,25.203],[88.637,25.203],[88.637,25.204],[88.636,25.204],[88.636,25.204],[88.636,25.203],[88.635,25.203],[88.635,25.203],[88.634,25.203],[88.634,25.203],[88.634,25.203],[88.633,25.202],[88.633,25.202],[88.633,25.202],[88.632,25.202],[88.632,25.202],[88.632,25.202],[88.631,25.202],[88.631,25.202],[88.63,25.202],[88.63,25.202],[88.629,25.202],[88.629,25.202],[88.629,25.202],[88.629,25.202],[88.629,25.202],[88.628,25.202],[88.628,25.202],[88.627,25.202],[88.627,25.203],[88.627,25.203],[88.627,25.204],[88.626,25.204],[88.626,25.204],[88.625,25.204],[88.625,25.204],[88.625,25.205],[88.624,25.205],[88.624,25.204],[88.623,25.204],[88.622,25.204],[88.622,25.204],[88.622,25.205],[88.621,25.205],[88.621,25.205],[88.62,25.205],[88.619,25.205],[88.619,25.205],[88.618,25.205],[88.618,25.204],[88.618,25.204],[88.618,25.204],[88.618,25.204],[88.617,25.204],[88.616,25.204],[88.615,25.204],[88.615,25.204],[88.614,25.204],[88.614,25.204],[88.614,25.204],[88.613,25.204],[88.613,25.204],[88.613,25.204],[88.612,25.204],[88.612,25.204],[88.612,25.204],[88.612,25.203],[88.612,25.203],[88.612,25.203],[88.612,25.203],[88.612,25.203],[88.612,25.202],[88.611,25.202],[88.611,25.202],[88.612,25.202],[88.612,25.201],[88.612,25.201],[88.611,25.201],[88.612,25.201],[88.611,25.2],[88.611,25.2],[88.612,25.2],[88.612,25.2],[88.611,25.199],[88.611,25.199],[88.611,25.199],[88.61,25.199],[88.61,25.198],[88.61,25.198],[88.61,25.198],[88.609,25.198],[88.609,25.198],[88.608,25.197],[88.608,25.197],[88.608,25.197],[88.607,25.196],[88.606,25.196],[88.606,25.195],[88.606,25.195],[88.606,25.196],[88.605,25.196],[88.605,25.195],[88.605,25.195],[88.604,25.195],[88.604,25.194],[88.604,25.194],[88.603,25.194],[88.603,25.194],[88.603,25.194],[88.602,25.194],[88.602,25.194],[88.602,25.193],[88.601,25.193],[88.6,25.193],[88.6,25.192],[88.599,25.192],[88.599,25.192],[88.599,25.192],[88.599,25.192],[88.598,25.192],[88.598,25.191],[88.598,25.191],[88.598,25.191],[88.597,25.191],[88.597,25.191],[88.596,25.191],[88.596,25.191],[88.595,25.192],[88.595,25.192],[88.593,25.192],[88.593,25.193],[88.593,25.193],[88.592,25.194],[88.592,25.194],[88.591,25.194],[88.591,25.195],[88.59,25.194],[88.59,25.193],[88.59,25.193],[88.59,25.193],[88.59,25.193],[88.59,25.192],[88.59,25.192],[88.591,25.192],[88.591,25.192],[88.591,25.191],[88.591,25.191],[88.59,25.191],[88.59,25.191],[88.59,25.191],[88.591,25.191],[88.591,25.19],[88.591,25.19],[88.591,25.19],[88.591,25.19],[88.591,25.189],[88.591,25.189],[88.591,25.189],[88.591,25.188],[88.591,25.188],[88.591,25.188],[88.591,25.188],[88.591,25.188],[88.592,25.188],[88.592,25.188],[88.592,25.187],[88.592,25.187],[88.591,25.187],[88.591,25.186],[88.591,25.186],[88.591,25.186],[88.591,25.186],[88.591,25.186],[88.591,25.185],[88.591,25.185],[88.59,25.185],[88.59,25.185],[88.59,25.185],[88.59,25.185],[88.59,25.185],[88.589,25.185],[88.589,25.185],[88.589,25.185],[88.589,25.185],[88.589,25.185],[88.589,25.185],[88.589,25.184],[88.589,25.184],[88.589,25.184],[88.589,25.184],[88.588,25.184],[88.588,25.184],[88.588,25.184],[88.588,25.184],[88.588,25.184],[88.588,25.183],[88.588,25.183],[88.587,25.183],[88.587,25.182],[88.586,25.182],[88.584,25.182],[88.583,25.182],[88.581,25.182],[88.581,25.182],[88.581,25.181],[88.581,25.18],[88.58,25.179],[88.58,25.178],[88.577,25.177],[88.576,25.177],[88.575,25.177],[88.574,25.176],[88.572,25.177],[88.571,25.177],[88.571,25.176],[88.57,25.176],[88.569,25.176],[88.568,25.176],[88.567,25.176],[88.567,25.176],[88.566,25.176],[88.565,25.175],[88.565,25.176],[88.565,25.176],[88.565,25.175],[88.564,25.175],[88.564,25.175],[88.564,25.175],[88.564,25.175],[88.564,25.175],[88.564,25.175],[88.563,25.175],[88.563,25.175],[88.563,25.175],[88.563,25.175],[88.563,25.176],[88.562,25.176],[88.562,25.176],[88.562,25.176],[88.562,25.176],[88.562,25.176],[88.562,25.176],[88.561,25.176],[88.561,25.176],[88.561,25.176],[88.561,25.176],[88.56,25.176],[88.56,25.176],[88.56,25.176],[88.56,25.176],[88.559,25.176],[88.559,25.177],[88.559,25.177],[88.558,25.177],[88.558,25.177],[88.558,25.178],[88.558,25.178],[88.558,25.178],[88.558,25.178],[88.557,25.178],[88.557,25.178],[88.557,25.178],[88.556,25.179],[88.556,25.179],[88.556,25.179],[88.556,25.179],[88.556,25.179],[88.556,25.179],[88.556,25.18],[88.556,25.18],[88.556,25.18],[88.556,25.18],[88.556,25.18],[88.556,25.18],[88.556,25.18],[88.557,25.181],[88.557,25.182],[88.557,25.182],[88.558,25.182],[88.558,25.183],[88.559,25.184],[88.56,25.184],[88.56,25.185],[88.56,25.186],[88.56,25.186],[88.559,25.188],[88.56,25.189],[88.56,25.191],[88.559,25.192],[88.558,25.192],[88.556,25.193],[88.556,25.193],[88.554,25.193],[88.553,25.193],[88.552,25.194],[88.551,25.194],[88.55,25.194],[88.549,25.195],[88.549,25.195],[88.548,25.195],[88.547,25.194],[88.546,25.193],[88.544,25.193],[88.543,25.194],[88.542,25.194],[88.541,25.192],[88.541,25.191],[88.54,25.189],[88.538,25.189],[88.538,25.188],[88.538,25.188],[88.538,25.187],[88.536,25.188],[88.534,25.188],[88.534,25.189],[88.535,25.192],[88.534,25.193],[88.533,25.194],[88.535,25.195],[88.536,25.196],[88.537,25.197],[88.537,25.198],[88.533,25.198],[88.529,25.199],[88.529,25.199],[88.529,25.199],[88.527,25.2],[88.526,25.2],[88.523,25.2],[88.52,25.201],[88.517,25.201],[88.515,25.202],[88.514,25.203],[88.512,25.204],[88.509,25.203],[88.506,25.203],[88.504,25.203],[88.502,25.203],[88.5,25.204],[88.5,25.205],[88.5,25.207],[88.5,25.208],[88.5,25.21],[88.498,25.21],[88.497,25.211],[88.496,25.21],[88.495,25.21],[88.494,25.211],[88.491,25.211],[88.49,25.211],[88.488,25.211],[88.487,25.211],[88.486,25.211],[88.484,25.212],[88.483,25.212],[88.482,25.211],[88.48,25.211],[88.479,25.211],[88.479,25.212],[88.479,25.213],[88.478,25.213],[88.476,25.213],[88.475,25.212],[88.475,25.21],[88.474,25.209],[88.473,25.206],[88.472,25.205],[88.471,25.205],[88.471,25.205],[88.472,25.204],[88.471,25.204],[88.471,25.203],[88.47,25.201],[88.47,25.201],[88.47,25.201],[88.47,25.2],[88.471,25.2],[88.472,25.199],[88.471,25.199],[88.471,25.199],[88.472,25.199],[88.472,25.198],[88.472,25.198],[88.472,25.198],[88.472,25.197],[88.471,25.198],[88.471,25.198],[88.47,25.198],[88.47,25.198],[88.47,25.198],[88.469,25.198],[88.469,25.198],[88.469,25.197],[88.47,25.197],[88.47,25.197],[88.47,25.197],[88.469,25.197],[88.469,25.197],[88.469,25.197],[88.468,25.197],[88.468,25.197],[88.468,25.197],[88.468,25.197],[88.468,25.197],[88.467,25.197],[88.467,25.197],[88.466,25.197],[88.465,25.197],[88.465,25.196],[88.464,25.195],[88.463,25.195],[88.461,25.196],[88.46,25.196],[88.457,25.196],[88.456,25.197],[88.454,25.197],[88.45,25.197],[88.448,25.198],[88.447,25.197],[88.446,25.197],[88.444,25.198],[88.441,25.201],[88.44,25.201],[88.439,25.2],[88.438,25.199],[88.437,25.199],[88.437,25.2],[88.438,25.201],[88.439,25.203],[88.44,25.206],[88.439,25.206],[88.439,25.208],[88.44,25.208],[88.441,25.209],[88.442,25.209],[88.441,25.21],[88.439,25.208],[88.438,25.205],[88.438,25.203],[88.437,25.202],[88.436,25.2],[88.436,25.199],[88.437,25.198],[88.438,25.198],[88.44,25.199],[88.44,25.2],[88.441,25.199],[88.443,25.196],[88.443,25.193],[88.443,25.188],[88.443,25.183],[88.444,25.181],[88.446,25.18],[88.443,25.175],[88.442,25.173],[88.446,25.174],[88.449,25.172],[88.451,25.168],[88.452,25.165],[88.452,25.164],[88.454,25.164],[88.456,25.164],[88.457,25.165],[88.458,25.164],[88.457,25.162],[88.456,25.161],[88.458,25.16],[88.46,25.161],[88.46,25.159],[88.459,25.158],[88.458,25.156],[88.457,25.154],[88.458,25.153],[88.46,25.152],[88.461,25.152],[88.462,25.151],[88.462,25.149],[88.461,25.148],[88.459,25.148],[88.457,25.148],[88.458,25.147],[88.459,25.146],[88.46,25.145],[88.461,25.145],[88.461,25.144],[88.46,25.142],[88.46,25.14],[88.46,25.139],[88.459,25.138],[88.458,25.139],[88.458,25.14],[88.457,25.139],[88.457,25.138],[88.459,25.137],[88.459,25.136],[88.458,25.135],[88.455,25.134],[88.454,25.134],[88.453,25.132],[88.452,25.132],[88.451,25.131],[88.448,25.13],[88.447,25.128],[88.445,25.128],[88.441,25.128],[88.442,25.126],[88.441,25.124],[88.442,25.119],[88.443,25.118],[88.442,25.115],[88.445,25.113],[88.447,25.111],[88.447,25.109],[88.447,25.107],[88.446,25.105],[88.445,25.104],[88.445,25.103],[88.444,25.1],[88.445,25.097],[88.445,25.096],[88.446,25.095],[88.447,25.093],[88.447,25.091],[88.447,25.089],[88.447,25.087],[88.447,25.087],[88.447,25.086],[88.446,25.084],[88.446,25.082],[88.447,25.081],[88.453,25.079],[88.452,25.077],[88.451,25.076],[88.45,25.075],[88.449,25.074],[88.448,25.073],[88.448,25.073],[88.448,25.072],[88.447,25.072],[88.447,25.072],[88.446,25.071],[88.442,25.066],[88.442,25.063],[88.441,25.061],[88.439,25.058],[88.436,25.056],[88.435,25.055],[88.435,25.053],[88.436,25.05],[88.436,25.049],[88.436,25.048],[88.436,25.047],[88.437,25.046],[88.438,25.043],[88.441,25.042],[88.445,25.042],[88.447,25.041],[88.449,25.041],[88.449,25.04],[88.45,25.039],[88.451,25.039],[88.452,25.038],[88.453,25.037],[88.452,25.036],[88.451,25.034],[88.45,25.034],[88.448,25.033],[88.447,25.034],[88.446,25.033],[88.445,25.033],[88.445,25.031],[88.445,25.031],[88.444,25.03],[88.444,25.029],[88.445,25.027],[88.445,25.026],[88.444,25.025],[88.442,25.024],[88.441,25.023],[88.441,25.023],[88.44,25.023],[88.439,25.023],[88.439,25.022],[88.439,25.022],[88.441,25.021],[88.441,25.02],[88.441,25.019],[88.44,25.02],[88.439,25.02],[88.438,25.02],[88.439,25.018],[88.439,25.018],[88.441,25.018],[88.44,25.017],[88.438,25.016],[88.438,25.016],[88.439,25.016],[88.44,25.016],[88.441,25.015],[88.442,25.014],[88.442,25.012],[88.441,25.012],[88.44,25.012],[88.44,25.012],[88.44,25.013],[88.439,25.013],[88.438,25.012],[88.437,25.012],[88.437,25.013],[88.437,25.013],[88.438,25.014],[88.437,25.014],[88.436,25.014],[88.435,25.013],[88.436,25.012],[88.437,25.011],[88.437,25.009],[88.436,25.008],[88.435,25.008],[88.434,25.007],[88.435,25.007],[88.436,25.007],[88.437,25.007],[88.436,25.006],[88.435,25.006],[88.434,25.005],[88.434,25.005],[88.433,25.006],[88.432,25.008],[88.431,25.007],[88.431,25.008],[88.43,25.008],[88.43,25.008],[88.429,25.008],[88.428,25.008],[88.427,25.008],[88.427,25.009],[88.426,25.01],[88.427,25.012],[88.426,25.014],[88.426,25.016],[88.425,25.016],[88.426,25.013],[88.426,25.012],[88.425,25.01],[88.425,25.009],[88.425,25.007],[88.423,25.007],[88.421,25.005],[88.42,25.004],[88.419,25.002],[88.419,25.001],[88.42,25.0],[88.421,25.0],[88.42,24.999],[88.419,25.0],[88.418,24.999],[88.418,24.998],[88.418,24.998],[88.415,24.998],[88.414,24.998],[88.413,24.998],[88.412,24.999],[88.412,24.999],[88.412,24.998],[88.412,24.997],[88.412,24.997],[88.412,24.996],[88.414,24.997],[88.414,24.995],[88.414,24.994],[88.414,24.992],[88.413,24.992],[88.413,24.991],[88.412,24.99],[88.412,24.989],[88.412,24.987],[88.412,24.985],[88.417,24.984],[88.417,24.984],[88.418,24.984],[88.419,24.985],[88.419,24.984],[88.418,24.983],[88.418,24.982],[88.417,24.982],[88.416,24.982],[88.416,24.983],[88.414,24.983],[88.412,24.982],[88.415,24.981],[88.416,24.979],[88.417,24.976],[88.417,24.975],[88.417,24.974],[88.416,24.974],[88.416,24.973],[88.416,24.973],[88.415,24.973],[88.415,24.973],[88.415,24.973],[88.414,24.973],[88.414,24.973],[88.413,24.974],[88.412,24.973],[88.411,24.973],[88.411,24.973],[88.41,24.974],[88.41,24.974],[88.41,24.975],[88.41,24.975],[88.41,24.976],[88.41,24.977],[88.409,24.978],[88.408,24.979],[88.407,24.979],[88.405,24.98],[88.405,24.979],[88.405,24.978],[88.405,24.977],[88.404,24.977],[88.404,24.976],[88.404,24.975],[88.404,24.975],[88.404,24.974],[88.404,24.974],[88.405,24.974],[88.405,24.973],[88.405,24.973],[88.405,24.973],[88.404,24.974],[88.403,24.973],[88.403,24.973],[88.402,24.974],[88.401,24.974],[88.4,24.973],[88.399,24.973],[88.398,24.973],[88.397,24.97],[88.395,24.969],[88.395,24.968],[88.395,24.966],[88.395,24.966],[88.396,24.966],[88.396,24.965],[88.395,24.964],[88.393,24.963],[88.394,24.962],[88.394,24.961],[88.394,24.96],[88.394,24.96],[88.395,24.961],[88.395,24.96],[88.395,24.959],[88.397,24.96],[88.397,24.961],[88.399,24.959],[88.399,24.959],[88.398,24.958],[88.397,24.958],[88.397,24.958],[88.399,24.957],[88.399,24.955],[88.399,24.955],[88.4,24.955],[88.401,24.955],[88.4,24.954],[88.4,24.953],[88.401,24.953],[88.401,24.952],[88.401,24.952],[88.402,24.951],[88.402,24.951],[88.401,24.949],[88.401,24.949],[88.4,24.948],[88.399,24.947],[88.399,24.946],[88.399,24.945],[88.397,24.944],[88.396,24.943],[88.394,24.941],[88.393,24.942],[88.391,24.943],[88.391,24.943],[88.39,24.942],[88.389,24.942],[88.389,24.943],[88.389,24.944],[88.388,24.944],[88.387,24.942],[88.387,24.941],[88.387,24.94],[88.387,24.939],[88.382,24.939],[88.379,24.94],[88.378,24.943],[88.376,24.944],[88.373,24.943],[88.371,24.942],[88.37,24.944],[88.37,24.945],[88.37,24.946],[88.368,24.946],[88.367,24.945],[88.366,24.946],[88.365,24.947],[88.366,24.947],[88.367,24.948],[88.366,24.949],[88.364,24.948],[88.364,24.949],[88.365,24.951],[88.366,24.953],[88.365,24.953],[88.363,24.953],[88.363,24.952],[88.362,24.951],[88.361,24.952],[88.359,24.952],[88.359,24.951],[88.36,24.95],[88.361,24.949],[88.359,24.948],[88.357,24.947],[88.355,24.943],[88.354,24.942],[88.352,24.942],[88.351,24.944],[88.349,24.945],[88.347,24.943],[88.344,24.942],[88.342,24.941],[88.34,24.94],[88.34,24.938],[88.341,24.936],[88.34,24.935],[88.339,24.934],[88.339,24.933],[88.339,24.932],[88.338,24.932],[88.337,24.93],[88.337,24.929],[88.338,24.928],[88.338,24.926],[88.336,24.926],[88.336,24.928],[88.334,24.927],[88.334,24.925],[88.335,24.924],[88.335,24.922],[88.335,24.921],[88.335,24.92],[88.337,24.919],[88.336,24.918],[88.334,24.918],[88.333,24.919],[88.332,24.92],[88.33,24.92],[88.329,24.919],[88.33,24.918],[88.329,24.917],[88.328,24.917],[88.327,24.918],[88.325,24.919],[88.325,24.918],[88.324,24.916],[88.325,24.913],[88.327,24.91],[88.327,24.906],[88.329,24.904],[88.333,24.905],[88.334,24.904],[88.334,24.903],[88.334,24.901],[88.334,24.9],[88.334,24.899],[88.333,24.899],[88.332,24.898],[88.333,24.897],[88.335,24.898],[88.335,24.898],[88.335,24.898],[88.335,24.898],[88.336,24.898],[88.336,24.898],[88.336,24.898],[88.337,24.899],[88.337,24.899],[88.337,24.899],[88.337,24.9],[88.338,24.9],[88.338,24.899],[88.338,24.899],[88.338,24.9],[88.338,24.9],[88.339,24.9],[88.339,24.9],[88.34,24.9],[88.34,24.9],[88.341,24.9],[88.341,24.899],[88.341,24.899],[88.342,24.899],[88.342,24.899],[88.342,24.899],[88.342,24.9],[88.342,24.9],[88.343,24.9],[88.343,24.9],[88.344,24.9],[88.344,24.899],[88.344,24.899],[88.344,24.898],[88.345,24.898],[88.345,24.897],[88.346,24.896],[88.346,24.896],[88.346,24.895],[88.346,24.895],[88.346,24.895],[88.346,24.894],[88.347,24.894],[88.347,24.893],[88.347,24.893],[88.347,24.892],[88.347,24.892],[88.346,24.892],[88.345,24.892],[88.345,24.892],[88.345,24.891],[88.345,24.891],[88.345,24.891],[88.345,24.891],[88.346,24.89],[88.345,24.889],[88.345,24.889],[88.344,24.889],[88.343,24.889],[88.343,24.889],[88.343,24.888],[88.343,24.888],[88.343,24.887],[88.343,24.887],[88.343,24.887],[88.343,24.886],[88.343,24.886],[88.343,24.885],[88.343,24.885],[88.343,24.885],[88.343,24.884],[88.342,24.884],[88.342,24.883],[88.342,24.883],[88.341,24.883],[88.341,24.882],[88.34,24.881],[88.34,24.881],[88.339,24.881],[88.339,24.88],[88.339,24.88],[88.339,24.879],[88.339,24.879],[88.339,24.878],[88.338,24.878],[88.338,24.878],[88.337,24.879],[88.337,24.878],[88.336,24.878],[88.335,24.878],[88.335,24.878],[88.334,24.878],[88.334,24.877],[88.335,24.876],[88.335,24.876],[88.335,24.875],[88.335,24.875],[88.335,24.874],[88.335,24.874],[88.334,24.874],[88.334,24.873],[88.333,24.873],[88.333,24.872],[88.333,24.871],[88.33,24.87],[88.327,24.87],[88.326,24.871],[88.325,24.873],[88.323,24.875],[88.321,24.876],[88.321,24.877],[88.322,24.878],[88.322,24.88],[88.321,24.884],[88.319,24.884],[88.317,24.883],[88.317,24.882],[88.316,24.881],[88.315,24.882],[88.312,24.882],[88.313,24.88],[88.312,24.879],[88.31,24.878],[88.307,24.878],[88.307,24.876],[88.306,24.875],[88.306,24.874],[88.305,24.873],[88.305,24.872],[88.304,24.872],[88.303,24.872],[88.301,24.872],[88.301,24.873],[88.302,24.874],[88.302,24.875],[88.301,24.875],[88.3,24.877],[88.3,24.877],[88.3,24.879],[88.298,24.881],[88.298,24.883],[88.3,24.882],[88.301,24.883],[88.301,24.885],[88.301,24.885],[88.302,24.886],[88.301,24.886],[88.299,24.886],[88.298,24.885],[88.298,24.886],[88.297,24.886],[88.296,24.888],[88.292,24.889],[88.29,24.889],[88.288,24.888],[88.288,24.888],[88.286,24.886],[88.286,24.888],[88.286,24.889],[88.283,24.89],[88.281,24.891],[88.281,24.889],[88.28,24.889],[88.279,24.888],[88.277,24.889],[88.277,24.89],[88.278,24.891],[88.278,24.892],[88.277,24.892],[88.276,24.892],[88.276,24.893],[88.277,24.895],[88.278,24.897],[88.276,24.897],[88.275,24.897],[88.273,24.897],[88.272,24.896],[88.271,24.894],[88.27,24.893],[88.269,24.891],[88.269,24.89],[88.268,24.888],[88.268,24.888],[88.268,24.888],[88.267,24.887],[88.268,24.887],[88.268,24.886],[88.267,24.885],[88.267,24.885],[88.267,24.883],[88.267,24.88],[88.266,24.878],[88.263,24.878],[88.258,24.878],[88.259,24.881],[88.26,24.883],[88.261,24.887],[88.262,24.889],[88.263,24.892],[88.264,24.896],[88.264,24.901],[88.264,24.907],[88.263,24.911],[88.262,24.915],[88.261,24.918],[88.259,24.921],[88.257,24.925],[88.254,24.929],[88.25,24.932],[88.248,24.934],[88.244,24.937],[88.241,24.939],[88.239,24.942],[88.237,24.944],[88.236,24.947],[88.234,24.948],[88.233,24.951],[88.232,24.953],[88.23,24.957],[88.229,24.958],[88.227,24.959],[88.227,24.96],[88.225,24.961],[88.223,24.962],[88.223,24.962],[88.222,24.962],[88.22,24.962],[88.219,24.962],[88.219,24.962],[88.218,24.961],[88.217,24.961],[88.215,24.961],[88.215,24.961],[88.213,24.961],[88.212,24.961],[88.211,24.962],[88.209,24.962],[88.207,24.962],[88.206,24.961],[88.205,24.96],[88.204,24.959],[88.202,24.958],[88.202,24.957],[88.201,24.957],[88.2,24.956],[88.197,24.955],[88.194,24.954],[88.193,24.954],[88.192,24.953],[88.19,24.952],[88.189,24.952],[88.187,24.952],[88.185,24.953],[88.182,24.952],[88.177,24.948],[88.175,24.948],[88.17,24.95],[88.168,24.948],[88.166,24.946],[88.165,24.942],[88.162,24.941],[88.158,24.942],[88.159,24.938],[88.159,24.937],[88.157,24.934],[88.152,24.933],[88.149,24.933],[88.146,24.936],[88.143,24.936],[88.138,24.935],[88.138,24.929],[88.14,24.914],[88.145,24.914],[88.15,24.91],[88.152,24.908],[88.154,24.905],[88.155,24.902],[88.154,24.9],[88.156,24.899],[88.159,24.898],[88.161,24.898],[88.162,24.896],[88.162,24.894],[88.162,24.893],[88.167,24.893],[88.169,24.89],[88.166,24.889],[88.163,24.889],[88.16,24.89],[88.155,24.889],[88.155,24.884],[88.157,24.881],[88.161,24.881],[88.162,24.879],[88.164,24.877],[88.159,24.873],[88.168,24.863],[88.171,24.863],[88.174,24.863],[88.175,24.863],[88.175,24.863],[88.175,24.861],[88.174,24.86],[88.17,24.861],[88.166,24.86],[88.165,24.858],[88.163,24.856],[88.164,24.853],[88.16,24.849],[88.159,24.85],[88.154,24.85],[88.151,24.849],[88.15,24.851],[88.147,24.852],[88.145,24.85],[88.145,24.847],[88.145,24.845],[88.142,24.843],[88.141,24.839],[88.141,24.836],[88.135,24.834],[88.133,24.836],[88.133,24.833],[88.134,24.83],[88.134,24.821],[88.134,24.814],[88.136,24.807],[88.131,24.805],[88.126,24.816],[88.124,24.821],[88.123,24.823],[88.116,24.817],[88.11,24.812],[88.109,24.809],[88.108,24.806],[88.105,24.801],[88.105,24.796],[88.105,24.793],[88.105,24.79],[88.106,24.787],[88.103,24.78],[88.096,24.78],[88.088,24.782],[88.085,24.778],[88.081,24.774],[88.076,24.77],[88.07,24.771],[88.069,24.764],[88.07,24.756],[88.066,24.751],[88.071,24.746],[88.071,24.741],[88.067,24.732],[88.06,24.719],[88.055,24.713],[88.045,24.707],[88.036,24.699],[88.027,24.689],[88.018,24.679],[88.01,24.67],[88.028,24.65],[88.054,24.623],[88.059,24.617],[88.065,24.609],[88.071,24.599],[88.076,24.592],[88.083,24.582],[88.087,24.574],[88.091,24.564],[88.103,24.549],[88.109,24.544],[88.111,24.54],[88.116,24.537],[88.123,24.531],[88.129,24.525],[88.142,24.511],[88.172,24.494],[88.179,24.488],[88.184,24.482],[88.188,24.477],[88.191,24.469],[88.197,24.464],[88.201,24.461],[88.21,24.458],[88.218,24.456],[88.224,24.456],[88.231,24.454],[88.244,24.45],[88.255,24.448],[88.267,24.444],[88.271,24.441],[88.276,24.437],[88.28,24.432],[88.285,24.422],[88.289,24.419],[88.294,24.414],[88.301,24.408],[88.31,24.403],[88.313,24.399],[88.323,24.39],[88.328,24.385],[88.339,24.379],[88.347,24.376],[88.357,24.374],[88.364,24.373],[88.367,24.373],[88.372,24.374],[88.379,24.374],[88.382,24.374],[88.387,24.372],[88.391,24.372],[88.406,24.375],[88.414,24.379],[88.423,24.382],[88.427,24.383],[88.432,24.383],[88.435,24.382],[88.447,24.378],[88.465,24.366],[88.486,24.355],[88.495,24.353],[88.506,24.345],[88.511,24.343],[88.528,24.342],[88.532,24.334],[88.535,24.329],[88.541,24.32],[88.543,24.315],[88.546,24.31],[88.551,24.302],[88.555,24.293],[88.557,24.3],[88.56,24.309],[88.563,24.317],[88.567,24.324],[88.578,24.326],[88.595,24.312],[88.604,24.31],[88.611,24.315],[88.62,24.315],[88.63,24.306],[88.636,24.307],[88.639,24.308],[88.642,24.309],[88.646,24.31],[88.654,24.307],[88.656,24.311],[88.659,24.315],[88.662,24.315],[88.665,24.315],[88.666,24.315],[88.667,24.315],[88.667,24.315],[88.668,24.315],[88.671,24.315],[88.673,24.315],[88.675,24.315],[88.677,24.315],[88.679,24.315],[88.683,24.316],[88.684,24.316],[88.686,24.316],[88.689,24.315],[88.691,24.315],[88.692,24.315],[88.694,24.314],[88.698,24.314],[88.699,24.314],[88.702,24.312],[88.704,24.311],[88.712,24.309],[88.728,24.294],[88.737,24.275],[88.739,24.262],[88.74,24.252],[88.735,24.211],[88.732,24.181],[88.731,24.176],[88.731,24.172],[88.733,24.17],[88.735,24.168],[88.737,24.166],[88.741,24.161],[88.742,24.159],[88.742,24.156],[88.743,24.155],[88.744,24.151],[88.745,24.148],[88.737,24.14],[88.728,24.134],[88.719,24.128],[88.71,24.121],[88.704,24.12],[88.699,24.121],[88.703,24.114],[88.706,24.102],[88.708,24.097],[88.709,24.093],[88.711,24.089],[88.716,24.084],[88.72,24.081],[88.722,24.075],[88.723,24.072],[88.723,24.071],[88.725,24.068],[88.729,24.065],[88.731,24.065],[88.734,24.066],[88.737,24.064],[88.741,24.059],[88.742,24.056],[88.743,24.055],[88.743,24.052],[88.743,24.051],[88.741,24.048],[88.74,24.049],[88.738,24.049],[88.734,24.048],[88.731,24.048],[88.728,24.048],[88.724,24.047],[88.724,24.043],[88.726,24.041],[88.731,24.039],[88.735,24.038],[88.737,24.037],[88.739,24.036],[88.741,24.034],[88.74,24.032],[88.739,24.029],[88.737,24.027],[88.736,24.024],[88.735,24.021],[88.734,24.018],[88.734,24.016],[88.731,24.013],[88.731,24.01],[88.731,24.008],[88.73,24.004],[88.73,23.999],[88.728,23.997],[88.728,23.995],[88.73,23.994],[88.733,23.994],[88.737,23.996],[88.741,24.001],[88.742,24.004],[88.744,24.006],[88.746,24.007],[88.749,24.007],[88.752,24.008],[88.754,24.007],[88.758,24.007],[88.759,24.006],[88.761,24.005],[88.763,24.004],[88.763,24.001],[88.762,23.999],[88.763,23.997],[88.763,23.995],[88.763,23.993],[88.764,23.992],[88.765,23.99],[88.766,23.988],[88.768,23.985],[88.769,23.983],[88.769,23.982],[88.768,23.981],[88.766,23.981],[88.763,23.982],[88.76,23.983],[88.758,23.984],[88.756,23.984],[88.754,23.985],[88.751,23.985],[88.747,23.986],[88.745,23.986],[88.742,23.985],[88.74,23.985],[88.738,23.984],[88.737,23.982],[88.736,23.98],[88.736,23.978],[88.736,23.976],[88.736,23.974],[88.737,23.972],[88.737,23.971],[88.737,23.968],[88.736,23.965],[88.736,23.963],[88.734,23.962],[88.733,23.961],[88.733,23.961],[88.734,23.96],[88.735,23.959],[88.734,23.959],[88.734,23.958],[88.733,23.958],[88.734,23.957],[88.735,23.956],[88.736,23.955],[88.738,23.954],[88.739,23.953],[88.74,23.954],[88.742,23.952],[88.742,23.951],[88.74,23.95],[88.739,23.948],[88.739,23.946],[88.739,23.944],[88.74,23.944],[88.741,23.943],[88.74,23.942],[88.741,23.94],[88.74,23.938],[88.741,23.937],[88.741,23.936],[88.742,23.934],[88.742,23.932],[88.743,23.93],[88.742,23.93],[88.741,23.931],[88.74,23.932],[88.738,23.932],[88.737,23.934],[88.736,23.933],[88.735,23.932],[88.735,23.931],[88.737,23.929],[88.735,23.926],[88.735,23.923],[88.733,23.923],[88.734,23.92],[88.734,23.918],[88.734,23.914],[88.733,23.913],[88.732,23.911],[88.73,23.911],[88.73,23.913],[88.731,23.913],[88.727,23.913],[88.725,23.914],[88.723,23.916],[88.72,23.916],[88.718,23.916],[88.715,23.916],[88.714,23.913],[88.712,23.913],[88.708,23.916],[88.706,23.915],[88.706,23.914],[88.705,23.913],[88.703,23.912],[88.702,23.912],[88.701,23.912],[88.7,23.911],[88.7,23.91],[88.7,23.908],[88.701,23.909],[88.701,23.907],[88.703,23.907],[88.703,23.907],[88.704,23.906],[88.702,23.906],[88.701,23.906],[88.7,23.905],[88.7,23.905],[88.701,23.904],[88.701,23.902],[88.702,23.904],[88.703,23.903],[88.703,23.902],[88.703,23.901],[88.704,23.901],[88.704,23.902],[88.705,23.901],[88.705,23.901],[88.704,23.9],[88.701,23.901],[88.7,23.901],[88.7,23.9],[88.698,23.9],[88.697,23.9],[88.695,23.9],[88.694,23.9],[88.691,23.901],[88.688,23.901],[88.687,23.899],[88.687,23.897],[88.686,23.893],[88.685,23.891],[88.683,23.889],[88.682,23.888],[88.681,23.887],[88.68,23.886],[88.677,23.885],[88.676,23.884],[88.671,23.884],[88.669,23.884],[88.668,23.883],[88.667,23.883],[88.666,23.882],[88.665,23.88],[88.664,23.88],[88.664,23.879],[88.664,23.878],[88.664,23.877],[88.665,23.876],[88.666,23.874],[88.667,23.873],[88.667,23.871],[88.668,23.87],[88.666,23.87],[88.666,23.87],[88.665,23.869],[88.665,23.87],[88.663,23.871],[88.661,23.871],[88.66,23.869],[88.657,23.869],[88.657,23.869],[88.655,23.869],[88.654,23.868],[88.654,23.867],[88.654,23.866],[88.654,23.866],[88.653,23.867],[88.651,23.867],[88.651,23.867],[88.65,23.867],[88.649,23.868],[88.647,23.869],[88.646,23.87],[88.644,23.869],[88.643,23.869],[88.642,23.869],[88.64,23.87],[88.639,23.871],[88.638,23.872],[88.637,23.871],[88.636,23.87],[88.634,23.869],[88.633,23.867],[88.631,23.866],[88.63,23.866],[88.628,23.865],[88.627,23.865],[88.625,23.866],[88.625,23.867],[88.624,23.869],[88.625,23.87],[88.625,23.872],[88.626,23.873],[88.625,23.875],[88.623,23.876],[88.621,23.877],[88.619,23.877],[88.617,23.877],[88.615,23.876],[88.613,23.876],[88.61,23.874],[88.609,23.873],[88.609,23.871],[88.609,23.869],[88.61,23.867],[88.61,23.865],[88.609,23.863],[88.607,23.863],[88.605,23.864],[88.603,23.867],[88.601,23.868],[88.599,23.869],[88.598,23.869],[88.596,23.869],[88.595,23.869],[88.593,23.869],[88.592,23.87],[88.59,23.87],[88.588,23.871],[88.587,23.871],[88.585,23.87],[88.584,23.869],[88.584,23.868],[88.585,23.866],[88.583,23.866],[88.582,23.865],[88.581,23.862],[88.579,23.862],[88.577,23.862],[88.576,23.862],[88.577,23.86],[88.578,23.858],[88.577,23.857],[88.576,23.855],[88.577,23.854],[88.578,23.853],[88.578,23.852],[88.578,23.851],[88.58,23.851],[88.582,23.853],[88.583,23.854],[88.585,23.855],[88.587,23.855],[88.589,23.854],[88.591,23.853],[88.591,23.852],[88.591,23.851],[88.589,23.85],[88.589,23.849],[88.588,23.848],[88.588,23.846],[88.587,23.844],[88.587,23.842],[88.587,23.84],[88.587,23.838],[88.587,23.836],[88.586,23.834],[88.586,23.832],[88.587,23.831],[88.587,23.83],[88.588,23.828],[88.589,23.827],[88.591,23.827],[88.592,23.826],[88.593,23.825],[88.595,23.824],[88.596,23.824],[88.598,23.823],[88.599,23.822],[88.6,23.821],[88.602,23.819],[88.602,23.818],[88.602,23.816],[88.601,23.815],[88.6,23.814],[88.599,23.813],[88.598,23.812],[88.598,23.811],[88.597,23.811],[88.596,23.811],[88.595,23.81],[88.595,23.809],[88.594,23.809],[88.593,23.81],[88.594,23.811],[88.593,23.811],[88.591,23.811],[88.59,23.811],[88.59,23.812],[88.589,23.812],[88.589,23.814],[88.588,23.813],[88.587,23.813],[88.585,23.814],[88.587,23.812],[88.587,23.812],[88.588,23.813],[88.588,23.811],[88.589,23.809],[88.592,23.808],[88.593,23.807],[88.594,23.806],[88.596,23.805],[88.593,23.805],[88.592,23.804],[88.592,23.803],[88.593,23.801],[88.592,23.798],[88.589,23.797],[88.586,23.797],[88.583,23.798],[88.581,23.797],[88.581,23.795],[88.582,23.793],[88.582,23.791],[88.58,23.79],[88.578,23.787],[88.576,23.785],[88.573,23.784],[88.57,23.783],[88.567,23.785],[88.564,23.785],[88.56,23.786],[88.557,23.786],[88.557,23.784],[88.558,23.784],[88.56,23.784],[88.56,23.782],[88.562,23.78],[88.563,23.778],[88.565,23.777],[88.567,23.777],[88.568,23.777],[88.569,23.777],[88.569,23.776],[88.57,23.776],[88.571,23.776],[88.572,23.776],[88.572,23.775],[88.574,23.775],[88.574,23.775],[88.576,23.775],[88.577,23.775],[88.577,23.775],[88.579,23.775],[88.579,23.774],[88.58,23.773],[88.579,23.772],[88.579,23.769],[88.58,23.767],[88.581,23.765],[88.58,23.763],[88.581,23.761],[88.581,23.76],[88.581,23.758],[88.578,23.758],[88.578,23.757],[88.577,23.756],[88.576,23.754],[88.575,23.752],[88.574,23.751],[88.572,23.749],[88.57,23.747],[88.572,23.748],[88.573,23.747],[88.573,23.745],[88.573,23.744],[88.574,23.743],[88.574,23.742],[88.574,23.741],[88.572,23.74],[88.572,23.738],[88.572,23.737],[88.572,23.735],[88.573,23.734],[88.574,23.735],[88.574,23.737],[88.575,23.739],[88.575,23.738],[88.576,23.736],[88.576,23.735],[88.576,23.733],[88.575,23.733],[88.574,23.733],[88.574,23.733],[88.573,23.731],[88.574,23.73],[88.574,23.729],[88.573,23.729],[88.572,23.729],[88.572,23.729],[88.57,23.729],[88.569,23.728],[88.569,23.726],[88.568,23.724],[88.569,23.72],[88.567,23.718],[88.568,23.718],[88.568,23.717],[88.568,23.715],[88.565,23.714],[88.565,23.712],[88.565,23.71],[88.565,23.71],[88.566,23.709],[88.566,23.707],[88.566,23.706],[88.567,23.704],[88.567,23.703],[88.568,23.701],[88.567,23.701],[88.567,23.7],[88.567,23.7],[88.568,23.699],[88.568,23.698],[88.569,23.695],[88.568,23.694],[88.568,23.694],[88.568,23.693],[88.569,23.692],[88.568,23.691],[88.569,23.689],[88.568,23.686],[88.573,23.685],[88.573,23.684],[88.574,23.682],[88.574,23.681],[88.574,23.68],[88.574,23.679],[88.574,23.679],[88.575,23.677],[88.574,23.676],[88.574,23.675],[88.574,23.675],[88.573,23.675],[88.573,23.674],[88.572,23.674],[88.572,23.673],[88.572,23.67],[88.573,23.669],[88.574,23.667],[88.572,23.667],[88.57,23.667],[88.569,23.664],[88.57,23.662],[88.57,23.66],[88.569,23.659],[88.567,23.659],[88.567,23.657],[88.565,23.657],[88.563,23.657],[88.562,23.655],[88.561,23.654],[88.559,23.652],[88.559,23.65],[88.559,23.649],[88.559,23.649],[88.56,23.648],[88.561,23.648],[88.563,23.647],[88.563,23.646],[88.563,23.645],[88.563,23.645],[88.563,23.642],[88.563,23.639],[88.562,23.637],[88.565,23.637],[88.567,23.637],[88.568,23.637],[88.568,23.637],[88.571,23.636],[88.572,23.637],[88.574,23.638],[88.576,23.639],[88.578,23.639],[88.58,23.639],[88.581,23.639],[88.582,23.639],[88.584,23.639],[88.586,23.64],[88.588,23.64],[88.591,23.641],[88.593,23.641],[88.593,23.637],[88.593,23.636],[88.593,23.634],[88.593,23.633],[88.594,23.632],[88.593,23.631],[88.594,23.629],[88.595,23.628],[88.593,23.627],[88.593,23.626],[88.593,23.625],[88.593,23.621],[88.594,23.62],[88.593,23.619],[88.594,23.618],[88.591,23.616],[88.587,23.616],[88.585,23.615],[88.584,23.613],[88.583,23.611],[88.581,23.61],[88.581,23.608],[88.581,23.607],[88.58,23.605],[88.58,23.604],[88.581,23.603],[88.584,23.604],[88.585,23.603],[88.587,23.603],[88.589,23.603],[88.591,23.603],[88.592,23.603],[88.595,23.602],[88.597,23.602],[88.596,23.604],[88.597,23.606],[88.599,23.606],[88.604,23.609],[88.605,23.609],[88.602,23.606],[88.605,23.606],[88.607,23.605],[88.609,23.605],[88.608,23.602],[88.607,23.602],[88.605,23.602],[88.606,23.6],[88.607,23.6],[88.608,23.601],[88.61,23.601],[88.611,23.602],[88.613,23.603],[88.615,23.603],[88.616,23.602],[88.617,23.602],[88.618,23.603],[88.62,23.603],[88.622,23.605],[88.623,23.605],[88.625,23.607],[88.626,23.607],[88.626,23.607],[88.628,23.607],[88.629,23.608],[88.629,23.609],[88.631,23.608],[88.632,23.609],[88.633,23.609],[88.637,23.609],[88.637,23.61],[88.64,23.611],[88.641,23.61],[88.642,23.609],[88.644,23.609],[88.646,23.609],[88.645,23.608],[88.644,23.607],[88.644,23.606],[88.643,23.603],[88.643,23.601],[88.64,23.599],[88.639,23.597],[88.639,23.595],[88.639,23.593],[88.639,23.591],[88.641,23.591],[88.642,23.591],[88.643,23.592],[88.645,23.591],[88.646,23.59],[88.646,23.589],[88.646,23.588],[88.647,23.587],[88.649,23.586],[88.651,23.585],[88.65,23.583],[88.648,23.581],[88.649,23.579],[88.65,23.577],[88.651,23.574],[88.652,23.572],[88.652,23.57],[88.653,23.567],[88.655,23.564],[88.654,23.561],[88.653,23.559],[88.654,23.556],[88.658,23.554],[88.66,23.553],[88.66,23.55],[88.662,23.548],[88.666,23.547],[88.669,23.547],[88.671,23.548],[88.675,23.548],[88.678,23.546],[88.682,23.543],[88.684,23.54],[88.686,23.538],[88.686,23.535],[88.685,23.532],[88.684,23.53],[88.686,23.53],[88.689,23.532],[88.691,23.531],[88.691,23.528],[88.691,23.525],[88.693,23.524],[88.695,23.526],[88.696,23.525],[88.696,23.522],[88.695,23.519],[88.697,23.517],[88.699,23.516],[88.702,23.516],[88.705,23.517],[88.708,23.515],[88.712,23.511],[88.714,23.508],[88.717,23.51],[88.719,23.512],[88.722,23.513],[88.725,23.511],[88.729,23.507],[88.731,23.503],[88.731,23.499],[88.73,23.498],[88.729,23.496],[88.732,23.496],[88.734,23.495],[88.739,23.491],[88.743,23.487],[88.743,23.485],[88.744,23.483],[88.743,23.482],[88.741,23.48],[88.744,23.481],[88.744,23.481],[88.745,23.483],[88.748,23.483],[88.751,23.481],[88.755,23.479],[88.759,23.478],[88.761,23.479],[88.761,23.481],[88.758,23.484],[88.756,23.487],[88.757,23.489],[88.761,23.491],[88.764,23.489],[88.765,23.485],[88.767,23.482],[88.772,23.48],[88.775,23.481],[88.774,23.484],[88.771,23.486],[88.768,23.488],[88.769,23.491],[88.77,23.495],[88.771,23.498],[88.775,23.5],[88.783,23.502],[88.787,23.506],[88.787,23.507],[88.788,23.506],[88.786,23.503],[88.785,23.5],[88.785,23.499],[88.786,23.498],[88.788,23.499],[88.789,23.502],[88.79,23.503],[88.793,23.503],[88.795,23.502],[88.796,23.501],[88.8,23.499],[88.8,23.497],[88.798,23.494],[88.798,23.493],[88.798,23.492],[88.795,23.487],[88.798,23.486],[88.801,23.485],[88.8,23.484],[88.799,23.482],[88.797,23.481],[88.795,23.48],[88.793,23.479],[88.792,23.477],[88.791,23.475],[88.789,23.472],[88.788,23.469],[88.787,23.467],[88.789,23.467],[88.789,23.465],[88.79,23.465],[88.791,23.464],[88.791,23.463],[88.79,23.461],[88.791,23.46],[88.792,23.46],[88.79,23.459],[88.79,23.457],[88.792,23.456],[88.791,23.455],[88.79,23.454],[88.791,23.453],[88.791,23.451],[88.789,23.45],[88.79,23.448],[88.792,23.447],[88.793,23.446],[88.794,23.445],[88.795,23.444],[88.795,23.443],[88.793,23.443],[88.792,23.444],[88.791,23.442],[88.789,23.441],[88.787,23.442],[88.788,23.443],[88.788,23.445],[88.786,23.444],[88.785,23.444],[88.784,23.444],[88.784,23.442],[88.784,23.441],[88.784,23.439],[88.782,23.44],[88.781,23.439],[88.781,23.438],[88.779,23.438],[88.779,23.44],[88.781,23.442],[88.779,23.443],[88.777,23.443],[88.775,23.444],[88.773,23.445],[88.772,23.447],[88.773,23.449],[88.77,23.448],[88.767,23.448],[88.765,23.449],[88.764,23.446],[88.763,23.444],[88.763,23.441],[88.762,23.438],[88.762,23.434],[88.761,23.433],[88.762,23.431],[88.76,23.429],[88.762,23.427],[88.76,23.425],[88.759,23.426],[88.758,23.425],[88.757,23.423],[88.756,23.42],[88.755,23.418],[88.755,23.414],[88.758,23.413],[88.758,23.412],[88.76,23.411],[88.76,23.41],[88.761,23.409],[88.759,23.407],[88.758,23.405],[88.756,23.404],[88.752,23.403],[88.751,23.403],[88.749,23.399],[88.752,23.396],[88.754,23.395],[88.753,23.393],[88.753,23.391],[88.753,23.389],[88.756,23.389],[88.757,23.387],[88.759,23.386],[88.759,23.385],[88.76,23.385],[88.76,23.387],[88.76,23.387],[88.762,23.387],[88.763,23.387],[88.762,23.386],[88.762,23.385],[88.761,23.383],[88.761,23.381],[88.76,23.381],[88.759,23.379],[88.76,23.377],[88.759,23.375],[88.762,23.373],[88.764,23.371],[88.766,23.369],[88.765,23.366],[88.762,23.362],[88.759,23.361],[88.757,23.36],[88.755,23.36],[88.752,23.362],[88.747,23.362],[88.746,23.36],[88.745,23.359],[88.746,23.359],[88.746,23.358],[88.746,23.356],[88.744,23.355],[88.744,23.354],[88.745,23.353],[88.746,23.351],[88.747,23.35],[88.745,23.349],[88.744,23.349],[88.741,23.35],[88.739,23.351],[88.737,23.352],[88.735,23.353],[88.733,23.353],[88.732,23.352],[88.732,23.35],[88.733,23.348],[88.734,23.347],[88.735,23.347],[88.737,23.346],[88.738,23.345],[88.739,23.343],[88.739,23.342],[88.737,23.341],[88.736,23.339],[88.735,23.337],[88.735,23.335],[88.735,23.333],[88.734,23.332],[88.733,23.33],[88.733,23.328],[88.733,23.327],[88.736,23.327],[88.739,23.328],[88.741,23.328],[88.743,23.328],[88.745,23.327],[88.745,23.326],[88.746,23.324],[88.748,23.323],[88.75,23.322],[88.75,23.321],[88.748,23.319],[88.746,23.316],[88.746,23.314],[88.746,23.312],[88.746,23.31],[88.745,23.307],[88.744,23.306],[88.742,23.305],[88.74,23.305],[88.737,23.305],[88.735,23.306],[88.733,23.307],[88.731,23.309],[88.729,23.311],[88.729,23.313],[88.729,23.315],[88.731,23.317],[88.732,23.319],[88.73,23.32],[88.727,23.319],[88.725,23.318],[88.725,23.317],[88.726,23.316],[88.727,23.314],[88.727,23.311],[88.727,23.309],[88.727,23.306],[88.727,23.304],[88.727,23.302],[88.727,23.3],[88.725,23.298],[88.722,23.298],[88.72,23.298],[88.719,23.299],[88.72,23.301],[88.72,23.304],[88.716,23.305],[88.714,23.306],[88.712,23.306],[88.71,23.305],[88.708,23.304],[88.706,23.304],[88.707,23.307],[88.708,23.309],[88.71,23.31],[88.713,23.311],[88.712,23.312],[88.71,23.313],[88.708,23.312],[88.707,23.31],[88.705,23.308],[88.702,23.307],[88.699,23.305],[88.697,23.303],[88.696,23.301],[88.697,23.299],[88.697,23.296],[88.697,23.293],[88.698,23.291],[88.7,23.292],[88.703,23.292],[88.706,23.292],[88.708,23.291],[88.71,23.289],[88.711,23.287],[88.712,23.284],[88.712,23.282],[88.711,23.28],[88.711,23.279],[88.713,23.277],[88.715,23.275],[88.72,23.274],[88.724,23.273],[88.724,23.271],[88.723,23.267],[88.721,23.264],[88.721,23.262],[88.72,23.259],[88.719,23.256],[88.722,23.254],[88.726,23.253],[88.729,23.251],[88.732,23.249],[88.735,23.247],[88.738,23.247],[88.741,23.246],[88.745,23.245],[88.748,23.243],[88.752,23.24],[88.757,23.241],[88.76,23.245],[88.761,23.246],[88.767,23.245],[88.77,23.244],[88.771,23.243],[88.774,23.242],[88.774,23.239],[88.776,23.239],[88.778,23.236],[88.777,23.235],[88.776,23.234],[88.775,23.231],[88.773,23.23],[88.774,23.226],[88.776,23.225],[88.778,23.224],[88.778,23.223],[88.779,23.222],[88.78,23.221],[88.783,23.223],[88.785,23.222],[88.788,23.222],[88.789,23.221],[88.79,23.22],[88.79,23.219],[88.791,23.219],[88.791,23.22],[88.794,23.22],[88.796,23.22],[88.798,23.22],[88.802,23.219],[88.808,23.219],[88.811,23.223],[88.809,23.226],[88.809,23.228],[88.808,23.23],[88.807,23.231],[88.807,23.233],[88.807,23.235],[88.806,23.237],[88.807,23.241],[88.808,23.244],[88.81,23.248],[88.809,23.251],[88.809,23.253],[88.809,23.255],[88.81,23.255],[88.812,23.256],[88.812,23.256],[88.812,23.254],[88.813,23.254],[88.814,23.252],[88.815,23.252],[88.816,23.251],[88.818,23.25],[88.824,23.247],[88.828,23.245],[88.829,23.244],[88.827,23.242],[88.825,23.24],[88.823,23.236],[88.824,23.234],[88.826,23.235],[88.829,23.236],[88.833,23.239],[88.835,23.242],[88.837,23.244],[88.839,23.239],[88.842,23.235],[88.845,23.233],[88.847,23.231],[88.851,23.232],[88.851,23.234],[88.854,23.235],[88.856,23.236],[88.858,23.235],[88.859,23.235],[88.86,23.234],[88.86,23.232],[88.862,23.234],[88.867,23.233],[88.871,23.234],[88.873,23.234],[88.873,23.234],[88.875,23.234],[88.876,23.232],[88.877,23.232],[88.879,23.231],[88.882,23.23],[88.884,23.23],[88.886,23.23],[88.886,23.228],[88.886,23.226],[88.887,23.226],[88.887,23.229],[88.888,23.232],[88.89,23.231],[88.892,23.232],[88.894,23.232],[88.895,23.231],[88.897,23.233],[88.898,23.233],[88.899,23.232],[88.9,23.233],[88.902,23.233],[88.903,23.235],[88.904,23.235],[88.905,23.236],[88.906,23.236],[88.908,23.235],[88.91,23.235],[88.911,23.234],[88.912,23.232],[88.913,23.23],[88.915,23.229],[88.915,23.227],[88.916,23.224],[88.916,23.221],[88.916,23.218],[88.915,23.217],[88.914,23.214],[88.916,23.213],[88.917,23.213],[88.918,23.213],[88.919,23.214],[88.921,23.216],[88.918,23.219],[88.918,23.22],[88.922,23.218],[88.922,23.217],[88.925,23.216],[88.925,23.218],[88.927,23.217],[88.93,23.216],[88.929,23.215],[88.93,23.214],[88.929,23.212],[88.93,23.212],[88.934,23.21],[88.937,23.208],[88.938,23.208],[88.94,23.207],[88.942,23.206],[88.944,23.206],[88.946,23.207],[88.948,23.208],[88.953,23.211],[88.957,23.213],[88.96,23.214],[88.962,23.214],[88.964,23.215],[88.964,23.216],[88.965,23.218],[88.966,23.219],[88.968,23.22],[88.97,23.221],[88.971,23.223],[88.973,23.222],[88.974,23.221],[88.975,23.22],[88.976,23.218],[88.977,23.217],[88.978,23.216],[88.978,23.217],[88.976,23.218],[88.975,23.221],[88.974,23.222],[88.974,23.223],[88.975,23.224],[88.978,23.224],[88.98,23.223],[88.981,23.222],[88.981,23.221],[88.98,23.219],[88.979,23.217],[88.98,23.216],[88.98,23.216],[88.981,23.218],[88.982,23.22],[88.982,23.221],[88.984,23.222],[88.986,23.22],[88.988,23.217],[88.993,23.215],[88.995,23.215],[88.996,23.215],[88.996,23.213],[88.996,23.212],[88.996,23.211],[88.992,23.213],[88.991,23.212],[88.988,23.215],[88.985,23.216],[88.981,23.214],[88.98,23.211],[88.981,23.21],[88.985,23.209],[88.987,23.206],[88.987,23.203],[88.987,23.202],[88.986,23.202],[88.985,23.202],[88.985,23.201],[88.985,23.199],[88.984,23.199],[88.983,23.198],[88.982,23.197],[88.982,23.196],[88.982,23.195],[88.98,23.194],[88.98,23.193],[88.98,23.191],[88.979,23.191],[88.979,23.19],[88.979,23.189],[88.979,23.189],[88.978,23.188],[88.98,23.187],[88.979,23.187],[88.979,23.185],[88.978,23.184],[88.98,23.183],[88.979,23.183],[88.978,23.183],[88.977,23.183],[88.977,23.183],[88.976,23.182],[88.975,23.185],[88.975,23.186],[88.976,23.187],[88.975,23.19],[88.974,23.192],[88.972,23.193],[88.968,23.194],[88.964,23.193],[88.964,23.193],[88.962,23.192],[88.961,23.191],[88.96,23.19],[88.959,23.19],[88.958,23.189],[88.958,23.187],[88.958,23.185],[88.957,23.183],[88.956,23.182],[88.953,23.182],[88.95,23.182],[88.946,23.181],[88.944,23.178],[88.939,23.177],[88.938,23.173],[88.937,23.173],[88.936,23.172],[88.934,23.17],[88.933,23.168],[88.934,23.165],[88.934,23.164],[88.934,23.163],[88.932,23.163],[88.929,23.163],[88.928,23.163],[88.927,23.161],[88.929,23.161],[88.93,23.161],[88.931,23.16],[88.93,23.159],[88.93,23.158],[88.931,23.157],[88.93,23.157],[88.932,23.156],[88.932,23.154],[88.932,23.151],[88.932,23.149],[88.932,23.147],[88.931,23.146],[88.931,23.145],[88.931,23.144],[88.929,23.143],[88.923,23.145],[88.922,23.143],[88.92,23.141],[88.919,23.138],[88.92,23.137],[88.92,23.136],[88.919,23.134],[88.919,23.133],[88.918,23.132],[88.918,23.131],[88.916,23.129],[88.912,23.13],[88.91,23.13],[88.91,23.128],[88.907,23.126],[88.906,23.124],[88.905,23.122],[88.905,23.12],[88.904,23.119],[88.903,23.119],[88.902,23.117],[88.901,23.116],[88.901,23.114],[88.9,23.114],[88.9,23.111],[88.898,23.112],[88.897,23.112],[88.897,23.111],[88.896,23.111],[88.895,23.11],[88.892,23.108],[88.891,23.108],[88.888,23.109],[88.888,23.109],[88.887,23.109],[88.886,23.11],[88.884,23.111],[88.883,23.111],[88.882,23.111],[88.881,23.11],[88.881,23.109],[88.882,23.108],[88.882,23.107],[88.883,23.106],[88.882,23.104],[88.88,23.104],[88.879,23.104],[88.877,23.104],[88.876,23.105],[88.874,23.103],[88.875,23.103],[88.872,23.102],[88.871,23.102],[88.87,23.101],[88.869,23.101],[88.869,23.1],[88.87,23.098],[88.87,23.098],[88.872,23.096],[88.875,23.093],[88.874,23.091],[88.873,23.089],[88.871,23.089],[88.871,23.087],[88.87,23.086],[88.868,23.086],[88.867,23.086],[88.866,23.083],[88.866,23.081],[88.864,23.08],[88.864,23.079],[88.865,23.078],[88.863,23.076],[88.866,23.074],[88.868,23.072],[88.867,23.073],[88.867,23.073],[88.868,23.071],[88.868,23.07],[88.869,23.069],[88.87,23.068],[88.872,23.067],[88.874,23.065],[88.875,23.061],[88.874,23.059],[88.875,23.057],[88.874,23.057],[88.875,23.056],[88.875,23.054],[88.874,23.053],[88.875,23.052],[88.875,23.05],[88.874,23.048],[88.875,23.047],[88.877,23.044],[88.879,23.042],[88.882,23.041],[88.884,23.039],[88.884,23.038],[88.883,23.037],[88.882,23.036],[88.882,23.034],[88.88,23.032],[88.881,23.03],[88.881,23.029],[88.881,23.028],[88.881,23.026],[88.879,23.025],[88.878,23.026],[88.877,23.024],[88.877,23.023],[88.875,23.022],[88.874,23.02],[88.872,23.019],[88.872,23.017],[88.873,23.016],[88.874,23.015],[88.875,23.014],[88.875,23.013],[88.874,23.011],[88.876,23.01],[88.878,23.01],[88.88,23.009],[88.88,23.008],[88.88,23.005],[88.878,23.004],[88.876,23.003],[88.874,23.004],[88.871,23.005],[88.868,23.006],[88.864,23.006],[88.859,23.006],[88.855,23.007],[88.851,23.008],[88.848,23.011],[88.845,23.011],[88.845,23.009],[88.847,23.006],[88.85,23.003],[88.853,23.002],[88.857,23.003],[88.861,23.003],[88.865,23.001],[88.866,22.999],[88.864,22.996],[88.864,22.992],[88.865,22.988],[88.867,22.983],[88.871,22.98],[88.871,22.978],[88.868,22.976],[88.865,22.974],[88.861,22.973],[88.858,22.971],[88.856,22.967],[88.855,22.962],[88.855,22.957],[88.857,22.952],[88.858,22.948],[88.859,22.944],[88.861,22.942],[88.863,22.946],[88.867,22.95],[88.87,22.951],[88.873,22.949],[88.877,22.949],[88.878,22.953],[88.88,22.954],[88.885,22.954],[88.89,22.953],[88.894,22.952],[88.894,22.951],[88.893,22.948],[88.893,22.945],[88.893,22.941],[88.892,22.938],[88.889,22.936],[88.887,22.934],[88.888,22.931],[88.891,22.928],[88.895,22.926],[88.9,22.925],[88.905,22.923],[88.907,22.921],[88.908,22.918],[88.906,22.915],[88.902,22.914],[88.896,22.915],[88.895,22.913],[88.898,22.91],[88.901,22.907],[88.901,22.906],[88.901,22.903],[88.899,22.9],[88.899,22.898],[88.901,22.897],[88.902,22.896],[88.903,22.895],[88.904,22.895],[88.905,22.895],[88.905,22.894],[88.906,22.893],[88.907,22.893],[88.906,22.892],[88.905,22.89],[88.905,22.889],[88.906,22.888],[88.908,22.887],[88.907,22.887],[88.906,22.886],[88.907,22.885],[88.908,22.885],[88.909,22.884],[88.909,22.883],[88.909,22.882],[88.909,22.882],[88.912,22.881],[88.912,22.881],[88.911,22.88],[88.91,22.88],[88.91,22.879],[88.911,22.879],[88.912,22.879],[88.913,22.879],[88.914,22.88],[88.916,22.88],[88.916,22.88],[88.917,22.879],[88.918,22.878],[88.919,22.879],[88.921,22.88],[88.922,22.88],[88.923,22.88],[88.923,22.879],[88.924,22.877],[88.925,22.876],[88.927,22.875],[88.927,22.874],[88.928,22.872],[88.931,22.873],[88.932,22.873],[88.932,22.873],[88.934,22.874],[88.935,22.874],[88.937,22.874],[88.939,22.875],[88.94,22.875],[88.941,22.876],[88.941,22.877],[88.942,22.88],[88.943,22.88],[88.944,22.88],[88.946,22.88],[88.947,22.879],[88.948,22.878],[88.949,22.878],[88.95,22.877],[88.95,22.876],[88.95,22.874],[88.95,22.873],[88.951,22.872],[88.952,22.871],[88.953,22.869],[88.953,22.868],[88.954,22.866],[88.953,22.865],[88.953,22.864],[88.955,22.864],[88.956,22.864],[88.957,22.863],[88.958,22.862],[88.959,22.86],[88.959,22.859],[88.958,22.857],[88.959,22.856],[88.961,22.855],[88.963,22.853],[88.964,22.851],[88.966,22.849],[88.968,22.846],[88.969,22.845],[88.968,22.843],[88.968,22.84],[88.967,22.838],[88.966,22.835],[88.966,22.833],[88.964,22.83],[88.964,22.827],[88.964,22.825],[88.964,22.822],[88.963,22.82],[88.962,22.817],[88.96,22.815],[88.959,22.813],[88.957,22.81],[88.958,22.809],[88.958,22.809],[88.96,22.81],[88.96,22.808],[88.96,22.808],[88.959,22.805],[88.959,22.803],[88.959,22.802],[88.959,22.801],[88.959,22.799],[88.959,22.798],[88.958,22.797],[88.956,22.797],[88.955,22.797],[88.953,22.797],[88.952,22.797],[88.951,22.797],[88.947,22.795],[88.945,22.792],[88.944,22.792],[88.942,22.791],[88.941,22.791],[88.938,22.793],[88.936,22.791],[88.936,22.79],[88.936,22.789],[88.935,22.787],[88.935,22.786],[88.935,22.785],[88.936,22.784],[88.935,22.783],[88.933,22.783],[88.93,22.783],[88.929,22.783],[88.929,22.783],[88.929,22.781],[88.926,22.78],[88.925,22.78],[88.926,22.779],[88.927,22.776],[88.927,22.773],[88.926,22.769],[88.924,22.77],[88.919,22.77],[88.917,22.768],[88.915,22.763],[88.914,22.76],[88.912,22.757],[88.912,22.757],[88.912,22.755],[88.913,22.755],[88.914,22.755],[88.915,22.754],[88.916,22.755],[88.917,22.755],[88.919,22.754],[88.92,22.753],[88.921,22.752],[88.921,22.749],[88.921,22.749],[88.92,22.748],[88.918,22.747],[88.917,22.745],[88.917,22.744],[88.917,22.741],[88.916,22.74],[88.916,22.738],[88.917,22.735],[88.918,22.732],[88.922,22.73],[88.925,22.729],[88.926,22.726],[88.926,22.723],[88.93,22.717],[88.933,22.715],[88.937,22.713],[88.942,22.71],[88.946,22.708],[88.947,22.707],[88.949,22.706],[88.952,22.706],[88.954,22.705],[88.956,22.704],[88.957,22.703],[88.958,22.701],[88.959,22.699],[88.96,22.698],[88.962,22.696],[88.962,22.694],[88.962,22.693],[88.962,22.692],[88.961,22.688],[88.962,22.686],[88.962,22.685],[88.96,22.685],[88.958,22.685],[88.956,22.685],[88.955,22.685],[88.953,22.682],[88.952,22.681],[88.951,22.68],[88.95,22.681],[88.95,22.68],[88.949,22.678],[88.948,22.677],[88.948,22.676],[88.948,22.675],[88.948,22.674],[88.947,22.673],[88.948,22.671],[88.947,22.669],[88.946,22.667],[88.946,22.665],[88.945,22.664],[88.945,22.663],[88.945,22.662],[88.944,22.662],[88.943,22.662],[88.943,22.661],[88.943,22.66],[88.941,22.659],[88.939,22.66],[88.935,22.659],[88.934,22.658],[88.933,22.657],[88.935,22.657],[88.936,22.656],[88.935,22.655],[88.933,22.653],[88.934,22.653],[88.933,22.652],[88.931,22.651],[88.931,22.652],[88.929,22.653],[88.929,22.653],[88.932,22.642],[88.934,22.619],[88.942,22.618],[88.959,22.618],[88.955,22.606],[88.939,22.59],[88.941,22.577],[88.937,22.564],[88.948,22.555],[88.96,22.552],[88.963,22.546],[88.966,22.538],[88.969,22.528],[88.972,22.517],[88.973,22.51],[88.975,22.497],[88.981,22.484],[88.989,22.476],[88.996,22.471],[88.996,22.462],[88.994,22.454],[88.99,22.448],[88.991,22.442],[88.998,22.435],[89.0,22.431],[88.997,22.428],[88.988,22.423],[88.982,22.416],[88.975,22.413],[88.972,22.408],[88.98,22.401],[88.987,22.395],[88.99,22.392],[88.986,22.383],[88.984,22.376],[88.984,22.372],[88.989,22.367],[88.989,22.362],[88.986,22.358],[88.988,22.352],[88.988,22.344],[88.986,22.336],[88.985,22.329],[88.986,22.325],[88.992,22.323],[88.998,22.324],[89.003,22.321],[89.01,22.315],[89.014,22.31],[89.018,22.305],[89.023,22.3],[89.024,22.296],[89.023,22.294],[89.018,22.295],[89.011,22.297],[89.005,22.298],[88.999,22.297],[88.995,22.293],[88.996,22.287],[89.0,22.282],[89.007,22.277],[89.013,22.274],[89.018,22.271],[89.019,22.267],[89.018,22.264],[89.015,22.261],[89.013,22.256],[89.018,22.254],[89.024,22.257],[89.029,22.26],[89.032,22.259],[89.034,22.253],[89.036,22.243],[89.038,22.231],[89.043,22.223],[89.05,22.217],[89.062,22.207],[89.069,22.2],[89.072,22.193],[89.07,22.186],[89.065,22.177],[89.063,22.171],[89.064,22.163],[89.067,22.156],[89.071,22.15],[89.076,22.148],[89.082,22.153],[89.088,22.159],[89.094,22.16],[89.098,22.154],[89.093,22.146],[89.088,22.141],[89.08,22.137],[89.072,22.131],[89.064,22.125],[89.057,22.122],[89.052,22.12],[89.045,22.112],[89.041,22.104],[89.039,22.096],[89.04,22.087],[89.043,22.078],[89.041,22.071],[89.044,22.055],[89.034,22.046],[89.053,22.028],[89.073,22.007],[89.076,22.0],[89.076,21.978],[89.07,21.966],[89.068,21.952],[89.064,21.937],[89.055,21.931],[89.047,21.929],[89.035,21.926],[89.021,21.932],[89.012,21.939],[89.004,21.953],[89.02,21.972],[89.015,21.97],[89.0,21.959],[88.995,21.944],[89.004,21.935],[89.019,21.924],[89.017,21.905],[89.011,21.899],[88.991,21.903],[88.992,21.886],[89.006,21.88],[89.029,21.867],[89.035,21.856],[89.024,21.846],[89.034,21.837],[89.03,21.821],[89.011,21.81],[89.006,21.807],[89.02,21.807],[89.019,21.792],[89.021,21.774],[89.026,21.757],[89.042,21.739],[89.06,21.728],[89.054,21.721],[89.07,21.709],[89.075,21.693],[89.08,21.682],[89.091,21.676],[89.1,21.651],[89.087,21.627],[89.077,21.618],[89.064,21.612],[89.042,21.626],[89.031,21.634],[89.03,21.647],[89.022,21.66],[89.022,21.654],[89.025,21.642],[89.036,21.625],[89.041,21.612],[89.029,21.599],[89.012,21.6],[89.004,21.599],[89.0,21.619],[88.986,21.61],[88.967,21.611],[88.953,21.627],[88.943,21.64],[88.949,21.664],[88.932,21.654],[88.929,21.642],[88.916,21.635],[88.909,21.642],[88.886,21.658],[88.885,21.676],[88.873,21.697],[88.879,21.727],[88.883,21.741],[88.882,21.754],[88.874,21.769],[88.833,21.772],[88.84,21.763],[88.857,21.76],[88.864,21.748],[88.853,21.736],[88.847,21.724],[88.843,21.71],[88.847,21.672],[88.855,21.658],[88.862,21.645],[88.852,21.626],[88.846,21.628],[88.845,21.63],[88.85,21.618],[88.835,21.62],[88.826,21.621],[88.814,21.629],[88.811,21.634],[88.815,21.642],[88.825,21.658],[88.821,21.68],[88.812,21.673],[88.81,21.665],[88.801,21.655],[88.792,21.659],[88.786,21.658],[88.775,21.663],[88.753,21.668],[88.751,21.66],[88.735,21.673],[88.714,21.688],[88.709,21.711],[88.703,21.727],[88.7,21.752],[88.71,21.772],[88.714,21.793],[88.722,21.804],[88.707,21.816],[88.72,21.824],[88.707,21.826],[88.7,21.832],[88.704,21.844],[88.72,21.853],[88.707,21.855],[88.7,21.846],[88.708,21.872],[88.714,21.888],[88.718,21.9],[88.728,21.9],[88.72,21.913],[88.722,21.927],[88.73,21.932],[88.724,21.942],[88.725,21.957],[88.728,21.976],[88.741,21.977],[88.757,21.972],[88.758,21.974],[88.76,21.989],[88.763,22.011],[88.773,22.016],[88.763,22.018],[88.759,22.032],[88.754,22.049],[88.76,22.052],[88.75,22.059],[88.752,22.075],[88.742,22.062],[88.73,22.057],[88.719,22.055],[88.704,22.071],[88.693,22.075],[88.685,22.061],[88.697,22.048],[88.711,22.043],[88.735,22.03],[88.739,22.014],[88.732,22.006],[88.72,22.003],[88.703,22.004],[88.686,22.014],[88.675,22.02],[88.663,22.026],[88.657,22.06],[88.65,22.073],[88.638,22.075],[88.629,22.068],[88.63,22.046],[88.638,22.04],[88.622,22.022],[88.609,22.019],[88.604,22.031],[88.6,22.027],[88.613,22.013],[88.61,21.995],[88.604,21.978],[88.601,21.965],[88.612,21.945],[88.619,21.932],[88.605,21.94],[88.581,21.965],[88.581,21.978],[88.58,21.962],[88.586,21.951],[88.603,21.934],[88.613,21.923],[88.611,21.911],[88.595,21.896],[88.58,21.893],[88.578,21.904],[88.576,21.896],[88.577,21.881],[88.576,21.869],[88.57,21.846],[88.565,21.834],[88.555,21.83],[88.552,21.815],[88.542,21.829],[88.535,21.84],[88.546,21.856],[88.549,21.874],[88.547,21.875],[88.532,21.858],[88.521,21.858],[88.508,21.867],[88.504,21.891],[88.51,21.902],[88.526,21.914],[88.528,21.925],[88.526,21.939],[88.518,21.948],[88.5,21.952],[88.51,21.939],[88.505,21.914],[88.497,21.911],[88.479,21.902],[88.476,21.893],[88.465,21.895],[88.462,21.893],[88.474,21.889],[88.484,21.879],[88.487,21.866],[88.491,21.841],[88.479,21.835],[88.474,21.832],[88.454,21.819],[88.449,21.812],[88.461,21.795],[88.47,21.792],[88.476,21.782],[88.471,21.768],[88.468,21.747],[88.464,21.724],[88.457,21.726],[88.466,21.691],[88.473,21.671],[88.465,21.651],[88.463,21.635],[88.459,21.627],[88.447,21.61],[88.43,21.605],[88.44,21.614],[88.44,21.627],[88.423,21.647],[88.42,21.67],[88.42,21.688],[88.435,21.702],[88.426,21.714],[88.425,21.709],[88.425,21.698],[88.414,21.687],[88.413,21.663],[88.423,21.641],[88.433,21.627],[88.427,21.615],[88.412,21.608],[88.409,21.595],[88.397,21.591],[88.386,21.607],[88.387,21.625],[88.387,21.642],[88.383,21.657],[88.38,21.665],[88.38,21.681],[88.4,21.698],[88.403,21.712],[88.399,21.721],[88.378,21.723],[88.37,21.726],[88.365,21.73],[88.373,21.717],[88.388,21.7],[88.373,21.691],[88.368,21.682],[88.349,21.692],[88.34,21.713],[88.337,21.723],[88.327,21.722],[88.326,21.713],[88.317,21.707],[88.309,21.73],[88.301,21.723],[88.3,21.712],[88.291,21.71],[88.284,21.722],[88.275,21.734],[88.277,21.72],[88.287,21.703],[88.301,21.685],[88.309,21.663],[88.295,21.647],[88.296,21.637],[88.29,21.624],[88.29,21.607],[88.289,21.596],[88.31,21.583],[88.299,21.565],[88.287,21.557],[88.268,21.555],[88.258,21.557],[88.245,21.562],[88.237,21.571],[88.238,21.582],[88.229,21.6],[88.232,21.631],[88.235,21.642],[88.232,21.662],[88.227,21.673],[88.21,21.672],[88.2,21.688],[88.211,21.693],[88.22,21.705],[88.212,21.728],[88.215,21.737],[88.215,21.752],[88.216,21.765],[88.215,21.783],[88.21,21.795],[88.2,21.817],[88.194,21.827],[88.182,21.843],[88.173,21.86],[88.168,21.872],[88.168,21.886],[88.171,21.899],[88.175,21.912],[88.175,21.927],[88.158,21.953],[88.164,21.967],[88.181,21.982],[88.195,22.0],[88.202,22.017],[88.211,22.032],[88.215,22.046],[88.223,22.071],[88.223,22.091],[88.217,22.114],[88.213,22.121],[88.209,22.142],[88.19,22.179],[88.179,22.19],[88.165,22.195],[88.151,22.198],[88.136,22.199],[88.115,22.206],[88.094,22.206],[88.07,22.209],[88.062,22.223],[88.048,22.216],[88.026,22.22],[88.017,22.221],[88.025,22.204],[88.042,22.206],[88.06,22.191],[88.071,22.185],[88.087,22.185],[88.112,22.19],[88.124,22.185],[88.147,22.167],[88.161,22.152],[88.176,22.129],[88.191,22.107],[88.181,22.087],[88.162,22.071],[88.147,22.059],[88.128,22.052],[88.11,22.038],[88.075,22.016],[88.061,22.015],[88.049,22.014],[88.049,22.0],[88.038,21.978],[88.025,21.96],[88.023,21.948],[88.018,21.939],[88.01,21.909],[87.999,21.898],[88.0,21.892],[87.987,21.876],[87.975,21.856],[87.963,21.842],[87.932,21.812],[87.911,21.8],[87.893,21.793],[87.878,21.817],[87.88,21.804],[87.887,21.778],[87.867,21.757],[87.837,21.729],[87.825,21.72],[87.795,21.699],[87.804,21.701],[87.8,21.695],[87.787,21.691],[87.774,21.692],[87.758,21.695],[87.749,21.693],[87.756,21.688],[87.738,21.678],[87.718,21.665],[87.704,21.659],[87.686,21.655],[87.673,21.65],[87.661,21.648],[87.642,21.649],[87.639,21.651],[87.625,21.643],[87.612,21.64],[87.596,21.638],[87.582,21.635],[87.559,21.632],[87.542,21.625],[87.533,21.624],[87.52,21.62],[87.505,21.617],[87.489,21.611],[87.484,21.61],[87.476,21.607],[87.456,21.601],[87.44,21.597],[87.413,21.586],[87.405,21.58],[87.393,21.576],[87.378,21.573],[87.357,21.58],[87.346,21.58],[87.348,21.569],[87.358,21.567],[87.372,21.561],[87.372,21.55],[87.356,21.554],[87.317,21.556],[87.279,21.555],[87.243,21.553],[87.224,21.55],[87.215,21.548],[87.2,21.55],[87.187,21.545],[87.191,21.55],[87.192,21.554],[87.184,21.553],[87.174,21.551],[87.173,21.541],[87.185,21.543],[87.202,21.548],[87.191,21.54],[87.177,21.536],[87.158,21.528],[87.15,21.525],[87.131,21.515],[87.12,21.517],[87.13,21.517],[87.122,21.52],[87.109,21.519],[87.092,21.535],[87.102,21.523],[87.118,21.513],[87.095,21.489],[87.076,21.473],[87.05,21.478],[87.048,21.477],[87.059,21.475],[87.046,21.455],[87.013,21.43],[86.992,21.415],[86.95,21.371],[86.929,21.344],[86.913,21.339],[86.915,21.332],[86.896,21.311],[86.89,21.297],[86.878,21.277],[86.868,21.264],[86.86,21.251],[86.855,21.231],[86.849,21.225],[86.839,21.207],[86.834,21.213],[86.835,21.202],[86.825,21.179],[86.827,21.167],[86.83,21.151],[86.827,21.137],[86.834,21.119],[86.839,21.107],[86.843,21.098],[86.847,21.086],[86.854,21.066],[86.862,21.052],[86.869,21.045],[86.885,21.022],[86.894,21.005],[86.905,20.981],[86.91,20.961],[86.924,20.934],[86.937,20.917],[86.941,20.901],[86.948,20.89],[86.95,20.882],[86.958,20.865],[86.954,20.853],[86.96,20.853],[86.965,20.845],[86.974,20.825],[86.972,20.812],[86.97,20.793],[86.962,20.782],[86.935,20.789],[86.918,20.791],[86.892,20.794],[86.888,20.795],[86.871,20.788],[86.869,20.773],[86.884,20.77],[86.913,20.768],[86.934,20.767],[86.957,20.766],[86.979,20.77],[86.996,20.77],[87.005,20.751],[87.01,20.731],[87.008,20.721],[87.002,20.711],[86.987,20.713],[86.942,20.715],[86.928,20.712],[86.936,20.71],[86.954,20.711],[86.975,20.709],[86.976,20.698],[86.964,20.695],[86.986,20.703],[87.007,20.701],[86.993,20.697],[87.007,20.695],[87.022,20.697],[87.036,20.703],[87.047,20.709],[87.063,20.718],[87.068,20.717],[87.047,20.705],[87.033,20.693],[87.01,20.68],[86.978,20.66],[86.953,20.645],[86.937,20.635],[86.908,20.616],[86.898,20.609],[86.869,20.59],[86.862,20.591],[86.862,20.587],[86.843,20.573],[86.817,20.554],[86.798,20.54],[86.775,20.513],[86.767,20.503],[86.758,20.517],[86.747,20.526],[86.732,20.534],[86.735,20.527],[86.753,20.516],[86.762,20.504],[86.753,20.483],[86.744,20.469],[86.732,20.481],[86.717,20.48],[86.735,20.479],[86.737,20.47],[86.734,20.458],[86.731,20.435],[86.734,20.412],[86.721,20.396],[86.712,20.403],[86.72,20.394],[86.732,20.396],[86.747,20.4],[86.739,20.386],[86.75,20.397],[86.757,20.398],[86.758,20.392],[86.745,20.377],[86.764,20.394],[86.784,20.391],[86.772,20.377],[86.777,20.373],[86.786,20.373],[86.78,20.362],[86.775,20.348],[86.772,20.332],[86.754,20.32],[86.74,20.312],[86.732,20.313],[86.728,20.313],[86.728,20.307],[86.718,20.302],[86.688,20.305],[86.684,20.301],[86.678,20.294],[86.68,20.292],[86.702,20.288],[86.715,20.293],[86.73,20.297],[86.742,20.307],[86.753,20.314],[86.78,20.332],[86.788,20.34],[86.8,20.361],[86.805,20.364],[86.796,20.344],[86.769,20.319],[86.743,20.301],[86.729,20.293],[86.704,20.282],[86.679,20.268],[86.677,20.276],[86.676,20.267],[86.672,20.258],[86.654,20.249],[86.637,20.241],[86.628,20.238],[86.597,20.222],[86.576,20.21],[86.556,20.196],[86.543,20.195],[86.527,20.186],[86.514,20.177],[86.524,20.174],[86.543,20.188],[86.539,20.193],[86.552,20.194],[86.544,20.182],[86.521,20.163],[86.515,20.151],[86.507,20.137],[86.491,20.109],[86.473,20.086],[86.451,20.067],[86.44,20.049],[86.438,20.034],[86.435,20.022],[86.429,20.008],[86.418,20.0],[86.4,19.988],[86.382,19.965],[86.378,19.98],[86.378,19.991],[86.371,19.98],[86.356,19.98],[86.343,19.98],[86.336,19.991],[86.323,19.993],[86.315,19.986],[86.318,19.981],[86.338,19.975],[86.339,19.97],[86.363,19.962],[86.374,19.955],[86.357,19.95],[86.342,19.949],[86.327,19.946],[86.317,19.944],[86.302,19.938],[86.292,19.935],[86.277,19.926],[86.263,19.918],[86.247,19.91],[86.238,19.908],[86.243,19.918],[86.236,19.918],[86.226,19.91],[86.22,19.911],[86.235,19.904],[86.215,19.895],[86.192,19.886],[86.181,19.884],[86.166,19.879],[86.149,19.875],[86.134,19.87],[86.116,19.865],[86.106,19.862],[86.092,19.859],[86.078,19.855],[86.067,19.851],[86.058,19.852],[86.074,19.856],[86.058,19.854],[86.04,19.851],[86.048,19.848],[86.049,19.847],[86.035,19.844],[86.02,19.841],[86.012,19.839],[85.992,19.836],[85.973,19.833],[85.963,19.83],[85.944,19.827],[85.932,19.823],[85.918,19.823],[85.913,19.82],[85.912,19.818],[85.899,19.814],[85.888,19.812],[85.875,19.808],[85.861,19.805],[85.846,19.8],[85.834,19.795],[85.816,19.789],[85.803,19.785],[85.794,19.782],[85.787,19.78],[85.778,19.777],[85.768,19.775],[85.757,19.77],[85.742,19.765],[85.726,19.759],[85.715,19.755],[85.699,19.749],[85.683,19.745],[85.672,19.74],[85.66,19.735],[85.638,19.725],[85.619,19.717],[85.605,19.713],[85.622,19.721],[85.633,19.725],[85.649,19.735],[85.675,19.744],[85.663,19.741],[85.65,19.739],[85.64,19.736],[85.634,19.732],[85.626,19.73],[85.616,19.726],[85.592,19.717],[85.564,19.704],[85.542,19.696],[85.532,19.69],[85.528,19.679],[85.536,19.68],[85.552,19.687],[85.569,19.692],[85.589,19.705],[85.58,19.695],[85.539,19.676],[85.482,19.648],[85.467,19.642],[85.457,19.637],[85.442,19.63],[85.426,19.625],[85.403,19.612],[85.357,19.589],[85.333,19.573],[85.312,19.56],[85.298,19.55],[85.287,19.544],[85.263,19.528],[85.241,19.514],[85.224,19.5],[85.207,19.488],[85.188,19.474],[85.175,19.466],[85.158,19.454],[85.134,19.435],[85.113,19.419],[85.095,19.401],[85.083,19.378],[85.081,19.382],[85.067,19.371],[85.051,19.376],[85.039,19.392],[85.037,19.383],[85.047,19.371],[85.052,19.367],[85.072,19.371],[85.082,19.374],[85.069,19.365],[85.035,19.348],[85.001,19.326],[84.976,19.308],[84.96,19.295],[84.942,19.281],[84.917,19.26],[84.911,19.275],[84.907,19.272],[84.912,19.26],[84.906,19.251],[84.887,19.235],[84.837,19.185],[84.82,19.162],[84.805,19.142],[84.799,19.126],[84.793,19.118],[84.796,19.128],[84.79,19.127],[84.787,19.119],[84.782,19.112],[84.76,19.112],[84.751,19.115],[84.741,19.108],[84.737,19.095],[84.731,19.087],[84.743,19.083],[84.746,19.075],[84.755,19.081],[84.76,19.09],[84.765,19.099],[84.791,19.115],[84.784,19.102],[84.767,19.073],[84.75,19.048],[84.734,19.03],[84.721,19.012],[84.712,19.0],[84.704,18.985],[84.687,18.968],[84.683,18.958],[84.663,18.939],[84.629,18.908],[84.601,18.877],[84.583,18.847],[84.57,18.828],[84.56,18.8],[84.552,18.785],[84.536,18.77],[84.509,18.751],[84.49,18.73],[84.465,18.702],[84.45,18.678],[84.442,18.657],[84.415,18.634],[84.407,18.627],[84.372,18.594],[84.364,18.574],[84.359,18.571],[84.348,18.569],[84.351,18.577],[84.358,18.581],[84.345,18.579],[84.338,18.579],[84.345,18.567],[84.348,18.56],[84.338,18.567],[84.338,18.555],[84.329,18.551],[84.322,18.55],[84.31,18.535],[84.314,18.536],[84.333,18.541],[84.343,18.549],[84.358,18.563],[84.36,18.554],[84.331,18.531],[84.317,18.521],[84.295,18.503],[84.287,18.497],[84.264,18.476],[84.244,18.46],[84.208,18.425],[84.197,18.415],[84.176,18.396],[84.155,18.375],[84.141,18.354],[84.134,18.352],[84.122,18.354],[84.112,18.352],[84.1,18.349],[84.107,18.346],[84.129,18.345],[84.132,18.331],[84.134,18.315],[84.115,18.302],[84.091,18.29],[84.083,18.283],[84.069,18.274],[84.056,18.267],[84.039,18.259],[84.026,18.255],[84.005,18.244],[84.0,18.241],[83.989,18.242],[83.987,18.234],[83.97,18.224],[83.95,18.214],[83.947,18.22],[83.946,18.216],[83.933,18.222],[83.925,18.229],[83.935,18.216],[83.937,18.209],[83.918,18.206],[83.895,18.197],[83.879,18.185],[83.866,18.175],[83.853,18.17],[83.84,18.165],[83.824,18.16],[83.811,18.157],[83.805,18.159],[83.799,18.15],[83.785,18.144],[83.773,18.137],[83.757,18.13],[83.737,18.12],[83.724,18.113],[83.705,18.105],[83.687,18.092],[83.673,18.085],[83.672,18.082],[83.674,18.081],[83.663,18.071],[83.647,18.06],[83.632,18.052],[83.62,18.043],[83.609,18.037],[83.585,18.018],[83.574,18.016],[83.572,18.017],[83.57,18.012],[83.556,18.026],[83.558,18.014],[83.559,18.011],[83.57,18.007],[83.562,17.991],[83.554,17.98],[83.545,17.967],[83.527,17.948],[83.515,17.941],[83.489,17.925],[83.469,17.914],[83.455,17.903],[83.456,17.924],[83.453,17.906],[83.452,17.902],[83.45,17.9],[83.456,17.893],[83.445,17.874],[83.425,17.86],[83.412,17.84],[83.415,17.817],[83.4,17.799],[83.387,17.784],[83.373,17.766],[83.357,17.756],[83.352,17.745],[83.349,17.73],[83.32,17.709],[83.295,17.689],[83.283,17.69],[83.292,17.686],[83.3,17.684],[83.293,17.673],[83.281,17.659],[83.262,17.648],[83.253,17.64],[83.235,17.624],[83.239,17.614],[83.22,17.598],[83.208,17.588],[83.183,17.578],[83.173,17.567],[83.156,17.56],[83.146,17.556],[83.132,17.551],[83.12,17.548],[83.113,17.545],[83.104,17.543],[83.084,17.53],[83.073,17.528],[83.062,17.524],[83.052,17.52],[83.027,17.51],[83.006,17.487],[82.996,17.474],[82.977,17.465],[82.959,17.46],[82.94,17.449],[82.913,17.437],[82.891,17.428],[82.884,17.433],[82.893,17.442],[82.896,17.447],[82.884,17.437],[82.875,17.432],[82.867,17.423],[82.855,17.425],[82.862,17.421],[82.867,17.417],[82.864,17.415],[82.853,17.411],[82.835,17.403],[82.82,17.395],[82.805,17.389],[82.778,17.378],[82.725,17.352],[82.685,17.331],[82.658,17.316],[82.641,17.305],[82.609,17.287],[82.579,17.27],[82.562,17.258],[82.542,17.245],[82.516,17.228],[82.498,17.215],[82.471,17.193],[82.44,17.167],[82.423,17.152],[82.347,17.078],[82.298,17.025],[82.291,17.017],[82.289,17.006],[82.285,16.99],[82.28,16.976],[82.274,16.962],[82.275,16.946],[82.265,16.939],[82.249,16.926],[82.249,16.911],[82.254,16.905],[82.253,16.892],[82.251,16.875],[82.262,16.885],[82.269,16.872],[82.285,16.872],[82.275,16.857],[82.288,16.865],[82.298,16.865],[82.315,16.855],[82.316,16.841],[82.321,16.851],[82.332,16.855],[82.343,16.853],[82.357,16.85],[82.359,16.84],[82.356,16.827],[82.36,16.828],[82.365,16.854],[82.365,16.87],[82.365,16.882],[82.364,16.899],[82.364,16.909],[82.365,16.922],[82.362,16.935],[82.36,16.952],[82.346,16.965],[82.337,16.979],[82.333,16.989],[82.355,16.975],[82.364,16.956],[82.366,16.948],[82.369,16.927],[82.371,16.914],[82.37,16.887],[82.37,16.872],[82.366,16.842],[82.363,16.827],[82.361,16.812],[82.359,16.802],[82.357,16.792],[82.351,16.774],[82.344,16.764],[82.343,16.76],[82.342,16.75],[82.342,16.743],[82.342,16.736],[82.332,16.735],[82.32,16.734],[82.312,16.727],[82.3,16.714],[82.285,16.707],[82.271,16.708],[82.271,16.701],[82.29,16.696],[82.309,16.7],[82.324,16.71],[82.335,16.714],[82.345,16.706],[82.344,16.704],[82.339,16.702],[82.334,16.696],[82.335,16.689],[82.339,16.692],[82.344,16.697],[82.35,16.702],[82.353,16.706],[82.353,16.71],[82.354,16.712],[82.351,16.714],[82.346,16.715],[82.344,16.714],[82.34,16.716],[82.345,16.716],[82.355,16.715],[82.359,16.712],[82.36,16.713],[82.361,16.714],[82.363,16.713],[82.363,16.715],[82.364,16.718],[82.365,16.72],[82.363,16.725],[82.36,16.724],[82.357,16.726],[82.354,16.727],[82.351,16.727],[82.347,16.725],[82.345,16.727],[82.354,16.729],[82.365,16.731],[82.37,16.722],[82.369,16.713],[82.364,16.707],[82.358,16.703],[82.346,16.689],[82.33,16.668],[82.324,16.653],[82.322,16.641],[82.321,16.63],[82.319,16.624],[82.318,16.616],[82.315,16.609],[82.311,16.603],[82.309,16.598],[82.303,16.607],[82.291,16.627],[82.284,16.641],[82.271,16.644],[82.256,16.653],[82.264,16.667],[82.264,16.68],[82.258,16.685],[82.261,16.667],[82.254,16.655],[82.265,16.641],[82.282,16.63],[82.29,16.612],[82.297,16.597],[82.292,16.572],[82.284,16.572],[82.271,16.567],[82.26,16.562],[82.262,16.555],[82.284,16.562],[82.293,16.56],[82.284,16.558],[82.297,16.56],[82.304,16.567],[82.3,16.557],[82.276,16.554],[82.266,16.551],[82.253,16.549],[82.239,16.544],[82.226,16.538],[82.182,16.515],[82.15,16.5],[82.122,16.486],[82.099,16.476],[82.062,16.457],[82.039,16.443],[82.035,16.445],[82.048,16.453],[82.045,16.46],[82.04,16.461],[82.039,16.45],[82.029,16.445],[82.025,16.437],[82.006,16.427],[81.972,16.406],[81.96,16.398],[81.961,16.411],[81.965,16.437],[81.96,16.427],[81.955,16.398],[81.944,16.394],[81.935,16.392],[81.921,16.389],[81.902,16.386],[81.887,16.383],[81.862,16.375],[81.841,16.365],[81.823,16.359],[81.81,16.353],[81.796,16.343],[81.762,16.326],[81.741,16.318],[81.722,16.31],[81.716,16.31],[81.72,16.323],[81.724,16.335],[81.726,16.35],[81.717,16.365],[81.716,16.337],[81.715,16.321],[81.709,16.31],[81.71,16.305],[81.698,16.31],[81.694,16.318],[81.687,16.327],[81.68,16.325],[81.662,16.329],[81.652,16.331],[81.636,16.333],[81.624,16.335],[81.608,16.338],[81.592,16.34],[81.578,16.342],[81.563,16.344],[81.541,16.35],[81.545,16.35],[81.558,16.351],[81.562,16.367],[81.556,16.363],[81.553,16.371],[81.555,16.357],[81.55,16.353],[81.539,16.352],[81.529,16.352],[81.467,16.352],[81.449,16.35],[81.424,16.346],[81.411,16.342],[81.393,16.339],[81.373,16.333],[81.362,16.328],[81.342,16.32],[81.327,16.312],[81.312,16.305],[81.298,16.297],[81.272,16.277],[81.27,16.289],[81.266,16.28],[81.253,16.257],[81.239,16.239],[81.224,16.217],[81.215,16.198],[81.211,16.187],[81.204,16.181],[81.207,16.191],[81.198,16.174],[81.2,16.167],[81.199,16.149],[81.188,16.142],[81.202,16.143],[81.201,16.128],[81.197,16.11],[81.195,16.103],[81.189,16.087],[81.169,16.051],[81.154,16.024],[81.149,16.014],[81.148,15.993],[81.15,15.98],[81.14,15.971],[81.13,15.987],[81.126,15.993],[81.128,15.982],[81.135,15.971],[81.131,15.959],[81.116,15.947],[81.1,15.935],[81.079,15.917],[81.065,15.904],[81.061,15.896],[81.047,15.878],[81.031,15.864],[81.018,15.848],[81.005,15.834],[80.997,15.822],[81.007,15.814],[81.003,15.814],[80.995,15.814],[80.998,15.807],[81.007,15.783],[81.01,15.78],[81.023,15.768],[81.027,15.77],[81.025,15.788],[81.034,15.777],[81.03,15.767],[81.028,15.76],[81.012,15.765],[80.994,15.769],[80.982,15.775],[80.989,15.766],[81.008,15.757],[81.013,15.757],[81.0,15.745],[80.982,15.739],[80.976,15.747],[80.966,15.755],[80.962,15.754],[80.972,15.753],[80.957,15.74],[80.957,15.735],[80.968,15.745],[80.974,15.744],[80.965,15.728],[80.938,15.71],[80.932,15.718],[80.927,15.728],[80.907,15.747],[80.895,15.752],[80.911,15.737],[80.921,15.72],[80.923,15.715],[80.905,15.715],[80.894,15.713],[80.88,15.711],[80.872,15.709],[80.858,15.706],[80.85,15.704],[80.832,15.701],[80.835,15.705],[80.835,15.723],[80.834,15.743],[80.833,15.753],[80.821,15.745],[80.81,15.751],[80.805,15.771],[80.795,15.788],[80.785,15.818],[80.784,15.833],[80.782,15.852],[80.787,15.854],[80.788,15.832],[80.79,15.814],[80.807,15.785],[80.809,15.788],[80.81,15.805],[80.814,15.813],[80.811,15.827],[80.795,15.852],[80.776,15.864],[80.77,15.867],[80.753,15.872],[80.742,15.875],[80.726,15.878],[80.704,15.88],[80.68,15.889],[80.678,15.882],[80.66,15.879],[80.644,15.877],[80.635,15.883],[80.632,15.876],[80.614,15.872],[80.6,15.87],[80.583,15.866],[80.567,15.861],[80.555,15.858],[80.543,15.853],[80.537,15.854],[80.524,15.857],[80.528,15.85],[80.522,15.845],[80.51,15.841],[80.492,15.833],[80.472,15.825],[80.456,15.816],[80.442,15.81],[80.421,15.798],[80.412,15.792],[80.397,15.785],[80.379,15.774],[80.365,15.763],[80.349,15.752],[80.331,15.735],[80.311,15.716],[80.293,15.696],[80.28,15.679],[80.267,15.668],[80.261,15.667],[80.258,15.652],[80.251,15.65],[80.256,15.642],[80.245,15.619],[80.236,15.597],[80.234,15.585],[80.23,15.572],[80.227,15.559],[80.228,15.542],[80.218,15.531],[80.23,15.545],[80.227,15.532],[80.218,15.514],[80.213,15.509],[80.204,15.512],[80.202,15.506],[80.2,15.498],[80.197,15.49],[80.208,15.492],[80.207,15.498],[80.214,15.502],[80.212,15.491],[80.207,15.476],[80.203,15.467],[80.186,15.441],[80.165,15.421],[80.157,15.409],[80.138,15.387],[80.121,15.364],[80.115,15.35],[80.105,15.33],[80.1,15.321],[80.1,15.313],[80.108,15.319],[80.098,15.304],[80.091,15.292],[80.086,15.277],[80.084,15.268],[80.086,15.239],[80.09,15.227],[80.087,15.198],[80.085,15.19],[80.081,15.186],[80.065,15.19],[80.076,15.178],[80.07,15.161],[80.065,15.148],[80.06,15.132],[80.055,15.119],[80.053,15.102],[80.05,15.093],[80.048,15.074],[80.05,15.043],[80.052,15.028],[80.054,15.011],[80.056,15.003],[80.059,14.996],[80.062,14.978],[80.065,14.968],[80.068,14.943],[80.072,14.931],[80.075,14.919],[80.08,14.906],[80.086,14.887],[80.09,14.866],[80.093,14.813],[80.084,14.815],[80.078,14.809],[80.089,14.805],[80.095,14.807],[80.098,14.791],[80.104,14.773],[80.109,14.757],[80.117,14.745],[80.13,14.727],[80.118,14.739],[80.113,14.741],[80.117,14.738],[80.114,14.727],[80.118,14.733],[80.129,14.724],[80.14,14.704],[80.136,14.692],[80.14,14.706],[80.14,14.716],[80.147,14.698],[80.15,14.683],[80.155,14.67],[80.159,14.653],[80.163,14.639],[80.169,14.623],[80.172,14.612],[80.18,14.601],[80.185,14.592],[80.18,14.585],[80.147,14.57],[80.14,14.565],[80.152,14.567],[80.167,14.566],[80.194,14.576],[80.194,14.564],[80.188,14.547],[80.186,14.535],[80.183,14.523],[80.18,14.486],[80.178,14.468],[80.177,14.443],[80.175,14.431],[80.175,14.4],[80.174,14.382],[80.171,14.374],[80.17,14.357],[80.166,14.336],[80.153,14.307],[80.145,14.285],[80.141,14.273],[80.14,14.247],[80.135,14.252],[80.126,14.254],[80.127,14.252],[80.121,14.248],[80.106,14.253],[80.107,14.244],[80.113,14.247],[80.136,14.242],[80.134,14.23],[80.132,14.216],[80.13,14.198],[80.129,14.183],[80.13,14.128],[80.134,14.105],[80.136,14.085],[80.138,14.075],[80.132,14.069],[80.126,14.066],[80.139,14.066],[80.145,14.063],[80.145,14.053],[80.15,14.038],[80.153,14.025],[80.151,14.02],[80.154,14.018],[80.165,14.0],[80.168,13.988],[80.173,13.977],[80.18,13.964],[80.187,13.947],[80.194,13.928],[80.201,13.912],[80.208,13.898],[80.217,13.88],[80.224,13.863],[80.229,13.854],[80.237,13.835],[80.243,13.819],[80.234,13.815],[80.225,13.82],[80.237,13.811],[80.25,13.802],[80.257,13.782],[80.25,13.763],[80.242,13.743],[80.239,13.723],[80.236,13.709],[80.234,13.674],[80.235,13.657],[80.237,13.64],[80.24,13.629],[80.245,13.613],[80.255,13.592],[80.268,13.566],[80.275,13.547],[80.287,13.517],[80.293,13.501],[80.298,13.488],[80.305,13.474],[80.309,13.463],[80.31,13.455],[80.316,13.435],[80.311,13.426],[80.32,13.419],[80.321,13.41],[80.323,13.399],[80.324,13.39],[80.33,13.384],[80.333,13.383],[80.329,13.398],[80.326,13.413],[80.327,13.435],[80.323,13.437],[80.328,13.44],[80.33,13.42],[80.333,13.398],[80.336,13.378],[80.341,13.363],[80.343,13.351],[80.345,13.336],[80.346,13.305],[80.345,13.283],[80.344,13.27],[80.34,13.26],[80.328,13.233],[80.316,13.232],[80.315,13.248],[80.314,13.23],[80.31,13.216],[80.308,13.205],[80.314,13.209],[80.321,13.224],[80.331,13.227],[80.326,13.212],[80.322,13.195],[80.318,13.182],[80.315,13.168],[80.309,13.155],[80.302,13.139],[80.295,13.122],[80.297,13.109],[80.298,13.098],[80.295,13.09],[80.298,13.09],[80.302,13.097],[80.305,13.091],[80.291,13.074],[80.279,13.068],[80.28,13.065],[80.283,13.049],[80.28,13.035],[80.276,13.012],[80.264,13.011],[80.277,13.008],[80.271,12.988],[80.268,12.976],[80.265,12.962],[80.262,12.948],[80.259,12.923],[80.256,12.913],[80.255,12.892],[80.252,12.88],[80.25,12.86],[80.249,12.83],[80.25,12.813],[80.249,12.803],[80.247,12.816],[80.245,12.82],[80.245,12.805],[80.24,12.817],[80.238,12.834],[80.233,12.845],[80.235,12.83],[80.235,12.82],[80.234,12.797],[80.238,12.783],[80.239,12.794],[80.244,12.798],[80.245,12.796],[80.255,12.787],[80.255,12.777],[80.251,12.767],[80.247,12.748],[80.239,12.731],[80.235,12.718],[80.23,12.705],[80.227,12.695],[80.22,12.674],[80.212,12.652],[80.2,12.624],[80.194,12.599],[80.19,12.589],[80.188,12.572],[80.176,12.55],[80.17,12.532],[80.167,12.521],[80.165,12.512],[80.158,12.512],[80.163,12.507],[80.161,12.493],[80.159,12.48],[80.156,12.462],[80.136,12.432],[80.122,12.442],[80.114,12.45],[80.116,12.44],[80.131,12.428],[80.115,12.403],[80.095,12.377],[80.075,12.354],[80.062,12.339],[80.05,12.321],[80.036,12.302],[80.02,12.275],[80.012,12.262],[80.002,12.256],[79.992,12.252],[79.977,12.237],[79.976,12.229],[80.0,12.25],[80.01,12.253],[79.998,12.236],[79.98,12.208],[79.97,12.192],[79.957,12.173],[79.945,12.153],[79.929,12.131],[79.911,12.104],[79.897,12.08],[79.88,12.053],[79.873,12.04],[79.867,12.027],[79.862,12.013],[79.856,11.998],[79.854,11.991],[79.85,11.981],[79.845,11.965],[79.841,11.951],[79.839,11.942],[79.835,11.926],[79.834,11.916],[79.83,11.903],[79.824,11.917],[79.828,11.907],[79.82,11.904],[79.828,11.9],[79.827,11.89],[79.818,11.881],[79.819,11.877],[79.816,11.871],[79.821,11.868],[79.815,11.851],[79.81,11.837],[79.806,11.822],[79.805,11.817],[79.802,11.8],[79.798,11.787],[79.796,11.772],[79.794,11.76],[79.79,11.743],[79.788,11.733],[79.785,11.723],[79.778,11.704],[79.775,11.707],[79.763,11.685],[79.759,11.672],[79.763,11.677],[79.774,11.692],[79.778,11.696],[79.774,11.674],[79.77,11.665],[79.769,11.654],[79.765,11.642],[79.762,11.616],[79.757,11.59],[79.757,11.57],[79.759,11.557],[79.763,11.527],[79.771,11.513],[79.772,11.505],[79.77,11.49],[79.776,11.493],[79.783,11.493],[79.785,11.481],[79.808,11.442],[79.811,11.429],[79.816,11.414],[79.819,11.393],[79.822,11.383],[79.825,11.37],[79.827,11.358],[79.812,11.37],[79.818,11.364],[79.797,11.37],[79.779,11.385],[79.761,11.379],[79.777,11.378],[79.791,11.369],[79.822,11.359],[79.834,11.357],[79.84,11.345],[79.836,11.335],[79.838,11.299],[79.84,11.284],[79.842,11.27],[79.845,11.256],[79.848,11.243],[79.852,11.226],[79.855,11.21],[79.857,11.196],[79.859,11.16],[79.86,11.141],[79.86,11.098],[79.858,11.072],[79.857,11.052],[79.859,11.029],[79.856,11.009],[79.855,10.972],[79.853,10.928],[79.853,10.892],[79.85,10.834],[79.84,10.825],[79.832,10.82],[79.848,10.825],[79.85,10.786],[79.85,10.756],[79.851,10.737],[79.853,10.709],[79.855,10.67],[79.855,10.647],[79.855,10.618],[79.856,10.592],[79.858,10.555],[79.86,10.537],[79.861,10.52],[79.863,10.477],[79.865,10.459],[79.867,10.415],[79.869,10.38],[79.87,10.359],[79.874,10.347],[79.877,10.331],[79.875,10.33],[79.87,10.342],[79.872,10.33],[79.876,10.317],[79.875,10.31],[79.87,10.32],[79.871,10.312],[79.872,10.297],[79.873,10.306],[79.877,10.321],[79.881,10.319],[79.872,10.295],[79.854,10.278],[79.832,10.275],[79.793,10.273],[79.805,10.282],[79.811,10.291],[79.803,10.299],[79.79,10.305],[79.779,10.312],[79.763,10.315],[79.741,10.32],[79.729,10.325],[79.7,10.328],[79.685,10.328],[79.671,10.332],[79.662,10.346],[79.669,10.328],[79.658,10.323],[79.65,10.332],[79.641,10.337],[79.635,10.349],[79.64,10.363],[79.628,10.345],[79.631,10.341],[79.63,10.336],[79.608,10.333],[79.593,10.32],[79.582,10.313],[79.573,10.314],[79.557,10.317],[79.56,10.327],[79.576,10.332],[79.585,10.329],[79.6,10.338],[79.605,10.346],[79.596,10.345],[79.578,10.344],[79.559,10.351],[79.548,10.345],[79.545,10.347],[79.54,10.337],[79.552,10.326],[79.535,10.332],[79.521,10.33],[79.524,10.335],[79.514,10.34],[79.509,10.341],[79.502,10.334],[79.494,10.334],[79.501,10.336],[79.491,10.338],[79.475,10.343],[79.462,10.35],[79.461,10.34],[79.47,10.339],[79.477,10.337],[79.484,10.336],[79.492,10.327],[79.48,10.327],[79.463,10.33],[79.468,10.322],[79.48,10.32],[79.5,10.319],[79.512,10.318],[79.516,10.311],[79.504,10.311],[79.488,10.313],[79.473,10.315],[79.463,10.317],[79.422,10.319],[79.392,10.32],[79.377,10.305],[79.378,10.3],[79.377,10.295],[79.361,10.29],[79.353,10.287],[79.339,10.287],[79.327,10.281],[79.308,10.265],[79.297,10.261],[79.271,10.233],[79.28,10.213],[79.266,10.201],[79.243,10.182],[79.242,10.163],[79.234,10.151],[79.23,10.139],[79.233,10.133],[79.233,10.123],[79.23,10.11],[79.23,10.102],[79.236,10.083],[79.246,10.074],[79.257,10.062],[79.253,10.052],[79.268,10.042],[79.25,10.03],[79.237,10.016],[79.22,9.998],[79.203,9.977],[79.185,9.96],[79.17,9.943],[79.155,9.924],[79.151,9.913],[79.134,9.899],[79.125,9.885],[79.12,9.873],[79.114,9.863],[79.123,9.862],[79.121,9.852],[79.109,9.84],[79.097,9.831],[79.08,9.804],[79.063,9.779],[79.049,9.769],[79.035,9.762],[79.02,9.74],[79.007,9.722],[78.994,9.705],[78.985,9.692],[78.974,9.67],[78.974,9.658],[78.969,9.647],[78.965,9.631],[78.954,9.62],[78.945,9.614],[78.939,9.602],[78.935,9.593],[78.93,9.577],[78.926,9.565],[78.925,9.555],[78.921,9.54],[78.924,9.521],[78.918,9.502],[78.915,9.49],[78.9,9.487],[78.917,9.443],[78.926,9.43],[78.94,9.413],[78.964,9.383],[78.993,9.353],[78.995,9.338],[78.987,9.331],[78.96,9.343],[78.973,9.334],[78.982,9.331],[79.001,9.333],[78.997,9.342],[79.008,9.336],[79.023,9.325],[79.038,9.312],[79.058,9.3],[79.073,9.297],[79.087,9.294],[79.102,9.291],[79.11,9.289],[79.126,9.288],[79.138,9.293],[79.156,9.285],[79.168,9.285],[79.177,9.284],[79.189,9.28],[79.169,9.277],[79.16,9.275],[79.131,9.27],[79.118,9.266],[79.105,9.262],[79.091,9.259],[79.063,9.259],[79.052,9.262],[79.034,9.265],[79.018,9.268],[79.0,9.27],[78.959,9.27],[78.95,9.268],[78.931,9.266],[78.918,9.255],[78.907,9.248],[78.896,9.252],[78.884,9.254],[78.869,9.251],[78.851,9.245],[78.836,9.243],[78.802,9.232],[78.788,9.225],[78.774,9.221],[78.757,9.212],[78.737,9.208],[78.72,9.193],[78.716,9.186],[78.702,9.188],[78.691,9.192],[78.669,9.19],[78.66,9.185],[78.647,9.165],[78.655,9.156],[78.649,9.151],[78.63,9.148],[78.613,9.145],[78.596,9.138],[78.578,9.129],[78.569,9.131],[78.55,9.132],[78.523,9.132],[78.508,9.129],[78.497,9.126],[78.487,9.126],[78.492,9.137],[78.485,9.125],[78.464,9.121],[78.45,9.119],[78.439,9.115],[78.417,9.109],[78.404,9.102],[78.387,9.09],[78.37,9.08],[78.368,9.089],[78.37,9.075],[78.352,9.06],[78.333,9.045],[78.312,9.03],[78.298,9.02],[78.285,9.011],[78.273,9.001],[78.271,9.014],[78.274,9.014],[78.267,9.0],[78.253,8.99],[78.228,8.974],[78.215,8.961],[78.201,8.944],[78.186,8.92],[78.182,8.907],[78.178,8.89],[78.171,8.879],[78.167,8.852],[78.166,8.838],[78.17,8.824],[78.166,8.81],[78.161,8.802],[78.163,8.792],[78.161,8.778],[78.159,8.774],[78.166,8.769],[78.151,8.754],[78.133,8.762],[78.131,8.761],[78.146,8.754],[78.157,8.75],[78.166,8.758],[78.169,8.77],[78.186,8.765],[78.198,8.772],[78.195,8.779],[78.201,8.78],[78.196,8.757],[78.177,8.747],[78.166,8.737],[78.159,8.722],[78.157,8.712],[78.143,8.7],[78.135,8.679],[78.134,8.668],[78.13,8.653],[78.128,8.645],[78.122,8.639],[78.111,8.641],[78.117,8.637],[78.128,8.638],[78.129,8.621],[78.13,8.61],[78.136,8.597],[78.127,8.593],[78.114,8.585],[78.125,8.59],[78.137,8.594],[78.137,8.578],[78.134,8.559],[78.129,8.546],[78.125,8.537],[78.124,8.513],[78.131,8.498],[78.118,8.482],[78.105,8.467],[78.091,8.451],[78.079,8.433],[78.07,8.421],[78.062,8.396],[78.058,8.384],[78.048,8.389],[78.055,8.381],[78.07,8.374],[78.058,8.37],[78.043,8.365],[78.021,8.357],[78.011,8.352],[77.997,8.344],[77.982,8.336],[77.964,8.324],[77.941,8.303],[77.925,8.295],[77.915,8.29],[77.9,8.277],[77.884,8.27],[77.868,8.263],[77.848,8.254],[77.83,8.25],[77.823,8.247],[77.807,8.24],[77.797,8.231],[77.787,8.212],[77.777,8.194],[77.768,8.191],[77.751,8.178],[77.732,8.172],[77.711,8.165],[77.692,8.162],[77.673,8.16],[77.66,8.159],[77.646,8.157],[77.637,8.155],[77.626,8.153],[77.615,8.149],[77.603,8.145],[77.576,8.13],[77.563,8.117],[77.56,8.103],[77.56,8.096],[77.563,8.088],[77.556,8.077],[77.546,8.075],[77.525,8.079],[77.507,8.082],[77.492,8.084],[77.482,8.088],[77.472,8.09],[77.453,8.092],[77.431,8.099],[77.421,8.102],[77.408,8.105],[77.396,8.109],[77.376,8.115],[77.359,8.12],[77.347,8.123],[77.337,8.126],[77.322,8.122],[77.307,8.132],[77.301,8.145],[77.278,8.161],[77.26,8.169],[77.243,8.173],[77.231,8.184],[77.224,8.192],[77.188,8.213],[77.171,8.233],[77.17,8.24],[77.162,8.248],[77.157,8.245],[77.134,8.26],[77.122,8.27],[77.095,8.29],[77.075,8.306],[77.05,8.325],[77.033,8.339],[77.01,8.352],[77.004,8.363],[76.997,8.374],[76.985,8.377],[76.975,8.386],[76.974,8.395],[76.966,8.408],[76.96,8.421],[76.971,8.41],[76.963,8.421],[76.96,8.429],[76.95,8.438],[76.955,8.424],[76.944,8.437],[76.935,8.449],[76.922,8.465],[76.904,8.486],[76.885,8.506],[76.888,8.507],[76.878,8.516],[76.868,8.53],[76.837,8.568],[76.818,8.592],[76.801,8.615],[76.78,8.638],[76.771,8.65],[76.755,8.671],[76.744,8.685],[76.729,8.703],[76.707,8.727],[76.695,8.746],[76.689,8.758],[76.679,8.772],[76.666,8.79],[76.656,8.802],[76.646,8.816],[76.635,8.83],[76.607,8.86],[76.592,8.872],[76.582,8.877],[76.568,8.875],[76.552,8.893],[76.546,8.9],[76.543,8.915],[76.54,8.927],[76.552,8.927],[76.565,8.924],[76.569,8.913],[76.574,8.92],[76.593,8.927],[76.6,8.933],[76.596,8.935],[76.592,8.941],[76.585,8.929],[76.573,8.927],[76.589,8.942],[76.595,8.945],[76.597,8.965],[76.602,8.97],[76.606,8.966],[76.607,8.951],[76.616,8.958],[76.612,8.96],[76.614,8.968],[76.626,8.965],[76.623,8.955],[76.628,8.948],[76.639,8.95],[76.635,8.953],[76.631,8.953],[76.637,8.962],[76.642,8.963],[76.648,8.964],[76.653,8.962],[76.655,8.962],[76.661,8.955],[76.67,8.962],[76.666,8.964],[76.668,8.974],[76.654,8.967],[76.652,8.975],[76.643,8.974],[76.636,8.976],[76.636,8.982],[76.645,8.978],[76.646,8.98],[76.654,8.985],[76.661,8.978],[76.658,8.987],[76.666,8.993],[76.655,8.995],[76.649,8.992],[76.642,8.996],[76.637,8.993],[76.632,8.987],[76.627,8.987],[76.622,8.982],[76.619,8.976],[76.61,8.977],[76.61,8.984],[76.605,8.99],[76.597,8.982],[76.592,8.994],[76.585,8.979],[76.577,8.966],[76.57,8.958],[76.568,8.948],[76.559,8.945],[76.558,8.952],[76.551,8.955],[76.558,8.962],[76.559,8.964],[76.567,8.973],[76.573,8.978],[76.57,8.98],[76.559,8.972],[76.552,8.967],[76.542,8.957],[76.537,8.957],[76.543,8.948],[76.54,8.933],[76.535,8.946],[76.531,8.958],[76.528,8.971],[76.526,8.982],[76.522,8.993],[76.52,9.004],[76.515,9.014],[76.507,9.036],[76.504,9.046],[76.485,9.086],[76.462,9.131],[76.464,9.136],[76.473,9.118],[76.475,9.124],[76.485,9.115],[76.485,9.123],[76.484,9.129],[76.488,9.136],[76.48,9.149],[76.482,9.159],[76.492,9.165],[76.492,9.169],[76.488,9.166],[76.477,9.164],[76.476,9.146],[76.471,9.145],[76.463,9.165],[76.455,9.173],[76.453,9.184],[76.444,9.197],[76.442,9.214],[76.439,9.237],[76.43,9.248],[76.423,9.242],[76.43,9.229],[76.43,9.219],[76.44,9.202],[76.44,9.192],[76.452,9.173],[76.448,9.171],[76.458,9.159],[76.456,9.152],[76.458,9.142],[76.446,9.167],[76.441,9.181],[76.431,9.205],[76.416,9.238],[76.411,9.25],[76.4,9.268],[76.389,9.298],[76.386,9.312],[76.396,9.323],[76.39,9.328],[76.39,9.32],[76.381,9.32],[76.374,9.333],[76.36,9.359],[76.355,9.372],[76.35,9.386],[76.345,9.399],[76.338,9.42],[76.331,9.435],[76.329,9.446],[76.324,9.458],[76.321,9.471],[76.318,9.483],[76.315,9.501],[76.313,9.51],[76.311,9.525],[76.309,9.538],[76.307,9.553],[76.305,9.567],[76.302,9.596],[76.298,9.613],[76.295,9.642],[76.292,9.658],[76.29,9.688],[76.287,9.714],[76.285,9.736],[76.285,9.748],[76.287,9.748],[76.283,9.752],[76.281,9.762],[76.277,9.777],[76.272,9.799],[76.27,9.82],[76.265,9.847],[76.262,9.858],[76.26,9.866],[76.256,9.885],[76.253,9.897],[76.251,9.907],[76.249,9.918],[76.246,9.932],[76.241,9.944],[76.238,9.957],[76.245,9.971],[76.263,9.958],[76.263,9.939],[76.277,9.933],[76.267,9.945],[76.265,9.959],[76.267,9.97],[76.277,9.96],[76.284,9.948],[76.287,9.953],[76.282,9.965],[76.272,9.987],[76.275,9.991],[76.274,9.999],[76.272,10.013],[76.265,10.025],[76.263,10.03],[76.269,10.034],[76.261,10.036],[76.24,10.03],[76.232,10.019],[76.235,10.015],[76.24,9.999],[76.243,9.987],[76.244,9.974],[76.239,9.979],[76.22,9.999],[76.214,10.017],[76.21,10.033],[76.204,10.048],[76.2,10.059],[76.188,10.087],[76.18,10.108],[76.181,10.117],[76.193,10.1],[76.185,10.115],[76.185,10.126],[76.183,10.137],[76.173,10.139],[76.181,10.14],[76.18,10.153],[76.169,10.177],[76.177,10.175],[76.178,10.184],[76.191,10.184],[76.209,10.193],[76.196,10.2],[76.177,10.189],[76.162,10.187],[76.162,10.182],[76.159,10.18],[76.154,10.192],[76.152,10.202],[76.147,10.216],[76.145,10.232],[76.141,10.243],[76.14,10.257],[76.132,10.279],[76.13,10.293],[76.126,10.302],[76.121,10.318],[76.116,10.331],[76.111,10.35],[76.098,10.383],[76.091,10.4],[76.086,10.41],[76.08,10.424],[76.068,10.448],[76.056,10.473],[76.045,10.498],[76.053,10.49],[76.058,10.477],[76.055,10.487],[76.06,10.488],[76.05,10.503],[76.043,10.513],[76.039,10.523],[76.035,10.526],[76.041,10.532],[76.057,10.534],[76.064,10.528],[76.054,10.542],[76.065,10.543],[76.057,10.545],[76.047,10.551],[76.046,10.543],[76.042,10.533],[76.031,10.529],[76.025,10.537],[76.015,10.556],[76.009,10.571],[76.004,10.585],[76.0,10.594],[75.997,10.6],[75.982,10.631],[75.975,10.648],[75.97,10.662],[75.959,10.685],[75.953,10.698],[75.943,10.722],[75.941,10.74],[75.945,10.75],[75.941,10.747],[75.939,10.734],[75.933,10.751],[75.93,10.762],[75.921,10.775],[75.931,10.785],[75.945,10.796],[75.96,10.811],[75.955,10.815],[75.936,10.798],[75.919,10.794],[75.92,10.803],[75.915,10.821],[75.91,10.822],[75.916,10.807],[75.916,10.787],[75.912,10.787],[75.91,10.797],[75.908,10.807],[75.905,10.817],[75.902,10.829],[75.9,10.837],[75.9,10.847],[75.896,10.863],[75.895,10.875],[75.891,10.887],[75.887,10.91],[75.884,10.924],[75.88,10.943],[75.876,10.957],[75.87,10.977],[75.864,10.991],[75.86,11.013],[75.855,11.039],[75.85,11.053],[75.848,11.067],[75.844,11.079],[75.838,11.097],[75.835,11.103],[75.833,11.11],[75.827,11.122],[75.841,11.127],[75.848,11.141],[75.863,11.127],[75.866,11.119],[75.869,11.12],[75.86,11.136],[75.847,11.144],[75.83,11.13],[75.825,11.125],[75.819,11.139],[75.807,11.154],[75.814,11.157],[75.827,11.156],[75.823,11.159],[75.815,11.16],[75.817,11.17],[75.827,11.178],[75.815,11.178],[75.806,11.161],[75.799,11.178],[75.794,11.188],[75.785,11.212],[75.78,11.223],[75.789,11.235],[75.802,11.232],[75.785,11.236],[75.778,11.23],[75.771,11.245],[75.768,11.257],[75.765,11.27],[75.761,11.278],[75.753,11.298],[75.749,11.312],[75.736,11.33],[75.738,11.347],[75.744,11.347],[75.746,11.353],[75.758,11.36],[75.747,11.361],[75.735,11.357],[75.733,11.35],[75.727,11.364],[75.723,11.377],[75.717,11.39],[75.712,11.398],[75.703,11.415],[75.695,11.432],[75.677,11.448],[75.649,11.468],[75.637,11.461],[75.625,11.472],[75.621,11.485],[75.615,11.502],[75.61,11.511],[75.605,11.528],[75.599,11.544],[75.597,11.554],[75.6,11.552],[75.596,11.567],[75.597,11.571],[75.59,11.583],[75.588,11.584],[75.591,11.57],[75.586,11.581],[75.583,11.592],[75.575,11.609],[75.567,11.631],[75.558,11.649],[75.551,11.662],[75.543,11.682],[75.534,11.699],[75.54,11.71],[75.54,11.713],[75.526,11.708],[75.516,11.718],[75.511,11.727],[75.498,11.737],[75.481,11.755],[75.478,11.766],[75.49,11.765],[75.475,11.768],[75.487,11.78],[75.471,11.768],[75.461,11.768],[75.462,11.777],[75.465,11.799],[75.46,11.8],[75.458,11.78],[75.458,11.778],[75.447,11.793],[75.433,11.81],[75.418,11.822],[75.407,11.836],[75.396,11.846],[75.373,11.852],[75.36,11.858],[75.351,11.872],[75.342,11.886],[75.334,11.897],[75.318,11.906],[75.315,11.924],[75.305,11.937],[75.301,11.942],[75.312,11.945],[75.326,11.938],[75.343,11.932],[75.338,11.942],[75.331,11.945],[75.322,11.95],[75.315,11.963],[75.312,11.967],[75.309,11.97],[75.307,11.965],[75.315,11.955],[75.31,11.955],[75.303,11.963],[75.299,11.976],[75.294,11.982],[75.283,11.995],[75.285,11.983],[75.3,11.961],[75.3,11.953],[75.285,11.962],[75.267,11.986],[75.243,12.011],[75.232,12.022],[75.222,12.013],[75.208,12.005],[75.2,12.009],[75.185,12.042],[75.18,12.052],[75.172,12.067],[75.166,12.084],[75.156,12.106],[75.149,12.124],[75.139,12.15],[75.132,12.167],[75.127,12.182],[75.122,12.198],[75.128,12.198],[75.131,12.212],[75.122,12.213],[75.12,12.207],[75.114,12.212],[75.106,12.233],[75.1,12.247],[75.095,12.264],[75.087,12.282],[75.082,12.297],[75.073,12.318],[75.064,12.334],[75.057,12.352],[75.049,12.37],[75.029,12.393],[75.022,12.41],[75.014,12.42],[75.005,12.437],[75.015,12.446],[75.005,12.442],[74.996,12.456],[74.988,12.475],[74.99,12.473],[75.003,12.469],[75.004,12.485],[75.0,12.492],[75.002,12.476],[74.99,12.486],[74.982,12.494],[74.983,12.481],[74.972,12.507],[74.963,12.53],[74.955,12.548],[74.937,12.589],[74.931,12.601],[74.936,12.597],[74.94,12.586],[74.94,12.592],[74.936,12.604],[74.934,12.615],[74.927,12.614],[74.911,12.652],[74.905,12.665],[74.899,12.681],[74.891,12.697],[74.895,12.702],[74.898,12.698],[74.887,12.704],[74.881,12.716],[74.876,12.728],[74.87,12.745],[74.862,12.763],[74.855,12.782],[74.843,12.8],[74.839,12.813],[74.83,12.833],[74.83,12.837],[74.837,12.828],[74.847,12.828],[74.846,12.83],[74.868,12.832],[74.867,12.841],[74.852,12.84],[74.838,12.844],[74.832,12.847],[74.83,12.864],[74.828,12.875],[74.824,12.896],[74.814,12.908],[74.815,12.889],[74.822,12.87],[74.825,12.857],[74.825,12.845],[74.821,12.857],[74.818,12.868],[74.815,12.886],[74.812,12.895],[74.809,12.91],[74.812,12.918],[74.819,12.928],[74.815,12.927],[74.805,12.933],[74.8,12.95],[74.797,12.966],[74.795,12.977],[74.79,13.0],[74.785,13.016],[74.784,13.032],[74.776,13.064],[74.777,13.072],[74.78,13.064],[74.78,13.072],[74.781,13.083],[74.777,13.095],[74.778,13.083],[74.773,13.087],[74.772,13.082],[74.769,13.092],[74.765,13.112],[74.764,13.125],[74.761,13.132],[74.759,13.144],[74.753,13.163],[74.748,13.181],[74.743,13.192],[74.74,13.207],[74.735,13.221],[74.734,13.23],[74.731,13.238],[74.729,13.257],[74.718,13.285],[74.716,13.308],[74.712,13.325],[74.696,13.345],[74.707,13.339],[74.71,13.34],[74.704,13.344],[74.696,13.348],[74.696,13.363],[74.695,13.385],[74.695,13.402],[74.694,13.411],[74.692,13.43],[74.695,13.451],[74.695,13.443],[74.698,13.427],[74.696,13.417],[74.7,13.411],[74.705,13.422],[74.703,13.433],[74.716,13.437],[74.717,13.455],[74.715,13.44],[74.709,13.437],[74.7,13.453],[74.702,13.456],[74.699,13.464],[74.698,13.462],[74.694,13.457],[74.688,13.477],[74.685,13.493],[74.685,13.509],[74.682,13.53],[74.68,13.545],[74.678,13.56],[74.675,13.584],[74.673,13.592],[74.67,13.61],[74.667,13.625],[74.671,13.63],[74.675,13.617],[74.68,13.606],[74.68,13.617],[74.678,13.619],[74.677,13.622],[74.681,13.634],[74.699,13.635],[74.7,13.627],[74.706,13.632],[74.712,13.637],[74.722,13.638],[74.709,13.645],[74.699,13.652],[74.686,13.65],[74.683,13.655],[74.68,13.657],[74.682,13.672],[74.674,13.68],[74.671,13.669],[74.672,13.659],[74.675,13.645],[74.665,13.639],[74.663,13.65],[74.65,13.664],[74.645,13.679],[74.643,13.693],[74.64,13.705],[74.638,13.724],[74.635,13.738],[74.632,13.756],[74.629,13.766],[74.625,13.794],[74.622,13.802],[74.619,13.813],[74.614,13.837],[74.61,13.854],[74.6,13.874],[74.595,13.887],[74.59,13.904],[74.586,13.921],[74.582,13.921],[74.577,13.927],[74.57,13.942],[74.56,13.943],[74.549,13.945],[74.547,13.949],[74.542,13.955],[74.535,13.966],[74.532,13.962],[74.524,13.974],[74.517,13.983],[74.512,13.996],[74.51,14.009],[74.505,14.025],[74.518,14.024],[74.527,14.022],[74.521,14.029],[74.51,14.031],[74.507,14.037],[74.505,14.039],[74.507,14.027],[74.5,14.046],[74.495,14.068],[74.491,14.078],[74.487,14.09],[74.482,14.092],[74.486,14.104],[74.483,14.115],[74.48,14.131],[74.478,14.145],[74.474,14.166],[74.47,14.177],[74.467,14.192],[74.458,14.195],[74.455,14.201],[74.451,14.209],[74.447,14.216],[74.441,14.233],[74.435,14.253],[74.43,14.264],[74.43,14.279],[74.434,14.269],[74.444,14.256],[74.455,14.245],[74.463,14.25],[74.481,14.248],[74.491,14.243],[74.517,14.242],[74.502,14.251],[74.486,14.264],[74.492,14.269],[74.482,14.277],[74.468,14.277],[74.452,14.275],[74.439,14.278],[74.429,14.288],[74.424,14.301],[74.427,14.309],[74.427,14.297],[74.43,14.283],[74.419,14.295],[74.413,14.311],[74.413,14.323],[74.41,14.337],[74.407,14.35],[74.403,14.365],[74.402,14.382],[74.398,14.394],[74.394,14.413],[74.408,14.415],[74.402,14.418],[74.387,14.414],[74.383,14.421],[74.38,14.427],[74.383,14.437],[74.379,14.452],[74.374,14.463],[74.37,14.473],[74.365,14.486],[74.355,14.499],[74.359,14.509],[74.368,14.523],[74.378,14.527],[74.377,14.539],[74.383,14.53],[74.383,14.539],[74.37,14.539],[74.367,14.548],[74.369,14.55],[74.369,14.557],[74.362,14.552],[74.357,14.542],[74.346,14.543],[74.353,14.53],[74.346,14.517],[74.337,14.515],[74.317,14.516],[74.315,14.527],[74.312,14.542],[74.303,14.566],[74.297,14.576],[74.293,14.587],[74.297,14.591],[74.304,14.592],[74.323,14.6],[74.34,14.6],[74.35,14.598],[74.35,14.604],[74.337,14.606],[74.321,14.605],[74.322,14.609],[74.319,14.614],[74.313,14.615],[74.312,14.603],[74.297,14.6],[74.288,14.598],[74.277,14.615],[74.269,14.627],[74.279,14.624],[74.283,14.633],[74.287,14.64],[74.293,14.636],[74.292,14.641],[74.279,14.648],[74.285,14.659],[74.291,14.66],[74.276,14.659],[74.276,14.67],[74.273,14.687],[74.265,14.701],[74.255,14.705],[74.275,14.71],[74.284,14.712],[74.273,14.712],[74.27,14.719],[74.263,14.71],[74.254,14.726],[74.239,14.741],[74.226,14.735],[74.208,14.73],[74.202,14.728],[74.206,14.714],[74.19,14.723],[74.189,14.735],[74.17,14.749],[74.165,14.757],[74.167,14.76],[74.162,14.755],[74.158,14.744],[74.15,14.752],[74.141,14.772],[74.131,14.777],[74.121,14.771],[74.119,14.777],[74.11,14.78],[74.108,14.79],[74.094,14.795],[74.098,14.804],[74.113,14.801],[74.112,14.794],[74.125,14.806],[74.123,14.83],[74.126,14.837],[74.132,14.836],[74.15,14.839],[74.165,14.836],[74.163,14.821],[74.166,14.825],[74.165,14.829],[74.17,14.83],[74.168,14.841],[74.162,14.84],[74.163,14.847],[74.162,14.86],[74.143,14.85],[74.128,14.842],[74.119,14.845],[74.118,14.839],[74.11,14.852],[74.104,14.873],[74.098,14.887],[74.081,14.899],[74.074,14.907],[74.064,14.905],[74.058,14.91],[74.044,14.913],[74.041,14.926],[74.044,14.937],[74.043,14.945],[74.048,14.952],[74.052,14.96],[74.05,14.957],[74.042,14.969],[74.034,14.981],[74.049,14.982],[74.042,14.986],[74.035,14.992],[74.035,14.998],[74.027,15.002],[74.026,15.009],[74.015,15.01],[74.005,15.015],[73.994,15.017],[73.988,15.025],[73.992,15.033],[73.985,15.052],[73.982,15.052],[73.972,15.058],[73.962,15.068],[73.956,15.071],[73.947,15.074],[73.924,15.083],[73.914,15.085],[73.924,15.093],[73.923,15.106],[73.933,15.114],[73.94,15.123],[73.938,15.13],[73.948,15.14],[73.955,15.139],[73.955,15.152],[73.951,15.151],[73.948,15.145],[73.945,15.159],[73.943,15.17],[73.937,15.189],[73.933,15.214],[73.927,15.231],[73.922,15.251],[73.915,15.267],[73.91,15.281],[73.904,15.302],[73.901,15.317],[73.895,15.333],[73.891,15.342],[73.878,15.367],[73.863,15.364],[73.847,15.357],[73.835,15.362],[73.823,15.37],[73.808,15.375],[73.809,15.385],[73.802,15.392],[73.79,15.395],[73.785,15.408],[73.799,15.409],[73.807,15.399],[73.817,15.408],[73.828,15.403],[73.838,15.408],[73.845,15.403],[73.856,15.4],[73.872,15.397],[73.888,15.41],[73.883,15.43],[73.864,15.428],[73.85,15.45],[73.842,15.445],[73.827,15.452],[73.812,15.453],[73.793,15.457],[73.794,15.462],[73.806,15.464],[73.808,15.483],[73.819,15.496],[73.822,15.509],[73.813,15.503],[73.803,15.495],[73.793,15.498],[73.783,15.498],[73.788,15.494],[73.775,15.489],[73.769,15.499],[73.765,15.517],[73.763,15.527],[73.754,15.549],[73.745,15.562],[73.74,15.572],[73.734,15.588],[73.735,15.604],[73.746,15.605],[73.758,15.613],[73.749,15.621],[73.756,15.625],[73.765,15.629],[73.779,15.643],[73.787,15.654],[73.776,15.65],[73.764,15.636],[73.75,15.629],[73.74,15.615],[73.731,15.623],[73.72,15.637],[73.718,15.653],[73.714,15.656],[73.707,15.672],[73.702,15.687],[73.699,15.694],[73.693,15.71],[73.694,15.715],[73.709,15.72],[73.716,15.729],[73.705,15.731],[73.696,15.726],[73.692,15.72],[73.681,15.722],[73.672,15.73],[73.658,15.739],[73.662,15.748],[73.672,15.753],[73.673,15.756],[73.666,15.754],[73.663,15.762],[73.659,15.78],[73.661,15.796],[73.665,15.809],[73.656,15.791],[73.65,15.803],[73.642,15.811],[73.64,15.82],[73.634,15.837],[73.628,15.851],[73.618,15.853],[73.614,15.864],[73.627,15.87],[73.622,15.87],[73.613,15.865],[73.605,15.881],[73.6,15.892],[73.59,15.907],[73.596,15.921],[73.584,15.91],[73.57,15.914],[73.556,15.925],[73.543,15.936],[73.533,15.932],[73.518,15.939],[73.51,15.943],[73.504,15.956],[73.509,15.975],[73.509,15.985],[73.5,15.985],[73.503,15.972],[73.502,15.967],[73.496,15.977],[73.488,15.992],[73.492,16.014],[73.486,16.028],[73.476,16.043],[73.47,16.049],[73.457,16.053],[73.459,16.063],[73.467,16.07],[73.473,16.074],[73.464,16.079],[73.462,16.086],[73.469,16.087],[73.476,16.096],[73.468,16.103],[73.474,16.132],[73.469,16.137],[73.463,16.136],[73.463,16.114],[73.463,16.091],[73.46,16.11],[73.455,16.137],[73.451,16.152],[73.446,16.169],[73.442,16.181],[73.439,16.197],[73.447,16.19],[73.446,16.199],[73.452,16.208],[73.45,16.217],[73.445,16.212],[73.432,16.198],[73.43,16.207],[73.426,16.221],[73.423,16.234],[73.415,16.255],[73.415,16.278],[73.425,16.28],[73.435,16.282],[73.422,16.282],[73.419,16.29],[73.412,16.277],[73.41,16.284],[73.404,16.296],[73.398,16.305],[73.395,16.323],[73.389,16.331],[73.388,16.353],[73.4,16.354],[73.423,16.37],[73.424,16.372],[73.397,16.36],[73.394,16.367],[73.384,16.359],[73.37,16.362],[73.369,16.374],[73.371,16.384],[73.375,16.387],[73.379,16.381],[73.388,16.393],[73.402,16.39],[73.41,16.407],[73.426,16.405],[73.447,16.408],[73.457,16.409],[73.466,16.415],[73.447,16.412],[73.436,16.41],[73.423,16.41],[73.412,16.413],[73.397,16.4],[73.381,16.395],[73.37,16.395],[73.365,16.412],[73.36,16.434],[73.365,16.438],[73.372,16.441],[73.384,16.448],[73.382,16.452],[73.374,16.445],[73.357,16.445],[73.35,16.45],[73.345,16.463],[73.336,16.48],[73.33,16.499],[73.327,16.509],[73.317,16.511],[73.32,16.52],[73.313,16.537],[73.319,16.546],[73.323,16.553],[73.331,16.555],[73.338,16.559],[73.349,16.538],[73.357,16.52],[73.363,16.513],[73.354,16.513],[73.356,16.507],[73.36,16.485],[73.36,16.49],[73.355,16.5],[73.369,16.506],[73.381,16.507],[73.391,16.507],[73.409,16.507],[73.418,16.51],[73.425,16.507],[73.431,16.503],[73.444,16.5],[73.428,16.51],[73.406,16.51],[73.389,16.513],[73.365,16.523],[73.358,16.533],[73.366,16.536],[73.372,16.539],[73.372,16.542],[73.354,16.541],[73.352,16.55],[73.357,16.55],[73.369,16.549],[73.382,16.55],[73.394,16.55],[73.401,16.55],[73.404,16.558],[73.392,16.552],[73.385,16.556],[73.373,16.552],[73.361,16.553],[73.358,16.56],[73.355,16.563],[73.345,16.569],[73.342,16.578],[73.327,16.581],[73.321,16.595],[73.322,16.604],[73.34,16.604],[73.349,16.594],[73.352,16.597],[73.346,16.602],[73.353,16.61],[73.355,16.622],[73.367,16.627],[73.376,16.622],[73.379,16.617],[73.383,16.606],[73.387,16.594],[73.401,16.589],[73.392,16.595],[73.388,16.612],[73.397,16.615],[73.395,16.621],[73.39,16.631],[73.384,16.631],[73.372,16.632],[73.367,16.63],[73.354,16.624],[73.339,16.62],[73.333,16.621],[73.342,16.628],[73.33,16.637],[73.325,16.64],[73.332,16.645],[73.333,16.656],[73.333,16.679],[73.342,16.682],[73.343,16.694],[73.333,16.688],[73.325,16.691],[73.32,16.702],[73.314,16.717],[73.307,16.734],[73.307,16.748],[73.305,16.763],[73.307,16.772],[73.31,16.783],[73.319,16.802],[73.335,16.808],[73.343,16.792],[73.343,16.786],[73.342,16.803],[73.331,16.823],[73.342,16.826],[73.34,16.829],[73.33,16.823],[73.319,16.806],[73.306,16.808],[73.296,16.817],[73.295,16.83],[73.29,16.84],[73.29,16.849],[73.289,16.857],[73.296,16.861],[73.289,16.87],[73.298,16.889],[73.31,16.887],[73.313,16.887],[73.302,16.897],[73.289,16.895],[73.279,16.89],[73.284,16.907],[73.283,16.93],[73.287,16.938],[73.284,16.95],[73.287,16.951],[73.293,16.962],[73.295,16.979],[73.305,16.969],[73.306,16.958],[73.315,16.957],[73.332,16.945],[73.328,16.957],[73.33,16.97],[73.321,16.96],[73.312,16.964],[73.313,16.977],[73.306,16.972],[73.298,16.983],[73.284,16.99],[73.276,16.985],[73.272,16.996],[73.283,16.998],[73.285,17.012],[73.274,17.023],[73.262,17.02],[73.259,17.04],[73.262,17.047],[73.271,17.043],[73.28,17.034],[73.277,17.026],[73.286,17.017],[73.287,17.0],[73.295,17.005],[73.297,17.018],[73.29,17.03],[73.307,17.03],[73.321,17.031],[73.323,17.037],[73.307,17.038],[73.293,17.05],[73.282,17.038],[73.29,17.064],[73.297,17.073],[73.299,17.07],[73.313,17.082],[73.307,17.077],[73.288,17.077],[73.287,17.091],[73.287,17.102],[73.292,17.114],[73.285,17.1],[73.272,17.108],[73.273,17.118],[73.268,17.138],[73.265,17.149],[73.271,17.151],[73.262,17.164],[73.255,17.183],[73.248,17.189],[73.237,17.192],[73.238,17.198],[73.248,17.195],[73.246,17.203],[73.245,17.223],[73.236,17.229],[73.231,17.244],[73.225,17.254],[73.225,17.263],[73.214,17.273],[73.211,17.277],[73.208,17.266],[73.205,17.282],[73.2,17.292],[73.191,17.297],[73.197,17.304],[73.207,17.297],[73.215,17.302],[73.226,17.289],[73.231,17.28],[73.244,17.279],[73.252,17.277],[73.259,17.263],[73.261,17.264],[73.26,17.28],[73.269,17.29],[73.279,17.28],[73.293,17.286],[73.297,17.294],[73.284,17.29],[73.275,17.292],[73.267,17.294],[73.248,17.292],[73.241,17.29],[73.244,17.304],[73.244,17.315],[73.232,17.317],[73.222,17.332],[73.229,17.334],[73.218,17.343],[73.228,17.352],[73.22,17.355],[73.217,17.367],[73.214,17.379],[73.203,17.382],[73.195,17.383],[73.185,17.384],[73.172,17.399],[73.177,17.405],[73.185,17.41],[73.19,17.42],[73.192,17.43],[73.206,17.435],[73.214,17.432],[73.207,17.436],[73.2,17.437],[73.191,17.439],[73.195,17.459],[73.189,17.486],[73.185,17.497],[73.19,17.511],[73.182,17.507],[73.172,17.519],[73.155,17.535],[73.144,17.544],[73.14,17.558],[73.148,17.57],[73.159,17.566],[73.164,17.566],[73.176,17.575],[73.186,17.578],[73.192,17.577],[73.198,17.582],[73.207,17.585],[73.216,17.587],[73.202,17.595],[73.192,17.586],[73.171,17.585],[73.171,17.58],[73.162,17.589],[73.155,17.595],[73.145,17.601],[73.137,17.614],[73.135,17.628],[73.13,17.636],[73.143,17.637],[73.135,17.652],[73.128,17.658],[73.122,17.667],[73.117,17.681],[73.117,17.692],[73.132,17.704],[73.137,17.704],[73.136,17.714],[73.13,17.737],[73.122,17.753],[73.118,17.768],[73.111,17.784],[73.113,17.787],[73.103,17.797],[73.096,17.806],[73.094,17.822],[73.092,17.837],[73.101,17.839],[73.115,17.835],[73.127,17.834],[73.123,17.837],[73.108,17.843],[73.096,17.843],[73.084,17.855],[73.077,17.873],[73.075,17.89],[73.082,17.895],[73.076,17.899],[73.064,17.888],[73.054,17.902],[73.056,17.917],[73.06,17.925],[73.083,17.934],[73.09,17.94],[73.067,17.934],[73.047,17.93],[73.038,17.934],[73.032,17.948],[73.037,17.955],[73.039,17.958],[73.035,17.962],[73.042,17.978],[73.056,17.98],[73.068,17.983],[73.078,17.985],[73.086,17.981],[73.091,17.99],[73.072,17.99],[73.059,17.991],[73.048,17.99],[73.049,17.987],[73.037,17.992],[73.036,17.989],[73.043,17.985],[73.031,17.99],[73.022,17.993],[73.011,18.009],[73.004,18.02],[73.025,18.023],[73.029,18.027],[73.024,18.037],[73.029,18.045],[73.04,18.046],[73.027,18.047],[73.022,18.037],[73.022,18.027],[73.013,18.038],[73.007,18.05],[73.0,18.049],[72.992,18.059],[73.001,18.069],[72.999,18.081],[72.994,18.092],[72.984,18.104],[72.979,18.112],[72.975,18.127],[72.984,18.139],[72.987,18.15],[72.993,18.157],[72.989,18.165],[72.984,18.18],[72.988,18.19],[72.978,18.198],[72.972,18.201],[72.962,18.212],[72.947,18.22],[72.933,18.217],[72.938,18.228],[72.941,18.237],[72.942,18.257],[72.938,18.274],[72.944,18.284],[72.957,18.277],[72.969,18.274],[72.975,18.261],[72.975,18.247],[72.982,18.241],[72.997,18.244],[73.004,18.247],[73.016,18.241],[73.027,18.24],[73.047,18.231],[73.069,18.221],[73.067,18.2],[73.06,18.184],[73.076,18.167],[73.079,18.153],[73.097,18.141],[73.102,18.15],[73.092,18.167],[73.084,18.171],[73.063,18.191],[73.081,18.216],[73.081,18.23],[73.067,18.246],[73.062,18.257],[73.064,18.276],[73.057,18.28],[73.049,18.29],[73.059,18.3],[73.079,18.3],[73.083,18.309],[73.084,18.325],[73.074,18.307],[73.05,18.306],[73.041,18.293],[73.055,18.272],[73.037,18.264],[73.027,18.267],[73.023,18.28],[73.005,18.284],[72.994,18.273],[72.987,18.285],[72.978,18.295],[72.97,18.305],[72.958,18.313],[72.968,18.315],[72.968,18.316],[72.96,18.322],[72.95,18.335],[72.937,18.343],[72.93,18.347],[72.921,18.347],[72.915,18.363],[72.923,18.372],[72.928,18.377],[72.927,18.386],[72.914,18.396],[72.909,18.408],[72.91,18.416],[72.908,18.43],[72.9,18.451],[72.897,18.466],[72.903,18.478],[72.91,18.503],[72.912,18.522],[72.907,18.54],[72.912,18.532],[72.926,18.533],[72.942,18.538],[72.967,18.533],[72.971,18.52],[72.973,18.504],[72.988,18.49],[73.006,18.463],[73.003,18.476],[72.999,18.485],[72.98,18.513],[72.968,18.54],[72.953,18.545],[72.936,18.543],[72.925,18.544],[72.917,18.564],[72.907,18.582],[72.902,18.595],[72.895,18.606],[72.889,18.619],[72.887,18.635],[72.9,18.634],[72.888,18.64],[72.881,18.635],[72.865,18.65],[72.867,18.664],[72.863,18.675],[72.861,18.688],[72.862,18.708],[72.865,18.723],[72.864,18.735],[72.865,18.75],[72.864,18.784],[72.87,18.804],[72.888,18.803],[72.894,18.799],[72.905,18.801],[72.91,18.792],[72.926,18.802],[72.939,18.825],[72.955,18.807],[72.974,18.789],[72.985,18.785],[72.988,18.76],[72.983,18.753],[72.987,18.743],[73.001,18.723],[73.016,18.715],[72.996,18.735],[72.99,18.748],[73.002,18.774],[72.993,18.788],[72.979,18.8],[72.987,18.801],[73.013,18.802],[73.003,18.806],[73.01,18.813],[72.995,18.805],[72.986,18.818],[72.99,18.83],[72.985,18.845],[72.985,18.86],[72.968,18.853],[72.954,18.848],[72.94,18.847],[72.925,18.852],[72.921,18.867],[72.913,18.88],[72.907,18.887],[72.91,18.899],[72.923,18.911],[72.933,18.9],[72.942,18.89],[72.948,18.893],[72.942,18.907],[72.955,18.907],[72.959,18.906],[72.962,18.915],[72.957,18.926],[72.95,18.939],[72.954,18.947],[72.963,18.951],[72.977,18.946],[72.987,18.943],[72.979,18.948],[72.974,18.96],[72.962,18.961],[72.957,18.967],[72.972,18.965],[72.985,18.97],[73.0,18.971],[73.019,18.984],[73.029,18.988],[73.03,18.992],[73.038,19.001],[73.049,19.0],[73.054,19.002],[73.054,19.015],[73.062,19.006],[73.064,19.009],[73.067,19.021],[73.049,19.019],[73.038,19.007],[73.027,19.001],[73.025,19.01],[73.018,19.004],[73.013,18.998],[73.01,19.008],[73.001,19.007],[73.0,19.017],[73.004,19.031],[72.998,19.045],[72.995,19.059],[72.991,19.066],[72.985,19.073],[72.992,19.082],[72.997,19.09],[72.992,19.089],[72.985,19.09],[72.99,19.102],[72.979,19.105],[72.982,19.12],[72.988,19.112],[72.986,19.125],[72.98,19.131],[72.987,19.156],[72.985,19.168],[72.989,19.186],[72.981,19.186],[72.982,19.173],[72.977,19.157],[72.97,19.138],[72.958,19.139],[72.956,19.137],[72.965,19.123],[72.956,19.106],[72.946,19.109],[72.954,19.091],[72.935,19.093],[72.936,19.091],[72.953,19.084],[72.953,19.076],[72.954,19.067],[72.946,19.059],[72.96,19.061],[72.96,19.044],[72.954,19.037],[72.936,19.025],[72.923,19.006],[72.914,18.997],[72.903,18.995],[72.893,18.998],[72.891,19.002],[72.885,19.011],[72.872,19.008],[72.865,18.994],[72.859,18.995],[72.862,18.983],[72.856,18.977],[72.852,18.972],[72.85,18.965],[72.849,18.948],[72.846,18.931],[72.841,18.93],[72.838,18.925],[72.838,18.918],[72.831,18.913],[72.831,18.911],[72.822,18.906],[72.815,18.896],[72.805,18.897],[72.808,18.911],[72.816,18.913],[72.822,18.916],[72.822,18.919],[72.822,18.938],[72.803,18.946],[72.795,18.937],[72.792,18.94],[72.795,18.954],[72.801,18.964],[72.807,18.977],[72.811,18.987],[72.812,19.002],[72.817,19.02],[72.827,19.018],[72.836,19.031],[72.836,19.047],[72.83,19.05],[72.818,19.043],[72.821,19.058],[72.822,19.074],[72.829,19.082],[72.832,19.092],[72.827,19.088],[72.825,19.107],[72.818,19.124],[72.812,19.132],[72.805,19.141],[72.818,19.157],[72.824,19.163],[72.832,19.162],[72.83,19.173],[72.83,19.176],[72.816,19.163],[72.806,19.15],[72.804,19.145],[72.797,19.132],[72.79,19.129],[72.789,19.141],[72.788,19.149],[72.78,19.154],[72.787,19.166],[72.796,19.191],[72.8,19.2],[72.811,19.219],[72.821,19.223],[72.82,19.228],[72.83,19.245],[72.839,19.255],[72.831,19.25],[72.819,19.245],[72.818,19.233],[72.812,19.228],[72.805,19.219],[72.792,19.202],[72.783,19.192],[72.784,19.205],[72.782,19.211],[72.776,19.223],[72.782,19.241],[72.785,19.263],[72.782,19.271],[72.785,19.283],[72.786,19.295],[72.786,19.305],[72.797,19.309],[72.81,19.292],[72.819,19.298],[72.824,19.305],[72.842,19.311],[72.86,19.314],[72.875,19.307],[72.883,19.3],[72.893,19.295],[72.912,19.287],[72.892,19.303],[72.878,19.327],[72.867,19.334],[72.854,19.35],[72.856,19.341],[72.846,19.341],[72.834,19.339],[72.828,19.333],[72.807,19.326],[72.792,19.34],[72.779,19.346],[72.774,19.357],[72.763,19.369],[72.762,19.388],[72.771,19.396],[72.763,19.407],[72.76,19.423],[72.756,19.433],[72.753,19.445],[72.747,19.465],[72.757,19.472],[72.775,19.489],[72.789,19.495],[72.802,19.495],[72.813,19.492],[72.831,19.504],[72.841,19.517],[72.847,19.516],[72.853,19.52],[72.869,19.522],[72.882,19.522],[72.882,19.526],[72.867,19.537],[72.855,19.539],[72.844,19.533],[72.839,19.523],[72.832,19.515],[72.819,19.509],[72.798,19.506],[72.792,19.505],[72.785,19.512],[72.787,19.524],[72.777,19.508],[72.763,19.507],[72.745,19.514],[72.73,19.529],[72.724,19.544],[72.72,19.561],[72.718,19.571],[72.718,19.583],[72.722,19.594],[72.735,19.597],[72.738,19.599],[72.73,19.605],[72.728,19.618],[72.722,19.631],[72.715,19.643],[72.713,19.663],[72.709,19.672],[72.709,19.688],[72.715,19.683],[72.715,19.694],[72.709,19.712],[72.695,19.726],[72.709,19.729],[72.712,19.741],[72.696,19.736],[72.687,19.751],[72.69,19.777],[72.692,19.792],[72.695,19.802],[72.689,19.804],[72.687,19.795],[72.683,19.807],[72.672,19.817],[72.663,19.825],[72.661,19.848],[72.675,19.849],[72.683,19.864],[72.683,19.865],[72.684,19.877],[72.682,19.897],[72.678,19.912],[72.673,19.926],[72.666,19.934],[72.684,19.94],[72.685,19.944],[72.693,19.96],[72.715,19.969],[72.733,19.958],[72.736,19.943],[72.746,19.942],[72.737,19.947],[72.745,19.963],[72.731,19.962],[72.722,19.97],[72.724,19.985],[72.723,19.998],[72.72,20.007],[72.718,20.017],[72.714,20.032],[72.71,20.058],[72.709,20.072],[72.724,20.081],[72.727,20.087],[72.735,20.108],[72.738,20.137],[72.741,20.151],[72.743,20.18],[72.745,20.191],[72.753,20.203],[72.768,20.214],[72.783,20.211],[72.763,20.216],[72.751,20.207],[72.745,20.224],[72.742,20.243],[72.752,20.252],[72.749,20.257],[72.753,20.263],[72.752,20.272],[72.754,20.29],[72.766,20.3],[72.774,20.312],[72.777,20.332],[72.791,20.351],[72.803,20.351],[72.817,20.36],[72.837,20.372],[72.822,20.37],[72.826,20.392],[72.83,20.406],[72.844,20.409],[72.848,20.41],[72.832,20.413],[72.829,20.423],[72.83,20.441],[72.835,20.448],[72.848,20.459],[72.86,20.47],[72.872,20.493],[72.891,20.502],[72.89,20.513],[72.887,20.528],[72.894,20.53],[72.896,20.532],[72.887,20.542],[72.892,20.555],[72.897,20.568],[72.899,20.582],[72.898,20.593],[72.895,20.602],[72.894,20.617],[72.89,20.627],[72.9,20.632],[72.912,20.632],[72.901,20.635],[72.887,20.637],[72.888,20.65],[72.89,20.66],[72.877,20.663],[72.867,20.687],[72.864,20.698],[72.855,20.715],[72.851,20.73],[72.845,20.744],[72.857,20.74],[72.868,20.735],[72.882,20.737],[72.897,20.739],[72.914,20.745],[72.93,20.76],[72.907,20.753],[72.891,20.744],[72.879,20.744],[72.862,20.75],[72.849,20.773],[72.846,20.785],[72.857,20.794],[72.863,20.791],[72.854,20.799],[72.852,20.812],[72.853,20.822],[72.848,20.809],[72.84,20.796],[72.829,20.793],[72.827,20.822],[72.815,20.852],[72.808,20.866],[72.8,20.884],[72.791,20.901],[72.783,20.915],[72.792,20.919],[72.809,20.926],[72.821,20.922],[72.824,20.915],[72.819,20.931],[72.819,20.943],[72.829,20.95],[72.844,20.948],[72.854,20.946],[72.864,20.946],[72.856,20.951],[72.838,20.958],[72.837,20.963],[72.845,20.97],[72.843,20.971],[72.832,20.963],[72.811,20.955],[72.798,20.944],[72.782,20.944],[72.777,20.947],[72.771,20.937],[72.756,20.938],[72.749,20.959],[72.744,20.972],[72.74,20.982],[72.734,21.0],[72.733,21.013],[72.728,21.031],[72.728,21.054],[72.738,21.048],[72.747,21.044],[72.765,21.047],[72.773,21.046],[72.784,21.045],[72.783,21.048],[72.779,21.046],[72.789,21.055],[72.795,21.046],[72.808,21.043],[72.825,21.032],[72.845,21.035],[72.842,21.04],[72.825,21.037],[72.803,21.045],[72.796,21.058],[72.804,21.073],[72.809,21.078],[72.821,21.09],[72.829,21.085],[72.822,21.094],[72.799,21.085],[72.791,21.07],[72.782,21.068],[72.763,21.07],[72.757,21.075],[72.745,21.083],[72.738,21.079],[72.726,21.078],[72.71,21.085],[72.704,21.102],[72.709,21.11],[72.709,21.129],[72.719,21.14],[72.747,21.144],[72.762,21.154],[72.776,21.165],[72.781,21.18],[72.769,21.178],[72.753,21.179],[72.748,21.167],[72.737,21.145],[72.717,21.145],[72.709,21.147],[72.692,21.155],[72.68,21.159],[72.673,21.155],[72.662,21.13],[72.661,21.111],[72.659,21.1],[72.653,21.09],[72.662,21.091],[72.656,21.08],[72.644,21.079],[72.627,21.093],[72.625,21.1],[72.624,21.117],[72.624,21.139],[72.635,21.128],[72.646,21.141],[72.651,21.148],[72.643,21.142],[72.633,21.131],[72.632,21.141],[72.627,21.147],[72.622,21.157],[72.624,21.177],[72.633,21.175],[72.638,21.198],[72.643,21.211],[72.661,21.226],[72.672,21.221],[72.677,21.206],[72.692,21.202],[72.695,21.194],[72.712,21.2],[72.728,21.202],[72.739,21.198],[72.708,21.205],[72.7,21.211],[72.697,21.215],[72.682,21.223],[72.678,21.221],[72.669,21.228],[72.666,21.23],[72.65,21.23],[72.647,21.233],[72.638,21.24],[72.633,21.254],[72.645,21.268],[72.637,21.263],[72.626,21.254],[72.62,21.275],[72.632,21.287],[72.639,21.29],[72.637,21.291],[72.638,21.299],[72.631,21.293],[72.622,21.3],[72.619,21.295],[72.607,21.304],[72.606,21.294],[72.603,21.287],[72.598,21.298],[72.603,21.299],[72.605,21.311],[72.612,21.318],[72.624,21.314],[72.636,21.319],[72.637,21.325],[72.63,21.327],[72.624,21.325],[72.622,21.331],[72.627,21.343],[72.635,21.337],[72.641,21.337],[72.648,21.334],[72.653,21.34],[72.658,21.344],[72.667,21.345],[72.674,21.347],[72.681,21.352],[72.682,21.355],[72.674,21.351],[72.665,21.348],[72.662,21.354],[72.653,21.356],[72.65,21.372],[72.646,21.387],[72.654,21.389],[72.664,21.392],[72.661,21.402],[72.68,21.43],[72.694,21.438],[72.698,21.453],[72.705,21.464],[72.723,21.466],[72.735,21.458],[72.731,21.447],[72.74,21.436],[72.743,21.446],[72.75,21.44],[72.755,21.448],[72.763,21.449],[72.76,21.451],[72.747,21.451],[72.742,21.454],[72.745,21.469],[72.735,21.478],[72.726,21.477],[72.707,21.47],[72.695,21.468],[72.676,21.458],[72.672,21.452],[72.658,21.45],[72.658,21.445],[72.645,21.449],[72.647,21.46],[72.669,21.48],[72.679,21.496],[72.687,21.508],[72.693,21.512],[72.707,21.529],[72.737,21.548],[72.75,21.57],[72.764,21.583],[72.773,21.593],[72.777,21.598],[72.796,21.592],[72.81,21.602],[72.83,21.618],[72.835,21.632],[72.83,21.652],[72.834,21.665],[72.852,21.67],[72.864,21.668],[72.872,21.665],[72.886,21.664],[72.898,21.665],[72.909,21.666],[72.927,21.673],[72.918,21.681],[72.907,21.684],[72.894,21.687],[72.879,21.69],[72.865,21.689],[72.847,21.682],[72.82,21.668],[72.806,21.666],[72.797,21.664],[72.772,21.667],[72.753,21.68],[72.743,21.69],[72.725,21.686],[72.707,21.681],[72.691,21.681],[72.677,21.683],[72.667,21.684],[72.644,21.682],[72.637,21.681],[72.619,21.683],[72.603,21.683],[72.592,21.677],[72.575,21.67],[72.561,21.661],[72.537,21.663],[72.529,21.673],[72.527,21.711],[72.531,21.714],[72.536,21.73],[72.542,21.736],[72.554,21.739],[72.553,21.744],[72.55,21.747],[72.557,21.758],[72.561,21.767],[72.562,21.783],[72.572,21.793],[72.571,21.804],[72.571,21.814],[72.58,21.814],[72.577,21.818],[72.583,21.826],[72.591,21.831],[72.587,21.84],[72.593,21.846],[72.595,21.854],[72.604,21.871],[72.612,21.888],[72.619,21.898],[72.621,21.907],[72.635,21.914],[72.644,21.92],[72.642,21.936],[72.663,21.952],[72.679,21.955],[72.692,21.94],[72.707,21.938],[72.72,21.94],[72.74,21.953],[72.75,21.97],[72.737,21.983],[72.743,21.988],[72.729,21.986],[72.729,21.975],[72.734,21.963],[72.716,21.953],[72.711,21.959],[72.71,21.966],[72.695,21.97],[72.681,21.965],[72.668,21.962],[72.641,21.962],[72.625,21.955],[72.614,21.947],[72.604,21.941],[72.583,21.928],[72.574,21.923],[72.555,21.91],[72.543,21.899],[72.534,21.901],[72.527,21.906],[72.519,21.909],[72.512,21.917],[72.51,21.931],[72.506,21.934],[72.508,21.945],[72.51,21.954],[72.511,21.962],[72.521,21.965],[72.515,21.972],[72.508,21.975],[72.52,21.978],[72.525,21.98],[72.522,21.982],[72.517,21.987],[72.527,21.994],[72.521,21.999],[72.515,21.996],[72.517,22.001],[72.525,22.005],[72.517,22.01],[72.522,22.013],[72.521,22.015],[72.524,22.02],[72.515,22.027],[72.518,22.038],[72.522,22.052],[72.529,22.06],[72.533,22.082],[72.533,22.092],[72.535,22.101],[72.54,22.117],[72.542,22.128],[72.547,22.143],[72.553,22.157],[72.557,22.169],[72.565,22.182],[72.576,22.196],[72.605,22.213],[72.612,22.215],[72.636,22.216],[72.647,22.215],[72.655,22.213],[72.678,22.199],[72.702,22.184],[72.716,22.185],[72.727,22.181],[72.743,22.175],[72.756,22.174],[72.775,22.191],[72.787,22.199],[72.795,22.198],[72.783,22.205],[72.783,22.217],[72.79,22.228],[72.807,22.226],[72.8,22.229],[72.812,22.236],[72.817,22.24],[72.805,22.237],[72.803,22.242],[72.819,22.254],[72.83,22.25],[72.823,22.259],[72.839,22.253],[72.857,22.244],[72.868,22.235],[72.876,22.232],[72.885,22.24],[72.896,22.244],[72.912,22.258],[72.911,22.266],[72.891,22.267],[72.875,22.28],[72.856,22.283],[72.827,22.274],[72.793,22.255],[72.782,22.245],[72.768,22.238],[72.757,22.231],[72.745,22.232],[72.733,22.236],[72.723,22.239],[72.712,22.242],[72.698,22.251],[72.695,22.253],[72.69,22.258],[72.677,22.265],[72.658,22.275],[72.645,22.282],[72.626,22.285],[72.611,22.287],[72.595,22.29],[72.576,22.3],[72.558,22.304],[72.545,22.297],[72.534,22.295],[72.535,22.3],[72.532,22.302],[72.528,22.3],[72.531,22.295],[72.529,22.284],[72.509,22.269],[72.493,22.265],[72.473,22.253],[72.458,22.238],[72.443,22.219],[72.437,22.208],[72.428,22.207],[72.427,22.217],[72.428,22.226],[72.43,22.235],[72.422,22.233],[72.425,22.221],[72.416,22.212],[72.41,22.217],[72.412,22.233],[72.413,22.246],[72.411,22.258],[72.405,22.272],[72.399,22.292],[72.395,22.306],[72.389,22.317],[72.373,22.339],[72.36,22.325],[72.355,22.313],[72.354,22.308],[72.352,22.296],[72.356,22.285],[72.345,22.292],[72.343,22.283],[72.329,22.294],[72.326,22.308],[72.33,22.297],[72.328,22.288],[72.334,22.28],[72.335,22.265],[72.329,22.27],[72.322,22.268],[72.332,22.264],[72.331,22.25],[72.316,22.234],[72.309,22.239],[72.305,22.246],[72.305,22.241],[72.296,22.239],[72.29,22.249],[72.283,22.243],[72.286,22.243],[72.295,22.238],[72.301,22.23],[72.294,22.225],[72.294,22.212],[72.295,22.201],[72.295,22.188],[72.298,22.184],[72.3,22.167],[72.308,22.147],[72.302,22.129],[72.302,22.114],[72.29,22.094],[72.281,22.09],[72.28,22.081],[72.275,22.068],[72.261,22.054],[72.253,22.043],[72.24,22.026],[72.233,22.012],[72.222,22.02],[72.214,22.008],[72.204,22.02],[72.189,22.017],[72.185,22.019],[72.182,22.015],[72.202,22.016],[72.21,22.003],[72.227,22.01],[72.236,22.001],[72.239,21.987],[72.237,21.977],[72.24,21.956],[72.242,21.94],[72.247,21.926],[72.236,21.933],[72.226,21.947],[72.212,21.954],[72.2,21.946],[72.188,21.944],[72.179,21.955],[72.168,21.955],[72.168,21.953],[72.181,21.946],[72.202,21.942],[72.212,21.95],[72.226,21.944],[72.24,21.927],[72.242,21.916],[72.25,21.908],[72.254,21.896],[72.257,21.888],[72.252,21.882],[72.257,21.875],[72.255,21.867],[72.255,21.842],[72.256,21.831],[72.25,21.811],[72.241,21.809],[72.233,21.81],[72.215,21.829],[72.216,21.851],[72.214,21.852],[72.215,21.837],[72.208,21.836],[72.203,21.84],[72.205,21.825],[72.201,21.83],[72.196,21.836],[72.188,21.84],[72.183,21.828],[72.173,21.813],[72.172,21.81],[72.18,21.816],[72.19,21.822],[72.193,21.817],[72.199,21.812],[72.203,21.81],[72.203,21.806],[72.207,21.805],[72.209,21.799],[72.214,21.798],[72.217,21.79],[72.218,21.783],[72.223,21.777],[72.23,21.767],[72.237,21.764],[72.229,21.762],[72.237,21.762],[72.235,21.755],[72.225,21.747],[72.227,21.743],[72.233,21.736],[72.234,21.729],[72.237,21.721],[72.242,21.715],[72.238,21.709],[72.248,21.706],[72.251,21.7],[72.264,21.695],[72.27,21.695],[72.283,21.683],[72.285,21.673],[72.284,21.664],[72.3,21.647],[72.305,21.637],[72.305,21.622],[72.294,21.609],[72.283,21.595],[72.283,21.592],[72.268,21.572],[72.266,21.56],[72.266,21.545],[72.263,21.53],[72.257,21.514],[72.255,21.503],[72.246,21.482],[72.235,21.461],[72.228,21.448],[72.201,21.413],[72.186,21.4],[72.169,21.377],[72.152,21.357],[72.122,21.325],[72.112,21.304],[72.105,21.308],[72.09,21.314],[72.093,21.31],[72.104,21.306],[72.113,21.298],[72.102,21.28],[72.094,21.283],[72.105,21.272],[72.095,21.261],[72.086,21.247],[72.087,21.241],[72.095,21.225],[72.101,21.22],[72.11,21.207],[72.098,21.195],[72.085,21.187],[72.068,21.18],[72.059,21.175],[72.039,21.163],[72.025,21.155],[72.009,21.144],[72.007,21.135],[71.997,21.137],[71.987,21.136],[71.974,21.122],[71.957,21.122],[71.946,21.118],[71.942,21.113],[71.93,21.114],[71.902,21.109],[71.895,21.11],[71.89,21.096],[71.871,21.089],[71.84,21.073],[71.826,21.068],[71.803,21.06],[71.791,21.051],[71.8,21.069],[71.79,21.065],[71.782,21.065],[71.78,21.067],[71.782,21.045],[71.793,21.046],[71.805,21.044],[71.803,21.038],[71.792,21.04],[71.779,21.039],[71.773,21.048],[71.771,21.064],[71.764,21.06],[71.76,21.053],[71.753,21.048],[71.752,21.041],[71.744,21.031],[71.762,21.033],[71.773,21.038],[71.784,21.032],[71.776,21.028],[71.76,21.021],[71.743,21.018],[71.731,21.019],[71.72,21.02],[71.702,21.009],[71.685,21.004],[71.685,20.997],[71.672,20.997],[71.652,20.995],[71.638,20.987],[71.626,20.977],[71.629,20.973],[71.633,20.978],[71.627,20.969],[71.618,20.968],[71.606,20.965],[71.596,20.962],[71.584,20.959],[71.578,20.952],[71.567,20.949],[71.553,20.951],[71.542,20.947],[71.538,20.95],[71.547,20.953],[71.557,20.955],[71.562,20.967],[71.583,20.985],[71.575,20.979],[71.557,20.968],[71.543,20.957],[71.532,20.956],[71.514,20.955],[71.509,20.945],[71.497,20.935],[71.492,20.933],[71.49,20.925],[71.499,20.919],[71.485,20.914],[71.5,20.917],[71.488,20.909],[71.481,20.897],[71.48,20.89],[71.465,20.879],[71.452,20.878],[71.442,20.868],[71.428,20.867],[71.402,20.863],[71.394,20.871],[71.382,20.873],[71.371,20.869],[71.37,20.867],[71.384,20.862],[71.379,20.853],[71.363,20.85],[71.352,20.848],[71.334,20.845],[71.324,20.845],[71.313,20.84],[71.298,20.833],[71.283,20.825],[71.271,20.82],[71.26,20.815],[71.244,20.81],[71.232,20.802],[71.214,20.802],[71.208,20.806],[71.205,20.794],[71.2,20.786],[71.183,20.781],[71.16,20.777],[71.151,20.765],[71.137,20.77],[71.124,20.762],[71.137,20.762],[71.147,20.763],[71.143,20.756],[71.127,20.756],[71.104,20.757],[71.09,20.76],[71.082,20.766],[71.086,20.757],[71.078,20.756],[71.08,20.753],[71.075,20.752],[71.076,20.747],[71.07,20.752],[71.069,20.749],[71.079,20.741],[71.073,20.733],[71.06,20.735],[71.049,20.729],[71.032,20.735],[71.018,20.738],[71.0,20.73],[70.993,20.725],[70.983,20.726],[70.979,20.723],[70.975,20.724],[70.985,20.719],[70.993,20.709],[70.981,20.7],[70.967,20.703],[70.948,20.703],[70.938,20.705],[70.92,20.707],[70.915,20.697],[70.898,20.697],[70.891,20.705],[70.874,20.708],[70.875,20.72],[70.875,20.725],[70.871,20.717],[70.874,20.705],[70.865,20.705],[70.851,20.707],[70.839,20.703],[70.838,20.692],[70.832,20.69],[70.825,20.693],[70.81,20.699],[70.8,20.705],[70.787,20.713],[70.765,20.719],[70.748,20.718],[70.73,20.726],[70.712,20.735],[70.701,20.739],[70.684,20.749],[70.676,20.757],[70.673,20.764],[70.661,20.756],[70.655,20.765],[70.662,20.766],[70.663,20.773],[70.659,20.774],[70.654,20.773],[70.647,20.773],[70.644,20.777],[70.637,20.775],[70.637,20.767],[70.627,20.767],[70.614,20.771],[70.598,20.778],[70.585,20.785],[70.563,20.793],[70.553,20.803],[70.536,20.807],[70.524,20.811],[70.507,20.822],[70.486,20.836],[70.468,20.84],[70.454,20.848],[70.442,20.853],[70.418,20.872],[70.418,20.88],[70.425,20.882],[70.422,20.893],[70.409,20.878],[70.396,20.891],[70.379,20.9],[70.365,20.901],[70.349,20.911],[70.351,20.923],[70.338,20.919],[70.314,20.933],[70.301,20.945],[70.266,20.968],[70.251,20.98],[70.24,20.991],[70.235,20.995],[70.218,21.004],[70.194,21.024],[70.169,21.045],[70.143,21.068],[70.14,21.077],[70.149,21.073],[70.139,21.082],[70.126,21.084],[70.092,21.111],[70.045,21.158],[70.031,21.173],[70.007,21.198],[69.993,21.212],[69.979,21.228],[69.951,21.259],[69.927,21.285],[69.912,21.302],[69.885,21.333],[69.868,21.352],[69.849,21.375],[69.832,21.395],[69.795,21.435],[69.781,21.452],[69.783,21.455],[69.793,21.45],[69.804,21.45],[69.812,21.451],[69.804,21.454],[69.802,21.457],[69.785,21.456],[69.777,21.462],[69.759,21.475],[69.748,21.489],[69.706,21.535],[69.682,21.554],[69.65,21.587],[69.627,21.611],[69.607,21.631],[69.596,21.638],[69.574,21.643],[69.547,21.665],[69.512,21.698],[69.479,21.731],[69.46,21.745],[69.446,21.757],[69.452,21.759],[69.453,21.76],[69.446,21.766],[69.438,21.762],[69.429,21.771],[69.391,21.805],[69.374,21.828],[69.383,21.826],[69.381,21.843],[69.392,21.85],[69.39,21.856],[69.384,21.857],[69.377,21.852],[69.373,21.836],[69.372,21.83],[69.349,21.839],[69.327,21.855],[69.307,21.872],[69.298,21.88],[69.288,21.888],[69.264,21.911],[69.255,21.92],[69.247,21.929],[69.24,21.937],[69.223,21.954],[69.211,21.966],[69.203,21.98],[69.21,21.987],[69.198,21.981],[69.181,22.0],[69.158,22.025],[69.142,22.041],[69.125,22.058],[69.104,22.083],[69.086,22.103],[69.078,22.11],[69.062,22.124],[69.042,22.145],[69.027,22.162],[69.013,22.176],[68.983,22.207],[68.967,22.231],[68.973,22.231],[68.965,22.232],[68.954,22.252],[68.953,22.266],[68.941,22.287],[68.938,22.301],[68.935,22.313],[68.947,22.33],[68.959,22.345],[68.956,22.364],[68.965,22.381],[68.978,22.402],[68.987,22.403],[68.985,22.413],[68.995,22.424],[69.003,22.434],[69.019,22.445],[69.034,22.454],[69.048,22.463],[69.068,22.479],[69.078,22.479],[69.076,22.46],[69.064,22.449],[69.052,22.437],[69.042,22.434],[69.046,22.418],[69.036,22.399],[69.038,22.387],[69.042,22.39],[69.045,22.392],[69.05,22.392],[69.055,22.394],[69.056,22.391],[69.063,22.39],[69.063,22.387],[69.07,22.385],[69.082,22.387],[69.097,22.397],[69.099,22.407],[69.115,22.407],[69.126,22.398],[69.136,22.402],[69.147,22.403],[69.157,22.409],[69.16,22.408],[69.167,22.407],[69.175,22.422],[69.189,22.415],[69.19,22.407],[69.185,22.403],[69.188,22.399],[69.195,22.398],[69.196,22.392],[69.195,22.386],[69.187,22.384],[69.18,22.377],[69.173,22.375],[69.168,22.372],[69.171,22.37],[69.176,22.369],[69.177,22.366],[69.172,22.357],[69.168,22.351],[69.175,22.353],[69.175,22.344],[69.162,22.347],[69.169,22.34],[69.167,22.328],[69.16,22.317],[69.162,22.305],[69.178,22.284],[69.197,22.27],[69.216,22.259],[69.227,22.256],[69.251,22.267],[69.272,22.27],[69.286,22.275],[69.293,22.281],[69.299,22.286],[69.313,22.288],[69.323,22.299],[69.331,22.302],[69.337,22.314],[69.33,22.323],[69.342,22.325],[69.354,22.325],[69.371,22.319],[69.39,22.319],[69.412,22.318],[69.431,22.32],[69.452,22.334],[69.455,22.327],[69.465,22.329],[69.484,22.336],[69.486,22.35],[69.497,22.367],[69.512,22.371],[69.522,22.371],[69.523,22.383],[69.521,22.392],[69.517,22.404],[69.521,22.412],[69.514,22.416],[69.505,22.422],[69.518,22.423],[69.523,22.424],[69.533,22.416],[69.543,22.406],[69.55,22.395],[69.555,22.388],[69.557,22.375],[69.545,22.375],[69.56,22.357],[69.562,22.355],[69.572,22.367],[69.583,22.364],[69.59,22.362],[69.586,22.35],[69.57,22.337],[69.577,22.344],[69.571,22.33],[69.574,22.331],[69.576,22.335],[69.591,22.351],[69.599,22.346],[69.601,22.345],[69.605,22.332],[69.607,22.341],[69.611,22.339],[69.609,22.331],[69.611,22.329],[69.613,22.338],[69.612,22.352],[69.622,22.365],[69.636,22.359],[69.647,22.35],[69.655,22.333],[69.662,22.331],[69.668,22.327],[69.66,22.347],[69.647,22.358],[69.658,22.383],[69.667,22.395],[69.677,22.396],[69.692,22.396],[69.7,22.409],[69.704,22.428],[69.704,22.438],[69.705,22.452],[69.72,22.465],[69.726,22.472],[69.734,22.462],[69.74,22.45],[69.732,22.448],[69.73,22.442],[69.744,22.434],[69.742,22.429],[69.753,22.43],[69.759,22.441],[69.767,22.428],[69.777,22.417],[69.789,22.404],[69.804,22.399],[69.815,22.41],[69.824,22.427],[69.832,22.45],[69.842,22.45],[69.855,22.446],[69.868,22.447],[69.892,22.462],[69.909,22.455],[69.912,22.447],[69.914,22.449],[69.921,22.442],[69.923,22.447],[69.913,22.458],[69.911,22.468],[69.905,22.483],[69.913,22.491],[69.921,22.501],[69.933,22.51],[69.938,22.51],[69.948,22.505],[69.954,22.505],[69.959,22.504],[69.955,22.507],[69.96,22.512],[69.956,22.509],[69.946,22.523],[69.954,22.53],[69.972,22.538],[69.982,22.536],[69.993,22.545],[70.002,22.547],[70.005,22.539],[70.009,22.548],[70.027,22.552],[70.018,22.537],[70.026,22.539],[70.031,22.547],[70.037,22.56],[70.053,22.556],[70.066,22.541],[70.072,22.551],[70.082,22.55],[70.087,22.542],[70.089,22.548],[70.096,22.551],[70.118,22.55],[70.12,22.537],[70.107,22.521],[70.115,22.525],[70.12,22.525],[70.123,22.543],[70.132,22.552],[70.143,22.54],[70.145,22.542],[70.146,22.555],[70.159,22.552],[70.174,22.542],[70.177,22.552],[70.178,22.558],[70.178,22.563],[70.183,22.571],[70.19,22.579],[70.194,22.576],[70.201,22.579],[70.201,22.57],[70.207,22.572],[70.211,22.57],[70.216,22.572],[70.206,22.579],[70.213,22.58],[70.21,22.585],[70.2,22.584],[70.198,22.601],[70.215,22.598],[70.212,22.604],[70.208,22.609],[70.215,22.612],[70.221,22.616],[70.222,22.62],[70.229,22.624],[70.228,22.634],[70.259,22.657],[70.255,22.669],[70.254,22.673],[70.255,22.682],[70.263,22.683],[70.265,22.677],[70.284,22.676],[70.276,22.678],[70.272,22.686],[70.266,22.691],[70.27,22.697],[70.283,22.693],[70.275,22.7],[70.267,22.7],[70.263,22.703],[70.272,22.709],[70.265,22.712],[70.26,22.719],[70.27,22.718],[70.278,22.723],[70.294,22.73],[70.301,22.744],[70.313,22.755],[70.319,22.775],[70.32,22.785],[70.322,22.787],[70.324,22.801],[70.328,22.814],[70.337,22.83],[70.339,22.839],[70.342,22.849],[70.345,22.862],[70.349,22.877],[70.361,22.895],[70.373,22.906],[70.387,22.912],[70.404,22.92],[70.417,22.923],[70.411,22.927],[70.426,22.951],[70.434,22.959],[70.443,22.956],[70.445,22.959],[70.443,22.965],[70.446,22.97],[70.433,22.965],[70.435,22.97],[70.424,22.981],[70.412,22.98],[70.4,22.982],[70.403,22.966],[70.397,22.946],[70.383,22.931],[70.363,22.928],[70.352,22.923],[70.329,22.93],[70.316,22.937],[70.303,22.94],[70.285,22.947],[70.267,22.953],[70.26,22.962],[70.24,22.975],[70.233,22.988],[70.235,23.0],[70.232,23.029],[70.226,23.049],[70.219,23.055],[70.219,23.044],[70.219,23.025],[70.215,23.023],[70.22,23.016],[70.225,22.995],[70.226,22.984],[70.233,22.97],[70.218,22.972],[70.223,22.965],[70.225,22.958],[70.213,22.947],[70.197,22.943],[70.177,22.946],[70.162,22.942],[70.148,22.946],[70.131,22.956],[70.119,22.968],[70.13,22.991],[70.126,22.982],[70.11,22.969],[70.117,22.955],[70.13,22.948],[70.119,22.946],[70.114,22.946],[70.124,22.943],[70.137,22.943],[70.134,22.928],[70.121,22.924],[70.106,22.912],[70.095,22.909],[70.082,22.91],[70.071,22.91],[70.067,22.92],[70.055,22.916],[70.029,22.912],[70.019,22.909],[70.01,22.907],[70.005,22.917],[70.007,22.906],[70.002,22.909],[69.994,22.901],[69.978,22.9],[69.963,22.898],[69.957,22.9],[69.947,22.901],[69.943,22.895],[69.919,22.888],[69.909,22.882],[69.898,22.871],[69.891,22.884],[69.894,22.91],[69.891,22.91],[69.886,22.912],[69.887,22.904],[69.88,22.88],[69.871,22.865],[69.857,22.864],[69.839,22.856],[69.832,22.864],[69.82,22.85],[69.81,22.849],[69.803,22.848],[69.79,22.849],[69.784,22.864],[69.782,22.854],[69.78,22.853],[69.787,22.839],[69.777,22.834],[69.774,22.832],[69.759,22.819],[69.746,22.819],[69.744,22.83],[69.744,22.818],[69.738,22.812],[69.734,22.812],[69.743,22.8],[69.742,22.784],[69.729,22.79],[69.718,22.8],[69.725,22.789],[69.724,22.782],[69.724,22.765],[69.715,22.775],[69.72,22.762],[69.707,22.757],[69.712,22.751],[69.707,22.75],[69.692,22.758],[69.687,22.758],[69.707,22.746],[69.711,22.738],[69.692,22.74],[69.669,22.754],[69.664,22.763],[69.665,22.769],[69.659,22.763],[69.657,22.757],[69.662,22.754],[69.652,22.75],[69.637,22.753],[69.627,22.756],[69.608,22.772],[69.609,22.765],[69.611,22.757],[69.598,22.76],[69.58,22.762],[69.565,22.768],[69.562,22.775],[69.565,22.777],[69.554,22.779],[69.565,22.79],[69.564,22.792],[69.552,22.789],[69.534,22.783],[69.514,22.784],[69.499,22.783],[69.485,22.787],[69.471,22.791],[69.483,22.785],[69.498,22.778],[69.491,22.773],[69.471,22.771],[69.463,22.774],[69.443,22.78],[69.428,22.79],[69.402,22.806],[69.386,22.811],[69.373,22.818],[69.364,22.817],[69.353,22.817],[69.36,22.837],[69.371,22.853],[69.364,22.849],[69.357,22.84],[69.353,22.856],[69.362,22.877],[69.349,22.867],[69.357,22.829],[69.342,22.822],[69.326,22.828],[69.313,22.83],[69.313,22.835],[69.326,22.841],[69.316,22.837],[69.301,22.833],[69.292,22.826],[69.281,22.823],[69.265,22.823],[69.253,22.827],[69.243,22.829],[69.23,22.835],[69.23,22.841],[69.226,22.856],[69.226,22.873],[69.222,22.866],[69.227,22.843],[69.213,22.833],[69.205,22.838],[69.194,22.838],[69.192,22.846],[69.189,22.85],[69.182,22.855],[69.173,22.857],[69.169,22.852],[69.156,22.86],[69.134,22.869],[69.121,22.879],[69.143,22.895],[69.128,22.885],[69.118,22.89],[69.11,22.888],[69.092,22.898],[69.093,22.901],[69.085,22.903],[69.081,22.91],[69.083,22.912],[69.082,22.929],[69.074,22.917],[69.067,22.919],[69.075,22.948],[69.07,22.939],[69.065,22.919],[69.054,22.923],[69.027,22.937],[69.01,22.95],[69.012,22.952],[69.009,22.951],[69.01,22.967],[69.015,22.982],[69.01,22.975],[69.004,22.949],[68.997,22.951],[68.974,22.963],[68.971,22.975],[68.975,22.984],[68.966,22.968],[68.952,22.974],[68.938,22.984],[68.927,22.99],[68.918,22.995],[68.911,23.0],[68.897,23.007],[68.88,23.018],[68.865,23.028],[68.847,23.038],[68.828,23.048],[68.82,23.054],[68.815,23.063],[68.809,23.059],[68.788,23.07],[68.775,23.075],[68.766,23.077],[68.732,23.104],[68.713,23.117],[68.689,23.131],[68.655,23.149],[68.632,23.169],[68.638,23.172],[68.65,23.161],[68.667,23.149],[68.69,23.137],[68.709,23.13],[68.718,23.127],[68.719,23.134],[68.708,23.137],[68.703,23.144],[68.683,23.149],[68.673,23.162],[68.661,23.18],[68.652,23.174],[68.644,23.17],[68.644,23.178],[68.647,23.182],[68.639,23.186],[68.627,23.184],[68.599,23.205],[68.585,23.219],[68.584,23.236],[68.598,23.24],[68.602,23.229],[68.605,23.231],[68.614,23.223],[68.63,23.22],[68.622,23.22],[68.614,23.225],[68.604,23.24],[68.611,23.243],[68.619,23.244],[68.629,23.246],[68.635,23.249],[68.644,23.255],[68.647,23.257],[68.658,23.252],[68.654,23.266],[68.655,23.269],[68.649,23.269],[68.637,23.265],[68.63,23.277],[68.626,23.29],[68.642,23.295],[68.66,23.296],[68.673,23.3],[68.677,23.302],[68.662,23.302],[68.661,23.308],[68.66,23.312],[68.652,23.302],[68.637,23.306],[68.631,23.321],[68.635,23.317],[68.63,23.325],[68.626,23.345],[68.621,23.34],[68.617,23.355],[68.608,23.367],[68.609,23.362],[68.619,23.349],[68.62,23.336],[68.617,23.326],[68.599,23.333],[68.578,23.347],[68.573,23.358],[68.57,23.364],[68.567,23.37],[68.586,23.372],[68.598,23.36],[68.601,23.359],[68.592,23.371],[68.581,23.382],[68.582,23.375],[68.567,23.377],[68.559,23.389],[68.574,23.4],[68.57,23.403],[68.552,23.4],[68.54,23.406],[68.537,23.413],[68.53,23.426],[68.526,23.435],[68.523,23.443],[68.522,23.457],[68.522,23.446],[68.507,23.455],[68.498,23.457],[68.493,23.471],[68.501,23.487],[68.51,23.49],[68.507,23.495],[68.495,23.486],[68.485,23.478],[68.467,23.48],[68.452,23.477],[68.449,23.489],[68.462,23.507],[68.48,23.513],[68.484,23.527],[68.477,23.515],[68.457,23.511],[68.451,23.526],[68.457,23.54],[68.469,23.551],[68.46,23.545],[68.441,23.53],[68.45,23.507],[68.432,23.502],[68.425,23.509],[68.425,23.542],[68.43,23.56],[68.448,23.565],[68.459,23.575],[68.445,23.569],[68.453,23.581],[68.453,23.597],[68.466,23.597],[68.468,23.606],[68.47,23.62],[68.481,23.627],[68.492,23.654],[68.504,23.665],[68.522,23.685],[68.53,23.693],[68.543,23.707],[68.566,23.725],[68.576,23.729],[68.593,23.739],[68.611,23.753],[68.63,23.761],[68.645,23.786],[68.654,23.8],[68.675,23.812],[68.679,23.799],[68.676,23.812],[68.686,23.822],[68.704,23.825],[68.723,23.828],[68.742,23.84],[68.761,23.84],[68.776,23.849],[68.79,23.86],[68.796,23.873],[68.801,23.883],[68.807,23.88],[68.79,23.884],[68.79,23.873],[68.781,23.868],[68.772,23.859],[68.772,23.872],[68.763,23.882],[68.77,23.866],[68.753,23.849],[68.731,23.85],[68.719,23.852],[68.719,23.848],[68.686,23.85],[68.674,23.856],[68.659,23.858],[68.673,23.854],[68.672,23.842],[68.646,23.843],[68.635,23.838],[68.647,23.834],[68.632,23.822],[68.624,23.82],[68.607,23.819],[68.602,23.82],[68.586,23.815],[68.573,23.798],[68.546,23.772],[68.532,23.752],[68.525,23.768],[68.517,23.781],[68.518,23.779],[68.52,23.766],[68.515,23.747],[68.504,23.755],[68.487,23.761],[68.471,23.764],[68.465,23.772],[68.462,23.765],[68.476,23.748],[68.469,23.741],[68.454,23.742],[68.437,23.737],[68.433,23.746],[68.45,23.767],[68.453,23.779],[68.446,23.792],[68.448,23.815],[68.427,23.819],[68.428,23.8],[68.434,23.777],[68.413,23.761],[68.399,23.75],[68.417,23.76],[68.417,23.735],[68.42,23.716],[68.415,23.697],[68.408,23.679],[68.395,23.654],[68.4,23.637],[68.394,23.626],[68.384,23.625],[68.375,23.639],[68.37,23.624],[68.376,23.618],[68.38,23.621],[68.392,23.606],[68.382,23.602],[68.372,23.611],[68.364,23.612],[68.372,23.605],[68.371,23.595],[68.355,23.587],[68.339,23.58],[68.322,23.576],[68.309,23.575],[68.301,23.572],[68.284,23.566],[68.266,23.556],[68.261,23.572],[68.269,23.583],[68.278,23.594],[68.29,23.598],[68.281,23.601],[68.275,23.609],[68.27,23.619],[68.268,23.619],[68.27,23.603],[68.261,23.579],[68.259,23.575],[68.246,23.569],[68.228,23.57],[68.209,23.577],[68.178,23.603],[68.172,23.622],[68.181,23.636],[68.189,23.644],[68.212,23.648],[68.201,23.642],[68.197,23.636],[68.2,23.635],[68.207,23.641],[68.222,23.645],[68.236,23.639],[68.235,23.64],[68.227,23.642],[68.235,23.646],[68.262,23.65],[68.275,23.663],[68.28,23.67],[68.298,23.676],[68.293,23.683],[68.306,23.702],[68.314,23.717],[68.331,23.716],[68.33,23.723],[68.337,23.733],[68.342,23.741],[68.35,23.732],[68.34,23.743],[68.331,23.756],[68.324,23.747],[68.327,23.733],[68.306,23.726],[68.292,23.726],[68.291,23.725],[68.288,23.711],[68.271,23.698],[68.259,23.714],[68.264,23.735],[68.262,23.728],[68.256,23.71],[68.265,23.699],[68.265,23.681],[68.246,23.671],[68.232,23.685],[68.229,23.697],[68.229,23.705],[68.222,23.695],[68.202,23.708],[68.19,23.727],[68.202,23.749],[68.213,23.757],[68.213,23.771],[68.212,23.795],[68.207,23.81],[68.21,23.819],[68.217,23.835],[68.238,23.843],[68.246,23.854],[68.253,23.845],[68.261,23.838],[68.265,23.857],[68.267,23.87],[68.256,23.877],[68.276,23.891],[68.289,23.903],[68.279,23.917],[68.313,23.917],[68.342,23.924],[68.351,23.94],[68.346,23.955],[68.357,23.974],[68.364,23.951],[68.372,23.942],[68.375,23.969],[68.391,23.967],[68.45,23.97],[68.56,23.971],[68.648,23.971],[68.682,23.971],[68.722,23.971],[68.753,23.971],[68.755,23.994],[68.757,24.028],[68.76,24.079],[68.765,24.171],[68.769,24.25],[68.766,24.288],[68.785,24.304],[68.814,24.313],[68.831,24.312],[68.84,24.287],[68.844,24.265],[68.846,24.243],[68.851,24.23],[68.866,24.212],[68.88,24.216],[68.889,24.237],[68.895,24.256],[68.904,24.275],[68.921,24.289],[68.94,24.299],[68.954,24.291],[68.967,24.272],[68.976,24.252],[68.983,24.232],[69.003,24.223],[69.027,24.232],[69.046,24.246],[69.068,24.257],[69.084,24.267],[69.094,24.271],[69.102,24.272],[69.126,24.263],[69.15,24.253],[69.175,24.244],[69.199,24.238],[69.223,24.248],[69.248,24.257],[69.272,24.266],[69.297,24.275],[69.321,24.28],[69.344,24.275],[69.362,24.271],[69.385,24.27],[69.41,24.272],[69.432,24.277],[69.446,24.28],[69.466,24.273],[69.489,24.268],[69.513,24.27],[69.535,24.275],[69.559,24.28],[69.58,24.288],[69.602,24.286],[69.621,24.269],[69.64,24.252],[69.655,24.239],[69.674,24.222],[69.692,24.206],[69.71,24.19],[69.728,24.174],[69.751,24.171],[69.777,24.171],[69.803,24.171],[69.83,24.171],[69.856,24.171],[69.882,24.171],[69.909,24.171],[69.935,24.171],[69.962,24.171],[69.988,24.171],[70.015,24.171],[70.039,24.176],[70.055,24.192],[70.071,24.208],[70.081,24.23],[70.091,24.253],[70.101,24.275],[70.115,24.297],[70.139,24.303],[70.163,24.303],[70.183,24.309],[70.205,24.317],[70.227,24.323],[70.25,24.325],[70.266,24.334],[70.294,24.344],[70.321,24.351],[70.342,24.352],[70.363,24.351],[70.377,24.355],[70.398,24.367],[70.423,24.379],[70.449,24.385],[70.472,24.389],[70.498,24.398],[70.521,24.405],[70.543,24.411],[70.55,24.414],[70.573,24.422],[70.593,24.413],[70.597,24.401],[70.588,24.379],[70.572,24.36],[70.562,24.353],[70.569,24.334],[70.578,24.312],[70.58,24.298],[70.585,24.282],[70.573,24.258],[70.577,24.25],[70.596,24.243],[70.622,24.233],[70.646,24.225],[70.668,24.219],[70.695,24.22],[70.709,24.217],[70.735,24.218],[70.758,24.218],[70.785,24.22],[70.811,24.222],[70.836,24.232],[70.856,24.246],[70.881,24.248],[70.902,24.258],[70.906,24.264],[70.882,24.273],[70.874,24.295],[70.887,24.306],[70.909,24.318],[70.922,24.326],[70.935,24.338],[70.955,24.349],[70.972,24.358],[70.995,24.358],[71.02,24.347],[71.042,24.351],[71.058,24.362],[71.073,24.384],[71.093,24.395],[71.115,24.4],[71.124,24.412],[71.114,24.428],[71.094,24.436],[71.071,24.437],[71.045,24.434],[71.021,24.44],[70.999,24.444],[70.996,24.466],[70.999,24.481],[71.001,24.497],[71.004,24.517],[71.0,24.533],[70.988,24.546],[70.992,24.568],[70.99,24.584],[70.991,24.605],[71.003,24.625],[71.024,24.641],[71.047,24.648],[71.057,24.652],[71.067,24.659],[71.086,24.672],[71.096,24.689],[71.076,24.708],[71.057,24.737],[71.049,24.755],[71.037,24.781],[71.021,24.816],[71.005,24.843],[70.982,24.878],[70.961,24.906],[70.945,24.925],[70.939,24.935],[70.93,24.963],[70.922,24.988],[70.916,25.01],[70.898,25.098],[70.889,25.147],[70.876,25.159],[70.854,25.18],[70.831,25.202],[70.805,25.227],[70.788,25.243],[70.765,25.265],[70.749,25.288],[70.746,25.299],[70.737,25.331],[70.721,25.346],[70.706,25.358],[70.692,25.371],[70.671,25.391],[70.669,25.41],[70.672,25.432],[70.673,25.455],[70.673,25.472],[70.677,25.505],[70.667,25.531],[70.669,25.559],[70.669,25.579],[70.671,25.618],[70.672,25.64],[70.674,25.664],[70.669,25.684],[70.66,25.702],[70.647,25.713],[70.632,25.714],[70.6,25.712],[70.56,25.696],[70.538,25.686],[70.508,25.684],[70.48,25.684],[70.416,25.678],[70.37,25.678],[70.333,25.689],[70.295,25.703],[70.269,25.714],[70.256,25.741],[70.229,25.785],[70.202,25.811],[70.17,25.835],[70.156,25.856],[70.145,25.872],[70.131,25.893],[70.113,25.919],[70.098,25.946],[70.096,25.967],[70.093,25.996],[70.085,26.066],[70.126,26.138],[70.164,26.208],[70.175,26.251],[70.17,26.271],[70.166,26.303],[70.174,26.327],[70.18,26.347],[70.185,26.371],[70.182,26.396],[70.178,26.418],[70.179,26.446],[70.183,26.47],[70.184,26.492],[70.179,26.509],[70.174,26.551],[70.151,26.566],[70.113,26.588],[70.056,26.601],[70.015,26.593],[69.998,26.591],[69.949,26.584],[69.91,26.58],[69.861,26.583],[69.811,26.592],[69.792,26.598],[69.728,26.65],[69.702,26.663],[69.64,26.688],[69.575,26.716],[69.533,26.734],[69.499,26.769],[69.486,26.8],[69.485,26.814],[69.492,26.843],[69.497,26.864],[69.5,26.889],[69.504,26.92],[69.511,26.977],[69.514,27.002],[69.519,27.022],[69.53,27.049],[69.546,27.087],[69.558,27.115],[69.572,27.149],[69.583,27.174],[69.596,27.191],[69.614,27.202],[69.638,27.219],[69.656,27.237],[69.673,27.255],[69.696,27.277],[69.708,27.288],[69.722,27.298],[69.745,27.312],[69.768,27.328],[69.782,27.342],[69.808,27.361],[69.835,27.381],[69.852,27.395],[69.876,27.416],[69.894,27.438],[69.922,27.48],[69.949,27.51],[69.966,27.523],[69.983,27.535],[69.999,27.546],[70.025,27.562],[70.031,27.574],[70.045,27.605],[70.053,27.622],[70.066,27.648],[70.072,27.663],[70.078,27.676],[70.092,27.711],[70.106,27.744],[70.123,27.786],[70.138,27.812],[70.174,27.846],[70.21,27.883],[70.227,27.901],[70.258,27.917],[70.274,27.925],[70.302,27.941],[70.325,27.964],[70.349,27.988],[70.379,28.013],[70.422,28.018],[70.456,28.025],[70.505,28.037],[70.531,28.031],[70.57,28.019],[70.599,27.993],[70.678,27.899],[70.679,27.873],[70.684,27.828],[70.716,27.784],[70.733,27.76],[70.739,27.743],[70.749,27.735],[70.765,27.72],[70.782,27.718],[70.799,27.716],[70.82,27.713],[70.843,27.709],[70.872,27.706],[70.906,27.709],[70.936,27.722],[70.954,27.729],[70.97,27.734],[70.985,27.743],[71.019,27.758],[71.044,27.767],[71.065,27.775],[71.091,27.788],[71.119,27.8],[71.142,27.81],[71.173,27.822],[71.22,27.838],[71.293,27.853],[71.37,27.87],[71.406,27.873],[71.443,27.874],[71.474,27.873],[71.506,27.875],[71.539,27.876],[71.571,27.877],[71.607,27.877],[71.645,27.878],[71.674,27.881],[71.707,27.893],[71.729,27.901],[71.759,27.912],[71.78,27.92],[71.809,27.931],[71.825,27.936],[71.841,27.942],[71.863,27.95],[71.877,27.955],[71.898,27.961],[71.903,27.984],[71.908,28.014],[71.915,28.052],[71.921,28.087],[71.927,28.122],[71.945,28.144],[71.976,28.183],[72.004,28.219],[72.053,28.255],[72.092,28.284],[72.143,28.326],[72.165,28.35],[72.191,28.377],[72.212,28.411],[72.23,28.465],[72.247,28.513],[72.254,28.534],[72.264,28.562],[72.271,28.581],[72.285,28.623],[72.294,28.653],[72.304,28.675],[72.318,28.691],[72.33,28.704],[72.343,28.719],[72.356,28.735],[72.369,28.748],[72.382,28.761],[72.398,28.778],[72.43,28.793],[72.446,28.799],[72.46,28.804],[72.477,28.811],[72.497,28.821],[72.515,28.831],[72.532,28.84],[72.55,28.85],[72.568,28.86],[72.585,28.869],[72.603,28.878],[72.62,28.888],[72.638,28.897],[72.659,28.909],[72.677,28.918],[72.694,28.927],[72.719,28.94],[72.748,28.954],[72.771,28.962],[72.8,28.973],[72.817,28.979],[72.836,28.986],[72.851,28.992],[72.87,28.999],[72.893,29.008],[72.912,29.015],[72.946,29.028],[72.955,29.047],[72.962,29.062],[72.975,29.089],[72.982,29.106],[72.994,29.13],[73.001,29.146],[73.012,29.16],[73.023,29.172],[73.043,29.192],[73.069,29.221],[73.088,29.243],[73.1,29.262],[73.112,29.283],[73.124,29.304],[73.134,29.32],[73.143,29.336],[73.156,29.357],[73.167,29.376],[73.177,29.393],[73.204,29.439],[73.218,29.463],[73.256,29.527],[73.268,29.547],[73.28,29.569],[73.29,29.598],[73.296,29.616],[73.301,29.631],[73.306,29.648],[73.313,29.668],[73.318,29.685],[73.323,29.7],[73.329,29.719],[73.336,29.742],[73.34,29.756],[73.344,29.767],[73.371,29.859],[73.392,29.931],[73.438,29.961],[73.464,29.971],[73.482,29.977],[73.495,29.982],[73.509,29.987],[73.528,29.994],[73.547,30.001],[73.566,30.008],[73.586,30.015],[73.605,30.021],[73.62,30.024],[73.633,30.028],[73.653,30.032],[73.678,30.038],[73.694,30.042],[73.71,30.045],[73.721,30.048],[73.75,30.055],[73.766,30.059],[73.782,30.062],[73.795,30.065],[73.809,30.071],[73.82,30.085],[73.832,30.095],[73.844,30.104],[73.858,30.114],[73.873,30.124],[73.886,30.134],[73.897,30.141],[73.909,30.15],[73.922,30.16],[73.94,30.173],[73.952,30.182],[73.973,30.198],[73.97,30.217],[73.967,30.235],[73.964,30.251],[73.962,30.263],[73.955,30.277],[73.946,30.291],[73.939,30.304],[73.932,30.318],[73.925,30.325],[73.916,30.334],[73.911,30.339],[73.901,30.35],[73.892,30.355],[73.885,30.357],[73.885,30.366],[73.891,30.37],[73.898,30.372],[73.901,30.373],[73.905,30.376],[73.913,30.382],[73.914,30.383],[73.917,30.386],[73.918,30.392],[73.921,30.397],[73.924,30.399],[73.93,30.4],[73.936,30.401],[73.939,30.404],[73.942,30.408],[73.945,30.413],[73.946,30.415],[73.95,30.418],[73.955,30.42],[73.959,30.422],[73.965,30.425],[73.966,30.431],[73.97,30.437],[73.974,30.444],[73.972,30.444],[73.971,30.442],[73.959,30.44],[73.943,30.437],[73.927,30.439],[73.937,30.449],[73.933,30.458],[73.931,30.472],[73.932,30.481],[73.933,30.485],[73.941,30.486],[73.945,30.485],[73.948,30.484],[73.947,30.477],[73.948,30.467],[73.95,30.46],[73.957,30.458],[73.965,30.462],[73.969,30.472],[73.966,30.482],[73.976,30.494],[73.982,30.504],[73.997,30.514],[74.013,30.514],[74.015,30.518],[74.024,30.526],[74.039,30.54],[74.049,30.538],[74.052,30.532],[74.057,30.519],[74.066,30.52],[74.074,30.525],[74.078,30.53],[74.082,30.536],[74.088,30.544],[74.091,30.549],[74.084,30.549],[74.073,30.555],[74.095,30.574],[74.099,30.591],[74.102,30.604],[74.099,30.614],[74.12,30.616],[74.127,30.635],[74.146,30.63],[74.154,30.636],[74.16,30.642],[74.167,30.649],[74.171,30.651],[74.177,30.655],[74.181,30.661],[74.188,30.664],[74.195,30.667],[74.198,30.671],[74.202,30.674],[74.207,30.678],[74.212,30.688],[74.216,30.692],[74.219,30.695],[74.222,30.7],[74.222,30.703],[74.223,30.709],[74.225,30.713],[74.227,30.717],[74.229,30.72],[74.232,30.724],[74.239,30.724],[74.244,30.723],[74.244,30.726],[74.25,30.725],[74.254,30.724],[74.262,30.724],[74.267,30.726],[74.268,30.734],[74.274,30.734],[74.277,30.735],[74.281,30.731],[74.282,30.74],[74.274,30.744],[74.275,30.746],[74.274,30.75],[74.27,30.758],[74.265,30.765],[74.261,30.775],[74.268,30.776],[74.277,30.774],[74.287,30.776],[74.29,30.775],[74.296,30.777],[74.302,30.78],[74.307,30.789],[74.3,30.792],[74.297,30.8],[74.302,30.805],[74.306,30.812],[74.311,30.819],[74.317,30.824],[74.32,30.827],[74.319,30.832],[74.32,30.836],[74.321,30.837],[74.321,30.84],[74.32,30.845],[74.326,30.849],[74.331,30.851],[74.336,30.85],[74.341,30.849],[74.34,30.85],[74.339,30.851],[74.339,30.853],[74.35,30.854],[74.355,30.85],[74.359,30.849],[74.367,30.849],[74.366,30.855],[74.372,30.858],[74.376,30.858],[74.38,30.862],[74.372,30.866],[74.362,30.877],[74.365,30.882],[74.366,30.893],[74.372,30.895],[74.382,30.896],[74.387,30.9],[74.396,30.908],[74.41,30.91],[74.423,30.908],[74.423,30.914],[74.424,30.916],[74.419,30.919],[74.411,30.921],[74.418,30.922],[74.424,30.921],[74.425,30.925],[74.429,30.931],[74.422,30.929],[74.414,30.931],[74.42,30.941],[74.423,30.941],[74.433,30.942],[74.439,30.942],[74.442,30.95],[74.455,30.951],[74.456,30.957],[74.463,30.957],[74.457,30.964],[74.464,30.968],[74.469,30.97],[74.472,30.971],[74.48,30.974],[74.486,30.972],[74.492,30.974],[74.493,30.972],[74.501,30.964],[74.505,30.966],[74.51,30.969],[74.514,30.976],[74.516,30.98],[74.528,30.985],[74.544,30.991],[74.543,30.996],[74.543,31.0],[74.54,31.008],[74.542,31.016],[74.543,31.018],[74.548,31.032],[74.557,31.038],[74.559,31.039],[74.56,31.043],[74.56,31.044],[74.561,31.045],[74.561,31.048],[74.565,31.051],[74.57,31.053],[74.573,31.056],[74.58,31.054],[74.59,31.05],[74.594,31.044],[74.596,31.04],[74.601,31.04],[74.612,31.044],[74.62,31.044],[74.631,31.047],[74.639,31.048],[74.646,31.05],[74.656,31.05],[74.663,31.051],[74.675,31.057],[74.687,31.066],[74.692,31.08],[74.693,31.083],[74.697,31.084],[74.701,31.09],[74.702,31.093],[74.701,31.097],[74.697,31.103],[74.698,31.107],[74.698,31.113],[74.69,31.118],[74.689,31.128],[74.681,31.127],[74.673,31.124],[74.667,31.124],[74.662,31.13],[74.657,31.133],[74.65,31.129],[74.646,31.126],[74.642,31.122],[74.638,31.118],[74.633,31.124],[74.631,31.129],[74.631,31.133],[74.622,31.133],[74.616,31.132],[74.612,31.133],[74.607,31.133],[74.603,31.134],[74.6,31.13],[74.597,31.127],[74.601,31.121],[74.604,31.117],[74.607,31.114],[74.61,31.111],[74.61,31.107],[74.61,31.103],[74.611,31.099],[74.609,31.097],[74.606,31.095],[74.605,31.095],[74.601,31.093],[74.601,31.088],[74.596,31.089],[74.594,31.089],[74.591,31.089],[74.588,31.092],[74.588,31.089],[74.587,31.087],[74.583,31.087],[74.58,31.087],[74.577,31.086],[74.573,31.084],[74.571,31.082],[74.564,31.082],[74.56,31.083],[74.557,31.084],[74.552,31.086],[74.55,31.091],[74.551,31.096],[74.549,31.102],[74.55,31.107],[74.55,31.112],[74.548,31.116],[74.548,31.119],[74.545,31.122],[74.541,31.122],[74.536,31.124],[74.531,31.126],[74.525,31.129],[74.521,31.129],[74.515,31.131],[74.51,31.132],[74.511,31.135],[74.513,31.139],[74.514,31.144],[74.514,31.149],[74.515,31.151],[74.513,31.154],[74.512,31.157],[74.512,31.16],[74.513,31.164],[74.512,31.168],[74.51,31.172],[74.51,31.176],[74.511,31.181],[74.514,31.183],[74.517,31.184],[74.52,31.185],[74.521,31.19],[74.52,31.194],[74.521,31.198],[74.521,31.202],[74.525,31.205],[74.524,31.208],[74.526,31.211],[74.525,31.214],[74.524,31.217],[74.524,31.221],[74.522,31.224],[74.517,31.227],[74.52,31.232],[74.522,31.236],[74.526,31.238],[74.529,31.241],[74.531,31.245],[74.533,31.25],[74.53,31.254],[74.526,31.26],[74.523,31.263],[74.522,31.267],[74.521,31.271],[74.524,31.275],[74.528,31.28],[74.53,31.283],[74.532,31.286],[74.533,31.289],[74.533,31.291],[74.535,31.295],[74.537,31.298],[74.538,31.301],[74.541,31.303],[74.542,31.304],[74.538,31.305],[74.535,31.305],[74.533,31.307],[74.529,31.309],[74.527,31.311],[74.529,31.313],[74.533,31.314],[74.535,31.315],[74.535,31.317],[74.538,31.319],[74.535,31.321],[74.534,31.324],[74.537,31.326],[74.537,31.33],[74.539,31.331],[74.542,31.333],[74.544,31.335],[74.546,31.335],[74.549,31.335],[74.547,31.339],[74.547,31.341],[74.548,31.344],[74.549,31.347],[74.551,31.351],[74.552,31.355],[74.553,31.357],[74.55,31.359],[74.551,31.362],[74.553,31.365],[74.556,31.367],[74.559,31.368],[74.563,31.37],[74.566,31.371],[74.57,31.372],[74.572,31.373],[74.576,31.374],[74.579,31.376],[74.583,31.379],[74.586,31.385],[74.586,31.391],[74.587,31.395],[74.588,31.398],[74.591,31.401],[74.592,31.405],[74.594,31.409],[74.595,31.411],[74.597,31.416],[74.602,31.416],[74.603,31.417],[74.602,31.42],[74.604,31.42],[74.607,31.42],[74.61,31.423],[74.615,31.422],[74.619,31.42],[74.621,31.424],[74.622,31.428],[74.626,31.429],[74.629,31.426],[74.632,31.424],[74.633,31.422],[74.634,31.419],[74.638,31.418],[74.64,31.417],[74.643,31.416],[74.645,31.418],[74.646,31.421],[74.65,31.425],[74.655,31.426],[74.654,31.428],[74.651,31.43],[74.649,31.432],[74.647,31.434],[74.644,31.436],[74.642,31.438],[74.64,31.441],[74.639,31.444],[74.64,31.447],[74.644,31.45],[74.647,31.451],[74.65,31.452],[74.653,31.454],[74.652,31.457],[74.65,31.461],[74.649,31.464],[74.647,31.466],[74.644,31.469],[74.642,31.47],[74.64,31.472],[74.638,31.474],[74.637,31.476],[74.636,31.478],[74.633,31.478],[74.632,31.477],[74.63,31.477],[74.628,31.477],[74.629,31.479],[74.629,31.483],[74.63,31.484],[74.631,31.482],[74.633,31.482],[74.635,31.484],[74.636,31.484],[74.636,31.485],[74.633,31.486],[74.631,31.486],[74.628,31.485],[74.626,31.486],[74.626,31.484],[74.623,31.482],[74.622,31.483],[74.622,31.485],[74.618,31.486],[74.615,31.489],[74.614,31.492],[74.613,31.496],[74.611,31.499],[74.609,31.5],[74.606,31.498],[74.604,31.5],[74.603,31.5],[74.6,31.5],[74.597,31.501],[74.594,31.5],[74.594,31.497],[74.59,31.497],[74.587,31.496],[74.583,31.497],[74.581,31.498],[74.578,31.498],[74.576,31.501],[74.576,31.502],[74.578,31.5],[74.58,31.5],[74.581,31.5],[74.585,31.5],[74.587,31.504],[74.584,31.506],[74.581,31.506],[74.582,31.508],[74.584,31.507],[74.583,31.509],[74.583,31.51],[74.581,31.511],[74.582,31.512],[74.583,31.514],[74.583,31.517],[74.586,31.521],[74.589,31.521],[74.591,31.523],[74.593,31.523],[74.595,31.525],[74.599,31.525],[74.605,31.524],[74.61,31.527],[74.613,31.527],[74.612,31.531],[74.614,31.535],[74.614,31.538],[74.613,31.542],[74.614,31.544],[74.614,31.548],[74.614,31.551],[74.619,31.552],[74.617,31.555],[74.615,31.558],[74.611,31.559],[74.609,31.561],[74.608,31.562],[74.607,31.563],[74.608,31.565],[74.609,31.566],[74.612,31.567],[74.615,31.567],[74.613,31.568],[74.611,31.567],[74.609,31.569],[74.606,31.571],[74.599,31.573],[74.593,31.574],[74.591,31.577],[74.587,31.58],[74.586,31.583],[74.586,31.585],[74.582,31.586],[74.582,31.588],[74.581,31.59],[74.581,31.592],[74.581,31.594],[74.578,31.595],[74.575,31.597],[74.576,31.599],[74.577,31.599],[74.576,31.6],[74.576,31.603],[74.574,31.604],[74.573,31.606],[74.569,31.607],[74.565,31.607],[74.56,31.607],[74.556,31.609],[74.555,31.614],[74.551,31.617],[74.552,31.621],[74.551,31.625],[74.548,31.631],[74.546,31.633],[74.547,31.636],[74.548,31.641],[74.547,31.646],[74.544,31.648],[74.541,31.647],[74.539,31.649],[74.538,31.653],[74.538,31.655],[74.538,31.657],[74.54,31.659],[74.536,31.663],[74.531,31.666],[74.529,31.667],[74.529,31.669],[74.534,31.673],[74.534,31.675],[74.535,31.678],[74.533,31.679],[74.531,31.681],[74.527,31.683],[74.526,31.686],[74.524,31.687],[74.519,31.688],[74.517,31.689],[74.514,31.69],[74.508,31.693],[74.504,31.695],[74.502,31.696],[74.503,31.699],[74.503,31.702],[74.5,31.708],[74.495,31.711],[74.488,31.715],[74.488,31.719],[74.49,31.722],[74.491,31.724],[74.496,31.726],[74.503,31.728],[74.504,31.735],[74.509,31.742],[74.511,31.741],[74.528,31.747],[74.538,31.748],[74.547,31.752],[74.554,31.755],[74.557,31.756],[74.559,31.758],[74.56,31.76],[74.56,31.764],[74.555,31.767],[74.556,31.77],[74.555,31.773],[74.553,31.776],[74.553,31.784],[74.555,31.789],[74.558,31.793],[74.563,31.795],[74.567,31.797],[74.561,31.802],[74.559,31.804],[74.558,31.805],[74.561,31.807],[74.565,31.809],[74.569,31.812],[74.572,31.818],[74.571,31.827],[74.571,31.836],[74.573,31.839],[74.577,31.844],[74.582,31.851],[74.591,31.849],[74.593,31.859],[74.596,31.866],[74.599,31.869],[74.605,31.868],[74.609,31.874],[74.61,31.878],[74.612,31.891],[74.624,31.884],[74.631,31.883],[74.637,31.886],[74.641,31.89],[74.645,31.895],[74.65,31.901],[74.655,31.9],[74.657,31.901],[74.658,31.905],[74.658,31.91],[74.663,31.914],[74.667,31.916],[74.668,31.918],[74.668,31.92],[74.67,31.922],[74.673,31.92],[74.676,31.923],[74.682,31.926],[74.691,31.926],[74.694,31.927],[74.699,31.926],[74.701,31.924],[74.709,31.923],[74.714,31.923],[74.719,31.924],[74.715,31.93],[74.715,31.936],[74.718,31.939],[74.72,31.94],[74.724,31.942],[74.731,31.941],[74.734,31.945],[74.741,31.941],[74.746,31.941],[74.75,31.942],[74.756,31.944],[74.755,31.955],[74.76,31.954],[74.767,31.949],[74.775,31.952],[74.789,31.957],[74.799,31.958],[74.803,31.96],[74.807,31.963],[74.815,31.961],[74.822,31.964],[74.828,31.974],[74.831,31.982],[74.83,31.987],[74.829,31.999],[74.847,32.008],[74.861,32.022],[74.865,32.03],[74.871,32.024],[74.88,32.032],[74.876,32.034],[74.874,32.039],[74.872,32.042],[74.873,32.044],[74.878,32.052],[74.883,32.053],[74.889,32.054],[74.891,32.055],[74.895,32.054],[74.899,32.051],[74.907,32.051],[74.913,32.054],[74.914,32.057],[74.918,32.058],[74.919,32.062],[74.923,32.064],[74.926,32.067],[74.932,32.066],[74.938,32.065],[74.942,32.064],[74.946,32.063],[74.95,32.062],[74.953,32.06],[74.962,32.057],[74.975,32.052],[74.972,32.043],[74.985,32.042],[74.994,32.042],[75.001,32.041],[75.004,32.04],[75.017,32.043],[75.018,32.044],[75.023,32.048],[75.029,32.05],[75.033,32.051],[75.034,32.049],[75.037,32.044],[75.042,32.043],[75.046,32.046],[75.051,32.051],[75.051,32.053],[75.058,32.053],[75.061,32.055],[75.064,32.058],[75.067,32.061],[75.066,32.065],[75.069,32.067],[75.07,32.065],[75.073,32.06],[75.077,32.059],[75.086,32.062],[75.09,32.069],[75.092,32.071],[75.099,32.063],[75.104,32.059],[75.106,32.061],[75.107,32.068],[75.113,32.073],[75.12,32.079],[75.143,32.08],[75.152,32.081],[75.159,32.081],[75.165,32.074],[75.17,32.07],[75.176,32.071],[75.178,32.074],[75.183,32.079],[75.193,32.083],[75.198,32.083],[75.197,32.085],[75.197,32.086],[75.197,32.089],[75.197,32.093],[75.198,32.098],[75.201,32.097],[75.204,32.099],[75.205,32.107],[75.203,32.117],[75.203,32.12],[75.21,32.12],[75.214,32.121],[75.217,32.118],[75.22,32.108],[75.218,32.103],[75.226,32.103],[75.235,32.103],[75.231,32.091],[75.242,32.094],[75.248,32.101],[75.257,32.102],[75.261,32.101],[75.265,32.105],[75.266,32.108],[75.264,32.112],[75.268,32.112],[75.274,32.114],[75.279,32.117],[75.281,32.123],[75.282,32.13],[75.279,32.135],[75.279,32.14],[75.284,32.146],[75.287,32.152],[75.296,32.153],[75.3,32.157],[75.304,32.165],[75.306,32.168],[75.311,32.171],[75.314,32.172],[75.317,32.175],[75.317,32.181],[75.318,32.188],[75.311,32.194],[75.312,32.199],[75.319,32.208],[75.328,32.215],[75.333,32.22],[75.337,32.22],[75.346,32.218],[75.349,32.218],[75.352,32.218],[75.357,32.218],[75.36,32.219],[75.366,32.22],[75.366,32.222],[75.369,32.226],[75.373,32.227],[75.373,32.23],[75.374,32.239],[75.374,32.241],[75.37,32.244],[75.371,32.249],[75.371,32.257],[75.371,32.259],[75.372,32.262],[75.373,32.267],[75.378,32.267],[75.379,32.267],[75.381,32.268],[75.378,32.273],[75.374,32.277],[75.373,32.279],[75.368,32.279],[75.36,32.279],[75.352,32.279],[75.347,32.279],[75.345,32.281],[75.348,32.286],[75.35,32.29],[75.343,32.292],[75.33,32.296],[75.322,32.3],[75.324,32.303],[75.329,32.306],[75.333,32.31],[75.331,32.312],[75.334,32.316],[75.337,32.319],[75.337,32.322],[75.333,32.326],[75.327,32.329],[75.326,32.334],[75.325,32.34],[75.321,32.344],[75.314,32.344],[75.307,32.344],[75.302,32.345],[75.299,32.348],[75.3,32.351],[75.299,32.354],[75.297,32.354],[75.294,32.355],[75.292,32.355],[75.289,32.356],[75.289,32.357],[75.289,32.358],[75.289,32.358],[75.289,32.359],[75.288,32.359],[75.288,32.36],[75.288,32.36],[75.287,32.36],[75.287,32.361],[75.287,32.361],[75.287,32.361],[75.287,32.362],[75.287,32.362],[75.287,32.363],[75.289,32.367],[75.287,32.371],[75.275,32.375],[75.268,32.373],[75.263,32.372],[75.258,32.373],[75.257,32.376],[75.255,32.379],[75.255,32.383],[75.257,32.387],[75.257,32.389],[75.248,32.388],[75.244,32.386],[75.238,32.387],[75.227,32.393],[75.221,32.399],[75.213,32.403],[75.21,32.397],[75.198,32.398],[75.193,32.404],[75.193,32.41],[75.196,32.411],[75.201,32.414],[75.2,32.417],[75.201,32.421],[75.198,32.422],[75.194,32.423],[75.192,32.425],[75.189,32.426],[75.185,32.426],[75.181,32.425],[75.171,32.422],[75.163,32.42],[75.154,32.421],[75.149,32.418],[75.142,32.413],[75.133,32.409],[75.132,32.413],[75.128,32.417],[75.128,32.423],[75.132,32.426],[75.129,32.432],[75.125,32.437],[75.119,32.445],[75.121,32.455],[75.111,32.459],[75.111,32.464],[75.111,32.467],[75.109,32.472],[75.105,32.476],[75.098,32.477],[75.092,32.469],[75.084,32.469],[75.072,32.479],[75.065,32.479],[75.056,32.481],[75.051,32.485],[75.046,32.487],[75.043,32.486],[75.039,32.489],[75.035,32.491],[75.028,32.496],[75.016,32.477],[75.019,32.469],[75.019,32.467],[75.013,32.465],[75.01,32.463],[75.008,32.463],[75.008,32.463],[75.001,32.456],[74.996,32.455],[74.994,32.453],[74.991,32.452],[74.988,32.453],[74.985,32.452],[74.974,32.456],[74.97,32.459],[74.966,32.458],[74.959,32.453],[74.954,32.451],[74.952,32.447],[74.949,32.447],[74.946,32.449],[74.944,32.451],[74.943,32.453],[74.943,32.458],[74.942,32.461],[74.939,32.466],[74.938,32.472],[74.934,32.472],[74.93,32.471],[74.922,32.466],[74.919,32.465],[74.915,32.466],[74.912,32.469],[74.907,32.472],[74.903,32.47],[74.9,32.467],[74.886,32.474],[74.882,32.475],[74.881,32.476],[74.881,32.477],[74.879,32.478],[74.878,32.477],[74.877,32.479],[74.881,32.486],[74.882,32.492],[74.869,32.486],[74.868,32.486],[74.868,32.485],[74.867,32.485],[74.867,32.486],[74.865,32.487],[74.864,32.488],[74.863,32.489],[74.861,32.491],[74.859,32.493],[74.856,32.494],[74.854,32.494],[74.854,32.493],[74.853,32.492],[74.851,32.492],[74.849,32.492],[74.849,32.491],[74.848,32.49],[74.846,32.49],[74.845,32.491],[74.846,32.492],[74.845,32.493],[74.844,32.492],[74.843,32.493],[74.842,32.493],[74.841,32.493],[74.839,32.494],[74.839,32.495],[74.837,32.496],[74.835,32.497],[74.835,32.496],[74.835,32.495],[74.835,32.494],[74.834,32.495],[74.833,32.496],[74.832,32.495],[74.83,32.495],[74.828,32.496],[74.826,32.496],[74.823,32.496],[74.822,32.497],[74.82,32.499],[74.819,32.498],[74.817,32.493],[74.814,32.486],[74.811,32.481],[74.803,32.483],[74.8,32.479],[74.791,32.478],[74.783,32.48],[74.778,32.481],[74.774,32.482],[74.768,32.482],[74.762,32.482],[74.755,32.483],[74.753,32.478],[74.749,32.479],[74.743,32.479],[74.738,32.48],[74.734,32.481],[74.731,32.481],[74.728,32.479],[74.727,32.476],[74.725,32.476],[74.721,32.476],[74.717,32.477],[74.714,32.478],[74.712,32.481],[74.714,32.485],[74.714,32.488],[74.712,32.49],[74.708,32.493],[74.706,32.493],[74.703,32.493],[74.699,32.491],[74.697,32.489],[74.695,32.488],[74.69,32.487],[74.688,32.487],[74.687,32.489],[74.686,32.491],[74.683,32.492],[74.682,32.494],[74.683,32.496],[74.685,32.499],[74.686,32.501],[74.686,32.504],[74.686,32.507],[74.684,32.508],[74.683,32.512],[74.684,32.516],[74.686,32.518],[74.69,32.523],[74.691,32.527],[74.691,32.533],[74.688,32.535],[74.685,32.536],[74.679,32.537],[74.675,32.538],[74.67,32.54],[74.666,32.542],[74.663,32.545],[74.661,32.55],[74.661,32.552],[74.661,32.554],[74.667,32.553],[74.671,32.553],[74.673,32.553],[74.674,32.557],[74.674,32.561],[74.674,32.564],[74.673,32.568],[74.672,32.569],[74.669,32.568],[74.668,32.568],[74.668,32.567],[74.667,32.567],[74.666,32.566],[74.666,32.565],[74.665,32.565],[74.663,32.564],[74.662,32.564],[74.662,32.564],[74.661,32.564],[74.66,32.565],[74.659,32.565],[74.658,32.565],[74.657,32.565],[74.656,32.565],[74.655,32.564],[74.654,32.564],[74.653,32.563],[74.652,32.563],[74.652,32.565],[74.652,32.569],[74.652,32.573],[74.654,32.577],[74.654,32.581],[74.65,32.583],[74.649,32.587],[74.651,32.59],[74.654,32.59],[74.656,32.592],[74.659,32.596],[74.654,32.599],[74.651,32.598],[74.646,32.598],[74.644,32.599],[74.642,32.602],[74.639,32.606],[74.64,32.609],[74.64,32.611],[74.639,32.613],[74.64,32.615],[74.648,32.614],[74.654,32.615],[74.655,32.62],[74.656,32.628],[74.653,32.631],[74.654,32.632],[74.655,32.633],[74.655,32.633],[74.656,32.633],[74.655,32.637],[74.662,32.635],[74.667,32.639],[74.67,32.642],[74.672,32.646],[74.673,32.647],[74.676,32.649],[74.679,32.65],[74.68,32.652],[74.687,32.652],[74.691,32.654],[74.693,32.657],[74.695,32.662],[74.693,32.666],[74.684,32.67],[74.681,32.671],[74.666,32.677],[74.662,32.684],[74.659,32.689],[74.654,32.697],[74.655,32.701],[74.657,32.705],[74.658,32.712],[74.657,32.715],[74.659,32.718],[74.662,32.722],[74.664,32.725],[74.662,32.727],[74.656,32.729],[74.66,32.734],[74.663,32.739],[74.665,32.745],[74.667,32.747],[74.669,32.749],[74.672,32.753],[74.674,32.756],[74.675,32.758],[74.677,32.763],[74.677,32.767],[74.677,32.769],[74.678,32.772],[74.68,32.774],[74.682,32.778],[74.683,32.782],[74.685,32.788],[74.689,32.795],[74.694,32.802],[74.696,32.81],[74.698,32.813],[74.702,32.814],[74.704,32.817],[74.705,32.819],[74.705,32.822],[74.705,32.828],[74.705,32.833],[74.705,32.838],[74.701,32.841],[74.693,32.84],[74.688,32.838],[74.685,32.837],[74.681,32.836],[74.677,32.832],[74.672,32.828],[74.668,32.825],[74.662,32.825],[74.659,32.829],[74.655,32.829],[74.651,32.826],[74.643,32.82],[74.639,32.816],[74.637,32.813],[74.635,32.81],[74.635,32.806],[74.637,32.803],[74.639,32.799],[74.643,32.796],[74.648,32.794],[74.655,32.789],[74.658,32.787],[74.655,32.783],[74.652,32.781],[74.648,32.781],[74.642,32.782],[74.637,32.78],[74.632,32.776],[74.632,32.772],[74.631,32.769],[74.631,32.767],[74.633,32.764],[74.636,32.76],[74.638,32.758],[74.639,32.756],[74.638,32.752],[74.637,32.752],[74.636,32.751],[74.633,32.752],[74.63,32.754],[74.626,32.756],[74.624,32.757],[74.621,32.76],[74.614,32.76],[74.612,32.758],[74.607,32.758],[74.602,32.757],[74.601,32.757],[74.597,32.757],[74.595,32.756],[74.593,32.756],[74.591,32.752],[74.589,32.751],[74.584,32.754],[74.58,32.75],[74.578,32.75],[74.576,32.75],[74.575,32.757],[74.57,32.759],[74.566,32.76],[74.561,32.759],[74.556,32.759],[74.554,32.757],[74.552,32.754],[74.548,32.749],[74.545,32.746],[74.544,32.745],[74.543,32.751],[74.541,32.75],[74.538,32.75],[74.537,32.748],[74.536,32.747],[74.534,32.745],[74.532,32.745],[74.529,32.746],[74.525,32.748],[74.52,32.748],[74.515,32.744],[74.511,32.746],[74.511,32.75],[74.512,32.752],[74.515,32.757],[74.511,32.764],[74.507,32.766],[74.503,32.766],[74.494,32.766],[74.484,32.769],[74.472,32.777],[74.47,32.776],[74.467,32.776],[74.46,32.789],[74.447,32.799],[74.44,32.792],[74.43,32.783],[74.411,32.772],[74.389,32.767],[74.368,32.772],[74.357,32.778],[74.349,32.785],[74.325,32.814],[74.275,32.838],[74.202,32.872],[74.202,32.873],[74.173,32.883],[74.14,32.899],[74.109,32.913],[74.083,32.928],[74.036,32.938],[74.028,32.942],[73.972,32.982],[73.948,33.016],[73.904,33.039],[73.878,33.035],[73.816,33.01],[73.816,33.01],[73.816,33.01],[73.774,33.023],[73.763,33.035],[73.746,33.056],[73.72,33.067],[73.696,33.073],[73.667,33.078],[73.648,33.084],[73.636,33.092],[73.624,33.114],[73.638,33.139],[73.671,33.157],[73.662,33.221],[73.646,33.231],[73.625,33.255],[73.611,33.301],[73.607,33.336],[73.597,33.341],[73.592,33.413],[73.63,33.456],[73.612,33.492],[73.616,33.514],[73.634,33.526],[73.626,33.555],[73.628,33.568],[73.608,33.595],[73.602,33.606],[73.572,33.63],[73.577,33.667],[73.601,33.699],[73.601,33.72],[73.584,33.764],[73.581,33.77],[73.578,33.774],[73.574,33.78],[73.57,33.787],[73.568,33.794],[73.567,33.798],[73.568,33.801],[73.57,33.806],[73.571,33.81],[73.572,33.814],[73.573,33.817],[73.574,33.821],[73.576,33.827],[73.579,33.832],[73.579,33.835],[73.58,33.837],[73.582,33.842],[73.587,33.853],[73.592,33.863],[73.593,33.879],[73.594,33.894],[73.59,33.902],[73.585,33.91],[73.576,33.916],[73.566,33.925],[73.561,33.931],[73.553,33.942],[73.545,33.952],[73.542,33.96],[73.536,33.974],[73.527,33.994],[73.501,34.018],[73.515,34.037],[73.503,34.089],[73.495,34.135],[73.491,34.229],[73.488,34.279],[73.47,34.28],[73.451,34.305],[73.425,34.343],[73.401,34.371],[73.398,34.378],[73.421,34.399],[73.429,34.42],[73.429,34.469],[73.443,34.495],[73.438,34.529],[73.452,34.567],[73.48,34.571],[73.509,34.573],[73.549,34.578],[73.568,34.588],[73.591,34.585],[73.628,34.577],[73.655,34.562],[73.663,34.59],[73.693,34.639],[73.664,34.663],[73.687,34.692],[73.716,34.745],[73.744,34.773],[73.795,34.79],[73.816,34.793],[73.861,34.812],[73.898,34.82],[73.934,34.817],[73.978,34.866],[74.004,34.869],[74.029,34.877],[74.064,34.931],[74.06,34.982],[74.097,35.001],[74.083,35.037],[74.119,35.101],[74.113,35.134],[74.112,35.153],[74.066,35.153],[74.008,35.171],[73.958,35.165],[73.958,35.165],[73.899,35.211],[73.847,35.226],[73.785,35.234],[73.75,35.221],[73.735,35.26],[73.711,35.281],[73.708,35.305],[73.693,35.339],[73.701,35.353],[73.699,35.372],[73.746,35.429],[73.757,35.444],[73.786,35.463],[73.783,35.497],[73.751,35.524],[73.693,35.531],[73.635,35.537],[73.586,35.541],[73.552,35.541],[73.538,35.541],[73.482,35.541],[73.418,35.525],[73.405,35.53],[73.402,35.541],[73.402,35.555],[73.376,35.597],[73.353,35.622],[73.333,35.654],[73.32,35.663],[73.266,35.667],[73.24,35.658],[73.219,35.669],[73.192,35.677],[73.135,35.715],[73.115,35.74],[73.112,35.759],[73.12,35.765],[73.158,35.762],[73.182,35.781],[73.198,35.801],[73.201,35.818],[73.19,35.846],[73.134,35.845],[73.092,35.876],[73.067,35.862],[73.048,35.85],[73.015,35.849],[72.982,35.861],[72.938,35.846],[72.891,35.853],[72.874,35.876],[72.819,35.888],[72.809,35.862],[72.79,35.852],[72.784,35.848],[72.761,35.841],[72.738,35.835],[72.718,35.829],[72.698,35.824],[72.67,35.822],[72.634,35.837],[72.596,35.845],[72.568,35.852],[72.563,35.863],[72.544,35.886],[72.53,35.896],[72.518,35.901],[72.51,35.902],[72.535,35.948],[72.568,36.012],[72.543,36.048],[72.53,36.061],[72.524,36.112],[72.543,36.165],[72.541,36.19],[72.54,36.192],[72.542,36.208],[72.572,36.256],[72.652,36.264],[72.668,36.266],[72.694,36.287],[72.708,36.301],[72.739,36.319],[72.75,36.323],[72.818,36.365],[72.871,36.452],[72.938,36.473],[72.967,36.477],[72.979,36.51],[73.043,36.552],[73.075,36.609],[73.049,36.685],[73.125,36.711],[73.18,36.726],[73.293,36.729],[73.43,36.751],[73.569,36.736],[73.673,36.71],[73.715,36.725],[73.81,36.716],[73.859,36.723],[73.868,36.755],[73.805,36.808],[73.748,36.842],[73.663,36.896],[73.651,36.916],[73.729,36.91],[73.801,36.9],[73.89,36.886],[73.975,36.841],[74.041,36.834],[74.115,36.852],[74.151,36.918],[74.324,36.945],[74.501,37.009],[74.548,36.968],[74.601,37.05],[74.704,37.098],[74.781,37.034],[74.841,37.066],[74.861,37.008],[74.902,36.941],[74.939,36.948],[74.979,37.004],[75.033,37.026],[75.085,37.015],[75.146,37.034],[75.201,36.985],[75.26,36.974],[75.34,36.972],[75.394,36.965],[75.401,36.938],[75.432,36.85],[75.46,36.73],[75.504,36.749],[75.535,36.774],[75.571,36.78],[75.633,36.78],[75.719,36.755],[75.811,36.708],[75.941,36.606],[75.96,36.539],[76.008,36.48],[76.239,36.32],[76.568,36.19],[76.779,35.98],[77.069,35.78],[77.349,35.72],[77.51873419405028,35.48565732389375]]],[[[93.84583282500006,7.244555475000027],[93.848,7.243],[93.858,7.239],[93.857,7.219],[93.863,7.211],[93.872,7.211],[93.884,7.203],[93.894,7.202],[93.894,7.186],[93.889,7.178],[93.894,7.166],[93.895,7.14],[93.896,7.12],[93.903,7.117],[93.895,7.099],[93.897,7.088],[93.908,7.08],[93.917,7.069],[93.924,7.054],[93.922,7.043],[93.922,7.034],[93.936,7.028],[93.951,7.01],[93.963,7.003],[93.948,6.998],[93.942,7.007],[93.931,7.003],[93.935,6.988],[93.941,6.977],[93.946,6.968],[93.957,6.959],[93.936,6.952],[93.927,6.934],[93.921,6.919],[93.919,6.906],[93.911,6.9],[93.909,6.888],[93.91,6.871],[93.905,6.86],[93.909,6.842],[93.916,6.838],[93.925,6.837],[93.923,6.828],[93.917,6.816],[93.9,6.8],[93.891,6.798],[93.883,6.813],[93.868,6.815],[93.863,6.805],[93.86,6.792],[93.86,6.783],[93.858,6.773],[93.854,6.762],[93.847,6.755],[93.836,6.755],[93.825,6.761],[93.82,6.768],[93.828,6.781],[93.83,6.796],[93.825,6.804],[93.828,6.818],[93.824,6.817],[93.811,6.822],[93.803,6.841],[93.81,6.85],[93.8,6.857],[93.792,6.868],[93.793,6.881],[93.795,6.885],[93.795,6.892],[93.785,6.891],[93.777,6.907],[93.774,6.92],[93.764,6.907],[93.758,6.918],[93.758,6.93],[93.759,6.941],[93.755,6.957],[93.743,6.957],[93.742,6.969],[93.737,6.975],[93.732,6.988],[93.723,6.999],[93.71,7.0],[93.706,7.017],[93.695,7.022],[93.683,7.015],[93.673,7.014],[93.675,7.024],[93.676,7.037],[93.673,7.051],[93.67,7.065],[93.667,7.077],[93.665,7.088],[93.663,7.106],[93.675,7.116],[93.665,7.117],[93.66,7.128],[93.672,7.136],[93.683,7.153],[93.684,7.162],[93.685,7.184],[93.7,7.19],[93.723,7.192],[93.738,7.19],[93.752,7.205],[93.757,7.202],[93.76,7.214],[93.771,7.21],[93.782,7.214],[93.8,7.213],[93.81,7.207],[93.812,7.215],[93.815,7.227],[93.812,7.235],[93.822,7.236],[93.837,7.237],[93.84583282500006,7.244555475000027]]],[[[93.73622131300004,7.423250200000041],[93.736,7.412],[93.739,7.403],[93.747,7.395],[93.764,7.388],[93.775,7.38],[93.775,7.367],[93.766,7.363],[93.763,7.353],[93.755,7.334],[93.748,7.324],[93.739,7.312],[93.73,7.31],[93.717,7.296],[93.699,7.29],[93.689,7.273],[93.679,7.258],[93.664,7.248],[93.649,7.263],[93.647,7.278],[93.651,7.297],[93.638,7.308],[93.65,7.318],[93.653,7.333],[93.646,7.346],[93.646,7.357],[93.648,7.372],[93.656,7.37],[93.67,7.372],[93.685,7.374],[93.696,7.385],[93.712,7.391],[93.722,7.389],[93.722,7.398],[93.719,7.407],[93.723,7.419],[93.721,7.43],[93.719,7.439],[93.727,7.437],[93.735,7.428],[93.73622131300004,7.423250200000041]]],[[[93.37750244100005,8.021249772000033],[93.382,8.019],[93.404,8.006],[93.397,7.989],[93.4,7.968],[93.412,7.957],[93.427,7.965],[93.434,7.955],[93.455,7.932],[93.46,7.92],[93.462,7.905],[93.468,7.89],[93.465,7.877],[93.452,7.87],[93.443,7.885],[93.427,7.898],[93.412,7.899],[93.398,7.895],[93.385,7.883],[93.372,7.878],[93.365,7.88],[93.353,7.883],[93.34,7.889],[93.342,7.905],[93.348,7.923],[93.35,7.926],[93.358,7.933],[93.354,7.936],[93.349,7.937],[93.345,7.937],[93.345,7.932],[93.336,7.929],[93.325,7.919],[93.317,7.929],[93.311,7.947],[93.314,7.964],[93.32,7.994],[93.343,8.011],[93.354,8.005],[93.372,8.02],[93.37750244100005,8.021249772000033]]],[[[93.56749725300006,8.026194572000065],[93.569,8.025],[93.58,8.013],[93.592,7.989],[93.595,7.972],[93.593,7.966],[93.595,7.955],[93.595,7.942],[93.591,7.929],[93.578,7.935],[93.562,7.948],[93.552,7.958],[93.536,7.969],[93.52,7.987],[93.525,7.999],[93.537,8.001],[93.544,8.023],[93.552,8.014],[93.557,8.002],[93.562,7.996],[93.565,8.003],[93.56,8.017],[93.557,8.024],[93.56749725300006,8.026194572000065]]],[[[93.59788513200004,8.112500192000027],[93.598,8.109],[93.598,8.1],[93.594,8.095],[93.605,8.071],[93.61,8.057],[93.607,8.038],[93.598,8.045],[93.591,8.06],[93.585,8.075],[93.585,8.09],[93.585,8.108],[93.577,8.109],[93.573,8.119],[93.591,8.127],[93.59788513200004,8.112500192000027]]],[[[93.53747558600008,8.236222267000073],[93.538,8.235],[93.555,8.226],[93.555,8.203],[93.55,8.188],[93.544,8.183],[93.527,8.175],[93.515,8.166],[93.514,8.152],[93.514,8.147],[93.522,8.14],[93.528,8.131],[93.534,8.122],[93.534,8.115],[93.54,8.102],[93.552,8.092],[93.559,8.083],[93.561,8.067],[93.562,8.056],[93.561,8.037],[93.551,8.04],[93.542,8.045],[93.54,8.035],[93.53,8.033],[93.519,8.027],[93.52,8.015],[93.52,8.005],[93.508,7.999],[93.499,8.015],[93.497,8.039],[93.508,8.04],[93.518,8.039],[93.518,8.052],[93.52,8.057],[93.521,8.066],[93.525,8.057],[93.528,8.048],[93.539,8.052],[93.541,8.062],[93.549,8.066],[93.535,8.068],[93.545,8.078],[93.535,8.08],[93.529,8.082],[93.525,8.074],[93.517,8.067],[93.507,8.064],[93.504,8.052],[93.496,8.056],[93.492,8.076],[93.492,8.086],[93.501,8.089],[93.49,8.09],[93.48,8.105],[93.477,8.122],[93.475,8.136],[93.469,8.145],[93.465,8.171],[93.472,8.183],[93.486,8.191],[93.499,8.202],[93.5,8.215],[93.505,8.228],[93.516,8.233],[93.53747558600008,8.236222267000073]]],[[[93.25455475000007,8.234167100000036],[93.255,8.233],[93.255,8.22],[93.235,8.232],[93.226,8.241],[93.225,8.252],[93.232,8.261],[93.245,8.259],[93.252,8.245],[93.25455475000007,8.234167100000036]]],[[[73.06080627400007,8.277916909000055],[73.054,8.271],[73.033,8.264],[73.018,8.271],[73.022,8.272],[73.031,8.271],[73.044,8.273],[73.057,8.283],[73.07,8.31],[73.078,8.324],[73.075,8.315],[73.068,8.302],[73.067,8.283],[73.06080627400007,8.277916909000055]]],[[[93.13085937500006,8.35455513100004],[93.132,8.353],[93.149,8.345],[93.144,8.323],[93.136,8.312],[93.135,8.305],[93.132,8.287],[93.136,8.269],[93.148,8.257],[93.163,8.242],[93.183,8.235],[93.21,8.217],[93.206,8.199],[93.197,8.195],[93.187,8.196],[93.173,8.201],[93.162,8.205],[93.148,8.217],[93.132,8.223],[93.119,8.231],[93.113,8.241],[93.104,8.252],[93.091,8.278],[93.09,8.297],[93.092,8.312],[93.1,8.328],[93.107,8.347],[93.122,8.35],[93.13085937500006,8.35455513100004]]],[[[93.07913970900006,8.428777694000075],[93.077,8.429],[93.06,8.441],[93.063,8.457],[93.08,8.45],[93.07913970900006,8.428777694000075]]],[[[93.62789154100005,8.52913856500004],[93.632,8.525],[93.644,8.515],[93.641,8.505],[93.644,8.489],[93.645,8.475],[93.645,8.462],[93.639,8.461],[93.63,8.454],[93.633,8.426],[93.627,8.422],[93.625,8.434],[93.624,8.454],[93.628,8.467],[93.626,8.479],[93.63,8.496],[93.629,8.521],[93.62,8.532],[93.618,8.564],[93.623,8.569],[93.625,8.538],[93.62789154100005,8.52913856500004]]],[[[92.78035736100009,9.246722223000063],[92.781,9.245],[92.789,9.24],[92.802,9.23],[92.812,9.222],[92.82,9.207],[92.825,9.184],[92.829,9.168],[92.829,9.138],[92.82,9.13],[92.814,9.126],[92.795,9.116],[92.781,9.12],[92.769,9.125],[92.747,9.123],[92.733,9.125],[92.723,9.138],[92.719,9.15],[92.721,9.178],[92.722,9.189],[92.72,9.211],[92.74,9.213],[92.752,9.214],[92.765,9.218],[92.77,9.233],[92.775,9.243],[92.777,9.255],[92.78035736100009,9.246722223000063]]],[[[72.28163909900007,10.032083513000032],[72.28,10.032],[72.279,10.046],[72.285,10.036],[72.28163909900007,10.032083513000032]]],[[[73.64871978800005,10.070860864000053],[73.65,10.07],[73.642,10.055],[73.635,10.069],[73.642,10.072],[73.647,10.084],[73.652,10.096],[73.65,10.083],[73.64871978800005,10.070860864000053]]],[[[73.66244506800007,10.127916336000055],[73.661,10.128],[73.663,10.143],[73.66,10.153],[73.665,10.146],[73.664,10.129],[73.66244506800007,10.127916336000055]]],[[[72.61003112800006,10.55872249600003],[72.606,10.556],[72.59,10.543],[72.586,10.546],[72.595,10.554],[72.605,10.569],[72.619,10.571],[72.61003112800006,10.55872249600003]]],[[[72.52913665700004,10.785416604000034],[72.531,10.781],[72.522,10.775],[72.522,10.785],[72.52913665700004,10.785416604000034]]],[[[73.67580413800005,10.816222192000055],[73.677,10.815],[73.688,10.816],[73.702,10.815],[73.691,10.808],[73.676,10.802],[73.66,10.809],[73.668,10.817],[73.67580413800005,10.816222192000055]]],[[[72.19999694800003,10.881250383000065],[72.2,10.877],[72.199,10.864],[72.195,10.852],[72.188,10.846],[72.176,10.85],[72.175,10.859],[72.181,10.875],[72.191,10.878],[72.19999694800003,10.881250383000065]]],[[[92.54914093000008,10.880389213000058],[92.547,10.88],[92.545,10.865],[92.556,10.863],[92.55,10.87],[92.562,10.877],[92.589,10.853],[92.585,10.84],[92.586,10.827],[92.593,10.812],[92.591,10.798],[92.592,10.788],[92.58,10.791],[92.568,10.797],[92.572,10.792],[92.586,10.789],[92.595,10.779],[92.603,10.766],[92.597,10.785],[92.604,10.784],[92.615,10.772],[92.622,10.762],[92.62,10.751],[92.619,10.736],[92.617,10.715],[92.62,10.705],[92.619,10.685],[92.62,10.673],[92.613,10.662],[92.598,10.659],[92.595,10.641],[92.582,10.637],[92.57,10.63],[92.559,10.616],[92.548,10.59],[92.557,10.577],[92.571,10.578],[92.578,10.568],[92.567,10.558],[92.552,10.542],[92.547,10.531],[92.542,10.518],[92.533,10.51],[92.518,10.508],[92.507,10.507],[92.495,10.509],[92.476,10.517],[92.457,10.534],[92.448,10.538],[92.431,10.544],[92.418,10.539],[92.408,10.531],[92.387,10.527],[92.384,10.537],[92.391,10.55],[92.403,10.572],[92.411,10.592],[92.416,10.609],[92.413,10.639],[92.404,10.65],[92.397,10.653],[92.386,10.665],[92.388,10.698],[92.385,10.727],[92.385,10.742],[92.384,10.772],[92.39,10.797],[92.4,10.794],[92.408,10.789],[92.423,10.805],[92.431,10.816],[92.435,10.826],[92.449,10.832],[92.465,10.845],[92.467,10.86],[92.49,10.875],[92.513,10.888],[92.517,10.877],[92.512,10.868],[92.522,10.87],[92.517,10.88],[92.52,10.895],[92.536,10.898],[92.55,10.886],[92.54914093000008,10.880389213000058]]],[[[72.28830719100006,10.934583665000048],[72.285,10.935],[72.291,10.945],[72.28830719100006,10.934583665000048]]],[[[72.72080230700004,11.112889291000045],[72.72,11.113],[72.723,11.131],[72.735,11.135],[72.729,11.119],[72.72080230700004,11.112889291000045]]],[[[72.77872467000003,11.190805435000073],[72.777,11.189],[72.78,11.199],[72.783,11.211],[72.789,11.229],[72.79,11.239],[72.799,11.253],[72.808,11.264],[72.81,11.244],[72.802,11.235],[72.794,11.22],[72.787,11.209],[72.782,11.197],[72.77872467000003,11.190805435000073]]],[[[92.70083618300004,11.235416412000063],[92.698,11.235],[92.7,11.248],[92.703,11.258],[92.701,11.277],[92.712,11.285],[92.715,11.267],[92.717,11.259],[92.709,11.249],[92.70083618300004,11.235416412000063]]],[[[92.72497558600008,11.306249618000038],[92.721,11.304],[92.711,11.301],[92.712,11.305],[92.722,11.315],[92.727,11.327],[92.734,11.322],[92.728,11.31],[92.72497558600008,11.306249618000038]]],[[[73.00244140700005,11.497056009000062],[73.003,11.496],[73.011,11.485],[73.013,11.47],[73.007,11.473],[73.005,11.487],[72.999,11.496],[73.00244140700005,11.497056009000062]]],[[[92.66080474800003,11.493721963000041],[92.662,11.492],[92.673,11.488],[92.675,11.474],[92.685,11.468],[92.686,11.456],[92.689,11.443],[92.693,11.428],[92.692,11.42],[92.68,11.42],[92.667,11.409],[92.655,11.405],[92.666,11.403],[92.674,11.4],[92.674,11.39],[92.679,11.395],[92.686,11.389],[92.698,11.383],[92.7,11.373],[92.692,11.361],[92.683,11.359],[92.673,11.354],[92.662,11.353],[92.654,11.35],[92.645,11.343],[92.624,11.344],[92.608,11.341],[92.595,11.351],[92.589,11.362],[92.6,11.377],[92.596,11.396],[92.608,11.397],[92.619,11.395],[92.63,11.413],[92.628,11.427],[92.624,11.445],[92.62,11.465],[92.621,11.477],[92.624,11.488],[92.636,11.501],[92.648,11.508],[92.655,11.501],[92.66080474800003,11.493721963000041]]],[[[92.56625366200007,11.534138679000023],[92.566,11.532],[92.575,11.521],[92.575,11.511],[92.559,11.521],[92.556,11.534],[92.567,11.537],[92.56625366200007,11.534138679000023]]],[[[92.62119293200004,11.553333284000075],[92.622,11.551],[92.629,11.552],[92.626,11.541],[92.626,11.533],[92.615,11.529],[92.61,11.546],[92.615,11.55],[92.62119293200004,11.553333284000075]]],[[[92.60375213600008,11.535805702000062],[92.603,11.527],[92.596,11.532],[92.595,11.541],[92.595,11.552],[92.595,11.57],[92.601,11.573],[92.605,11.557],[92.604,11.543],[92.60375213600008,11.535805702000062]]],[[[92.61869812000003,11.583305359000065],[92.619,11.581],[92.625,11.565],[92.618,11.562],[92.608,11.571],[92.607,11.584],[92.61869812000003,11.583305359000065]]],[[[92.23288726900006,11.587499618000038],[92.233,11.586],[92.243,11.587],[92.263,11.587],[92.275,11.585],[92.282,11.571],[92.281,11.553],[92.286,11.538],[92.281,11.519],[92.269,11.516],[92.257,11.521],[92.24,11.525],[92.232,11.526],[92.221,11.536],[92.22,11.549],[92.224,11.566],[92.217,11.58],[92.211,11.583],[92.225,11.59],[92.23288726900006,11.587499618000038]]],[[[92.54750061000004,11.604583740000066],[92.551,11.599],[92.556,11.593],[92.562,11.587],[92.576,11.587],[92.573,11.58],[92.566,11.566],[92.564,11.557],[92.557,11.559],[92.549,11.559],[92.544,11.552],[92.541,11.559],[92.543,11.572],[92.542,11.587],[92.542,11.6],[92.54750061000004,11.604583740000066]]],[[[72.19413757300003,11.591221810000036],[72.189,11.59],[72.184,11.598],[72.187,11.606],[72.195,11.601],[72.198,11.593],[72.19413757300003,11.591221810000036]]],[[[72.69333648600008,11.680388451000056],[72.69,11.68],[72.693,11.688],[72.7,11.7],[72.69333648600008,11.680388451000056]]],[[[93.02419281000005,11.847916603000044],[93.025,11.847],[93.033,11.844],[93.047,11.839],[93.06,11.84],[93.074,11.842],[93.074,11.825],[93.067,11.81],[93.048,11.814],[93.037,11.823],[93.023,11.827],[93.02,11.841],[93.02419281000005,11.847916603000044]]],[[[92.76580810600007,11.967082977000075],[92.77,11.965],[92.778,11.948],[92.767,11.945],[92.753,11.944],[92.746,11.952],[92.752,11.961],[92.764,11.967],[92.76580810600007,11.967082977000075]]],[[[92.97544097900004,12.033249856000054],[92.977,12.032],[92.983,12.032],[92.988,12.039],[93.006,12.032],[93.016,12.017],[93.015,12.007],[93.021,11.987],[93.027,11.973],[93.037,11.953],[93.049,11.943],[93.05,11.927],[93.054,11.917],[93.061,11.901],[93.054,11.885],[93.031,11.887],[93.025,11.905],[93.019,11.914],[93.015,11.926],[93.003,11.942],[93.015,11.942],[93.027,11.938],[93.033,11.931],[93.021,11.941],[93.015,11.945],[93.019,11.955],[93.016,11.965],[93.012,11.968],[93.002,11.978],[93.01,11.964],[93.016,11.958],[93.009,11.95],[93.004,11.958],[93.0,11.964],[92.995,11.971],[92.995,11.963],[93.002,11.953],[92.992,11.947],[92.989,11.944],[92.977,11.952],[92.97,11.971],[92.957,11.984],[92.937,11.987],[92.934,12.0],[92.953,12.008],[92.96,12.023],[92.968,12.04],[92.975,12.044],[92.97544097900004,12.033249856000054]]],[[[93.00583648700007,12.102916717000028],[93.009,12.1],[93.004,12.086],[93.005,12.072],[93.005,12.052],[93.002,12.045],[92.991,12.05],[92.989,12.054],[92.978,12.057],[92.97,12.07],[92.97,12.081],[92.977,12.089],[92.968,12.094],[92.971,12.105],[92.977,12.101],[92.987,12.104],[93.001,12.107],[93.00583648700007,12.102916717000028]]],[[[92.97544097900004,12.147417068000038],[92.977,12.145],[92.984,12.145],[92.996,12.144],[93.004,12.134],[93.001,12.119],[92.992,12.112],[92.98,12.113],[92.973,12.115],[92.965,12.134],[92.971,12.15],[92.97544097900004,12.147417068000038]]],[[[93.03211212100007,12.147472383000036],[93.033,12.141],[93.026,12.14],[93.04,12.126],[93.039,12.113],[93.04,12.104],[93.052,12.085],[93.059,12.069],[93.056,12.058],[93.054,12.047],[93.042,12.053],[93.036,12.064],[93.029,12.07],[93.015,12.078],[93.015,12.089],[93.015,12.099],[93.013,12.12],[93.01,12.135],[93.016,12.151],[93.029,12.157],[93.036,12.163],[93.03211212100007,12.147472383000036]]],[[[93.07917022700008,12.208722114000068],[93.081,12.208],[93.091,12.196],[93.092,12.188],[93.094,12.18],[93.1,12.177],[93.098,12.167],[93.092,12.152],[93.099,12.148],[93.099,12.136],[93.095,12.118],[93.097,12.107],[93.095,12.095],[93.081,12.082],[93.073,12.089],[93.058,12.107],[93.06,12.115],[93.048,12.123],[93.047,12.144],[93.05,12.156],[93.055,12.173],[93.063,12.188],[93.065,12.199],[93.079,12.211],[93.07917022700008,12.208722114000068]]],[[[92.94163513200004,12.192028046000075],[92.94,12.192],[92.931,12.206],[92.935,12.22],[92.95,12.215],[92.945,12.202],[92.94163513200004,12.192028046000075]]],[[[92.70955657900004,12.227416993000077],[92.711,12.226],[92.715,12.219],[92.715,12.196],[92.717,12.188],[92.717,12.176],[92.707,12.167],[92.719,12.171],[92.727,12.177],[92.736,12.178],[92.755,12.175],[92.761,12.177],[92.762,12.162],[92.758,12.144],[92.754,12.131],[92.753,12.116],[92.742,12.102],[92.744,12.081],[92.744,12.067],[92.747,12.055],[92.734,12.05],[92.721,12.051],[92.712,12.051],[92.719,12.043],[92.728,12.045],[92.739,12.054],[92.75,12.052],[92.748,12.062],[92.762,12.052],[92.767,12.046],[92.772,12.045],[92.789,12.05],[92.798,12.051],[92.787,12.04],[92.784,12.029],[92.772,12.021],[92.76,12.032],[92.748,12.031],[92.744,12.028],[92.743,12.024],[92.748,12.02],[92.748,12.012],[92.759,12.014],[92.762,12.004],[92.773,12.012],[92.773,12.0],[92.756,11.996],[92.754,11.991],[92.765,11.987],[92.762,11.977],[92.752,11.975],[92.74,11.976],[92.733,11.977],[92.74,11.973],[92.744,11.964],[92.735,11.964],[92.727,11.96],[92.732,11.953],[92.727,11.943],[92.723,11.93],[92.725,11.922],[92.733,11.929],[92.734,11.91],[92.735,11.899],[92.739,11.899],[92.744,11.909],[92.75,11.923],[92.76,11.929],[92.774,11.934],[92.786,11.934],[92.795,11.929],[92.798,11.917],[92.795,11.908],[92.797,11.9],[92.798,11.895],[92.793,11.888],[92.797,11.884],[92.797,11.872],[92.796,11.86],[92.793,11.844],[92.792,11.837],[92.788,11.831],[92.785,11.823],[92.781,11.809],[92.78,11.797],[92.778,11.787],[92.777,11.777],[92.776,11.764],[92.774,11.749],[92.771,11.739],[92.763,11.725],[92.764,11.707],[92.755,11.701],[92.75,11.703],[92.748,11.683],[92.745,11.689],[92.737,11.689],[92.725,11.7],[92.723,11.69],[92.707,11.697],[92.698,11.692],[92.714,11.692],[92.712,11.678],[92.715,11.669],[92.71,11.66],[92.696,11.658],[92.694,11.648],[92.679,11.649],[92.673,11.642],[92.68,11.625],[92.685,11.625],[92.692,11.628],[92.696,11.615],[92.7,11.622],[92.702,11.621],[92.705,11.634],[92.71,11.641],[92.707,11.649],[92.722,11.639],[92.719,11.646],[92.726,11.65],[92.739,11.653],[92.725,11.66],[92.726,11.672],[92.733,11.678],[92.739,11.669],[92.752,11.67],[92.76,11.663],[92.762,11.655],[92.764,11.642],[92.753,11.639],[92.741,11.632],[92.747,11.632],[92.759,11.634],[92.763,11.619],[92.759,11.601],[92.754,11.59],[92.754,11.579],[92.75,11.571],[92.744,11.563],[92.74,11.556],[92.742,11.546],[92.741,11.541],[92.74,11.532],[92.733,11.525],[92.736,11.507],[92.728,11.493],[92.724,11.482],[92.719,11.473],[92.715,11.481],[92.713,11.487],[92.71,11.499],[92.704,11.501],[92.688,11.506],[92.681,11.502],[92.67,11.502],[92.662,11.511],[92.655,11.52],[92.652,11.532],[92.655,11.541],[92.653,11.55],[92.651,11.559],[92.656,11.567],[92.646,11.57],[92.639,11.568],[92.63,11.561],[92.625,11.562],[92.625,11.577],[92.62,11.587],[92.614,11.592],[92.615,11.603],[92.615,11.614],[92.626,11.615],[92.638,11.616],[92.648,11.622],[92.647,11.633],[92.64,11.638],[92.639,11.627],[92.632,11.625],[92.625,11.63],[92.615,11.632],[92.61,11.653],[92.6,11.663],[92.6,11.672],[92.605,11.687],[92.602,11.7],[92.613,11.702],[92.605,11.711],[92.598,11.71],[92.595,11.72],[92.585,11.715],[92.582,11.707],[92.581,11.695],[92.572,11.693],[92.566,11.705],[92.567,11.717],[92.56,11.737],[92.562,11.748],[92.559,11.761],[92.561,11.772],[92.559,11.791],[92.552,11.811],[92.559,11.828],[92.555,11.839],[92.552,11.84],[92.548,11.826],[92.548,11.836],[92.537,11.83],[92.53,11.824],[92.527,11.837],[92.525,11.858],[92.53,11.869],[92.534,11.879],[92.534,11.887],[92.547,11.9],[92.547,11.911],[92.557,11.922],[92.564,11.922],[92.565,11.935],[92.574,11.938],[92.58,11.928],[92.587,11.922],[92.59,11.911],[92.594,11.897],[92.595,11.891],[92.597,11.884],[92.6,11.897],[92.605,11.897],[92.611,11.881],[92.614,11.858],[92.615,11.852],[92.616,11.861],[92.623,11.884],[92.617,11.911],[92.618,11.927],[92.623,11.947],[92.624,11.958],[92.622,11.973],[92.622,11.984],[92.622,11.997],[92.622,12.018],[92.627,12.027],[92.626,12.034],[92.633,12.041],[92.631,12.056],[92.626,12.072],[92.628,12.096],[92.63,12.107],[92.638,12.118],[92.64,12.132],[92.645,12.146],[92.648,12.158],[92.653,12.172],[92.664,12.195],[92.669,12.207],[92.676,12.207],[92.676,12.187],[92.681,12.174],[92.679,12.196],[92.679,12.207],[92.685,12.22],[92.694,12.212],[92.695,12.223],[92.702,12.238],[92.709,12.234],[92.70955657900004,12.227416993000077]]],[[[92.74038696300005,12.20575046700003],[92.743,12.204],[92.745,12.213],[92.749,12.22],[92.749,12.227],[92.754,12.227],[92.763,12.224],[92.775,12.218],[92.77,12.203],[92.773,12.187],[92.764,12.181],[92.754,12.178],[92.745,12.183],[92.743,12.192],[92.73,12.192],[92.731,12.206],[92.73,12.23],[92.739,12.24],[92.74,12.232],[92.742,12.221],[92.74038696300005,12.20575046700003]]],[[[92.91541290300006,12.24324989400003],[92.918,12.241],[92.924,12.226],[92.919,12.216],[92.915,12.227],[92.902,12.229],[92.889,12.22],[92.889,12.209],[92.882,12.213],[92.882,12.227],[92.885,12.244],[92.897,12.246],[92.908,12.251],[92.91541290300006,12.24324989400003]]],[[[93.11372375400003,12.237500191000038],[93.112,12.235],[93.11,12.222],[93.111,12.204],[93.102,12.213],[93.097,12.223],[93.088,12.223],[93.075,12.225],[93.072,12.24],[93.075,12.248],[93.083,12.255],[93.094,12.249],[93.095,12.237],[93.105,12.242],[93.108,12.257],[93.113,12.249],[93.11372375400003,12.237500191000038]]],[[[93.86080932600004,12.28125],[93.863,12.28],[93.874,12.273],[93.87,12.252],[93.856,12.247],[93.848,12.254],[93.845,12.267],[93.85,12.277],[93.86080932600004,12.28125]]],[[[92.71747589100005,12.295361520000029],[92.721,12.293],[92.733,12.294],[92.735,12.287],[92.728,12.265],[92.727,12.256],[92.727,12.244],[92.725,12.23],[92.717,12.236],[92.715,12.249],[92.714,12.255],[92.715,12.267],[92.715,12.283],[92.715,12.295],[92.71747589100005,12.295361520000029]]],[[[92.95036315900006,12.277416229000039],[92.95,12.276],[92.945,12.264],[92.936,12.242],[92.935,12.23],[92.928,12.247],[92.927,12.263],[92.917,12.269],[92.908,12.268],[92.912,12.279],[92.919,12.289],[92.928,12.279],[92.94,12.277],[92.94,12.29],[92.946,12.308],[92.943,12.29],[92.95036315900006,12.277416229000039]]],[[[92.82661438000008,12.302861214000075],[92.831,12.299],[92.844,12.301],[92.86,12.301],[92.877,12.301],[92.884,12.294],[92.881,12.288],[92.888,12.286],[92.892,12.276],[92.899,12.263],[92.897,12.254],[92.884,12.247],[92.87,12.242],[92.875,12.226],[92.883,12.204],[92.888,12.192],[92.874,12.192],[92.87,12.199],[92.858,12.195],[92.85,12.193],[92.861,12.188],[92.861,12.178],[92.863,12.163],[92.856,12.156],[92.844,12.161],[92.832,12.162],[92.826,12.16],[92.829,12.151],[92.83,12.144],[92.821,12.133],[92.813,12.128],[92.813,12.122],[92.82,12.114],[92.816,12.102],[92.805,12.105],[92.792,12.099],[92.8,12.092],[92.808,12.087],[92.8,12.08],[92.787,12.075],[92.779,12.067],[92.769,12.062],[92.765,12.072],[92.758,12.071],[92.749,12.078],[92.746,12.091],[92.749,12.102],[92.758,12.122],[92.76,12.135],[92.763,12.15],[92.771,12.166],[92.776,12.187],[92.775,12.206],[92.783,12.225],[92.786,12.237],[92.777,12.234],[92.766,12.23],[92.755,12.242],[92.751,12.248],[92.758,12.262],[92.767,12.262],[92.775,12.259],[92.78,12.272],[92.786,12.278],[92.786,12.287],[92.785,12.296],[92.78,12.296],[92.78,12.307],[92.793,12.305],[92.803,12.301],[92.811,12.308],[92.82661438000008,12.302861214000075]]],[[[92.87580871600005,12.405333520000056],[92.878,12.404],[92.892,12.399],[92.902,12.399],[92.899,12.388],[92.892,12.377],[92.89,12.375],[92.885,12.382],[92.877,12.378],[92.87,12.382],[92.86,12.393],[92.853,12.4],[92.87580871600005,12.405333520000056]]],[[[92.97039032000004,12.412416458000052],[92.965,12.408],[92.956,12.4],[92.951,12.382],[92.944,12.357],[92.925,12.362],[92.937,12.383],[92.932,12.389],[92.94,12.412],[92.953,12.419],[92.958,12.416],[92.965,12.433],[92.971,12.414],[92.97039032000004,12.412416458000052]]],[[[92.72491455100004,12.825388910000072],[92.726,12.823],[92.725,12.812],[92.725,12.801],[92.725,12.786],[92.725,12.777],[92.727,12.762],[92.737,12.742],[92.729,12.747],[92.728,12.747],[92.73,12.737],[92.734,12.723],[92.727,12.717],[92.719,12.727],[92.722,12.744],[92.719,12.755],[92.715,12.774],[92.704,12.792],[92.711,12.808],[92.717,12.825],[92.72491455100004,12.825388910000072]]],[[[92.73991394000006,12.861166954000055],[92.74,12.86],[92.735,12.848],[92.733,12.837],[92.723,12.829],[92.717,12.835],[92.721,12.844],[92.724,12.852],[92.727,12.859],[92.737,12.863],[92.73991394000006,12.861166954000055]]],[[[92.90950012200005,12.910778046000075],[92.91,12.91],[92.915,12.91],[92.926,12.91],[92.92,12.894],[92.917,12.88],[92.93,12.884],[92.936,12.877],[92.938,12.863],[92.944,12.855],[92.947,12.843],[92.954,12.837],[92.955,12.827],[92.958,12.814],[92.962,12.804],[92.957,12.785],[92.947,12.779],[92.943,12.769],[92.957,12.769],[92.962,12.756],[92.97,12.743],[92.976,12.729],[92.976,12.717],[92.988,12.711],[92.988,12.704],[92.976,12.698],[92.978,12.686],[92.973,12.667],[92.973,12.65],[92.967,12.625],[92.957,12.622],[92.949,12.614],[92.955,12.617],[92.967,12.615],[92.966,12.598],[92.971,12.585],[92.975,12.577],[92.979,12.563],[92.986,12.547],[92.989,12.536],[92.983,12.515],[92.977,12.502],[92.976,12.486],[92.966,12.484],[92.96,12.494],[92.952,12.479],[92.941,12.477],[92.945,12.467],[92.932,12.462],[92.942,12.461],[92.96,12.469],[92.968,12.461],[92.958,12.457],[92.952,12.452],[92.945,12.443],[92.935,12.441],[92.933,12.435],[92.933,12.422],[92.925,12.41],[92.917,12.411],[92.916,12.421],[92.901,12.436],[92.903,12.447],[92.907,12.457],[92.895,12.445],[92.885,12.444],[92.878,12.451],[92.871,12.46],[92.864,12.459],[92.858,12.467],[92.855,12.465],[92.879,12.444],[92.884,12.439],[92.893,12.435],[92.905,12.422],[92.907,12.413],[92.896,12.42],[92.89,12.413],[92.883,12.417],[92.875,12.424],[92.868,12.42],[92.858,12.42],[92.842,12.428],[92.818,12.437],[92.812,12.439],[92.815,12.452],[92.814,12.45],[92.809,12.44],[92.812,12.433],[92.823,12.429],[92.84,12.423],[92.841,12.414],[92.85,12.403],[92.846,12.4],[92.85,12.392],[92.859,12.384],[92.87,12.366],[92.872,12.357],[92.88,12.356],[92.887,12.355],[92.9,12.346],[92.901,12.335],[92.892,12.338],[92.882,12.331],[92.875,12.332],[92.887,12.328],[92.895,12.325],[92.891,12.317],[92.877,12.313],[92.862,12.312],[92.852,12.304],[92.844,12.304],[92.832,12.302],[92.814,12.314],[92.802,12.306],[92.793,12.309],[92.782,12.313],[92.775,12.302],[92.768,12.305],[92.762,12.295],[92.747,12.296],[92.746,12.304],[92.737,12.301],[92.725,12.307],[92.718,12.317],[92.706,12.327],[92.71,12.352],[92.711,12.363],[92.712,12.373],[92.713,12.384],[92.707,12.387],[92.707,12.402],[92.71,12.424],[92.709,12.44],[92.715,12.454],[92.71,12.47],[92.715,12.482],[92.715,12.497],[92.709,12.505],[92.701,12.518],[92.71,12.535],[92.713,12.552],[92.713,12.562],[92.713,12.577],[92.714,12.598],[92.7,12.602],[92.695,12.608],[92.702,12.61],[92.708,12.611],[92.719,12.614],[92.725,12.633],[92.724,12.643],[92.73,12.633],[92.734,12.627],[92.745,12.638],[92.745,12.65],[92.75,12.662],[92.763,12.665],[92.776,12.665],[92.785,12.662],[92.788,12.647],[92.789,12.634],[92.792,12.647],[92.795,12.656],[92.793,12.667],[92.796,12.683],[92.796,12.701],[92.794,12.697],[92.792,12.687],[92.769,12.669],[92.754,12.67],[92.743,12.669],[92.742,12.677],[92.739,12.689],[92.739,12.698],[92.749,12.697],[92.746,12.712],[92.75,12.72],[92.748,12.726],[92.742,12.74],[92.74,12.757],[92.735,12.773],[92.731,12.787],[92.741,12.794],[92.73,12.8],[92.73,12.816],[92.732,12.824],[92.743,12.83],[92.745,12.818],[92.75,12.817],[92.75,12.834],[92.753,12.821],[92.755,12.832],[92.759,12.838],[92.764,12.839],[92.775,12.841],[92.781,12.833],[92.793,12.833],[92.791,12.85],[92.799,12.872],[92.8,12.884],[92.822,12.893],[92.831,12.893],[92.844,12.885],[92.858,12.89],[92.86,12.876],[92.87,12.876],[92.884,12.883],[92.888,12.892],[92.904,12.895],[92.905,12.904],[92.905,12.916],[92.91,12.917],[92.90950012200005,12.910778046000075]]],[[[92.71074676500007,12.986222268000063],[92.712,12.985],[92.725,12.977],[92.725,12.962],[92.724,12.938],[92.725,12.919],[92.732,12.906],[92.734,12.889],[92.73,12.877],[92.722,12.876],[92.729,12.871],[92.723,12.861],[92.714,12.851],[92.709,12.842],[92.709,12.835],[92.698,12.825],[92.689,12.827],[92.686,12.818],[92.693,12.819],[92.697,12.811],[92.687,12.802],[92.682,12.785],[92.675,12.786],[92.669,12.792],[92.675,12.806],[92.67,12.818],[92.662,12.835],[92.661,12.851],[92.659,12.859],[92.666,12.865],[92.675,12.879],[92.675,12.895],[92.679,12.91],[92.677,12.921],[92.68,12.932],[92.682,12.944],[92.678,12.947],[92.682,12.967],[92.694,12.987],[92.704,12.992],[92.71074676500007,12.986222268000063]]],[[[93.01711273200004,12.987500192000027],[93.016,12.986],[93.005,12.979],[92.997,12.967],[92.997,12.949],[92.992,12.934],[92.988,12.925],[92.98,12.933],[92.968,12.936],[92.967,12.94],[92.981,12.942],[92.981,12.952],[92.97,12.954],[92.966,12.964],[92.975,12.964],[92.967,12.972],[92.972,12.986],[92.982,12.968],[92.991,12.972],[92.993,12.987],[93.003,12.987],[93.017,12.994],[93.01711273200004,12.987500192000027]]],[[[92.93499755900007,13.02455520600006],[92.94,13.02],[92.952,13.015],[92.951,13.002],[92.947,12.995],[92.93,12.998],[92.926,13.011],[92.931,13.024],[92.93499755900007,13.02455520600006]]],[[[92.71916961700003,13.097888948000048],[92.721,13.097],[92.735,13.09],[92.727,13.072],[92.721,13.063],[92.71,13.073],[92.702,13.106],[92.71916961700003,13.097888948000048]]],[[[94.29497528000007,13.445388795000042],[94.297,13.445],[94.305,13.444],[94.304,13.432],[94.3,13.421],[94.29,13.415],[94.283,13.415],[94.278,13.427],[94.283,13.438],[94.292,13.448],[94.29497528000007,13.445388795000042]]],[[[93.04872131500008,13.54583358800005],[93.049,13.541],[93.053,13.526],[93.054,13.508],[93.053,13.501],[93.049,13.479],[93.048,13.476],[93.041,13.46],[93.029,13.457],[93.042,13.447],[93.041,13.43],[93.029,13.43],[93.015,13.427],[93.022,13.422],[93.027,13.425],[93.04,13.424],[93.05,13.408],[93.057,13.401],[93.063,13.408],[93.07,13.408],[93.068,13.397],[93.073,13.396],[93.077,13.396],[93.067,13.389],[93.06,13.382],[93.067,13.367],[93.075,13.35],[93.084,13.343],[93.086,13.34],[93.096,13.336],[93.092,13.325],[93.081,13.314],[93.073,13.305],[93.068,13.315],[93.07,13.323],[93.057,13.319],[93.051,13.325],[93.053,13.34],[93.05,13.348],[93.04,13.341],[93.027,13.344],[93.014,13.348],[93.002,13.337],[92.999,13.327],[92.988,13.332],[92.979,13.342],[92.979,13.355],[92.974,13.355],[92.965,13.347],[92.965,13.333],[92.976,13.325],[92.992,13.32],[93.006,13.309],[93.002,13.299],[92.996,13.292],[93.006,13.285],[93.003,13.295],[93.008,13.302],[93.018,13.316],[93.017,13.297],[93.023,13.297],[93.028,13.29],[93.024,13.284],[93.018,13.277],[93.024,13.275],[93.034,13.279],[93.042,13.272],[93.052,13.275],[93.053,13.261],[93.072,13.265],[93.067,13.255],[93.065,13.242],[93.065,13.228],[93.052,13.219],[93.053,13.211],[93.053,13.2],[93.047,13.189],[93.043,13.177],[93.049,13.165],[93.045,13.155],[93.049,13.138],[93.048,13.129],[93.04,13.119],[93.043,13.111],[93.044,13.102],[93.044,13.085],[93.042,13.075],[93.034,13.067],[93.036,13.053],[93.029,13.045],[93.024,13.038],[93.011,13.027],[93.006,13.034],[92.994,13.021],[92.982,13.025],[92.976,13.027],[92.979,13.019],[92.978,13.01],[92.969,13.012],[92.96,13.022],[92.948,13.03],[92.945,13.039],[92.947,13.049],[92.952,13.056],[92.95,13.059],[92.942,13.078],[92.95,13.096],[92.943,13.087],[92.939,13.074],[92.94,13.065],[92.941,13.053],[92.935,13.051],[92.925,13.06],[92.918,13.068],[92.912,13.073],[92.908,13.085],[92.897,13.086],[92.897,13.08],[92.908,13.075],[92.918,13.065],[92.913,13.052],[92.897,13.042],[92.89,13.042],[92.891,13.037],[92.902,13.042],[92.912,13.048],[92.921,13.037],[92.911,13.019],[92.913,13.008],[92.914,12.997],[92.922,12.996],[92.929,12.985],[92.94,12.986],[92.942,12.979],[92.947,12.968],[92.941,12.962],[92.937,12.952],[92.925,12.955],[92.913,12.947],[92.917,12.957],[92.912,12.972],[92.908,12.985],[92.904,12.985],[92.895,12.976],[92.891,12.963],[92.888,12.954],[92.886,12.944],[92.882,12.935],[92.865,12.938],[92.867,12.917],[92.869,12.907],[92.879,12.906],[92.88,12.893],[92.874,12.88],[92.861,12.88],[92.859,12.895],[92.846,12.889],[92.833,12.896],[92.816,12.897],[92.809,12.902],[92.804,12.913],[92.8,12.948],[92.798,12.965],[92.806,12.97],[92.801,12.978],[92.81,12.99],[92.819,12.982],[92.832,12.994],[92.835,13.004],[92.832,13.008],[92.824,13.003],[92.815,13.005],[92.803,13.006],[92.796,13.022],[92.803,13.032],[92.8,13.044],[92.803,13.057],[92.805,13.068],[92.799,13.088],[92.808,13.077],[92.814,13.073],[92.822,13.072],[92.814,13.076],[92.812,13.085],[92.817,13.099],[92.825,13.096],[92.829,13.099],[92.832,13.112],[92.826,13.11],[92.82,13.115],[92.826,13.127],[92.835,13.131],[92.838,13.124],[92.85,13.12],[92.847,13.13],[92.852,13.133],[92.855,13.137],[92.846,13.139],[92.837,13.141],[92.826,13.142],[92.817,13.145],[92.818,13.16],[92.821,13.168],[92.831,13.17],[92.841,13.167],[92.832,13.177],[92.832,13.187],[92.831,13.202],[92.837,13.213],[92.835,13.218],[92.836,13.232],[92.846,13.239],[92.857,13.235],[92.862,13.238],[92.861,13.253],[92.846,13.253],[92.833,13.264],[92.829,13.278],[92.836,13.286],[92.846,13.283],[92.849,13.299],[92.839,13.3],[92.831,13.31],[92.833,13.319],[92.843,13.337],[92.843,13.36],[92.849,13.374],[92.858,13.37],[92.859,13.364],[92.864,13.363],[92.863,13.374],[92.877,13.381],[92.881,13.389],[92.871,13.384],[92.864,13.385],[92.852,13.388],[92.852,13.398],[92.855,13.408],[92.868,13.405],[92.879,13.404],[92.881,13.41],[92.886,13.405],[92.878,13.416],[92.884,13.42],[92.891,13.424],[92.89,13.433],[92.885,13.439],[92.882,13.449],[92.882,13.46],[92.882,13.468],[92.891,13.472],[92.902,13.473],[92.911,13.487],[92.913,13.496],[92.931,13.495],[92.938,13.496],[92.932,13.505],[92.923,13.512],[92.932,13.514],[92.939,13.519],[92.937,13.522],[92.93,13.52],[92.926,13.529],[92.952,13.531],[92.967,13.538],[92.977,13.539],[92.981,13.531],[92.993,13.528],[92.996,13.54],[92.994,13.553],[93.003,13.568],[93.016,13.559],[93.018,13.546],[93.025,13.55],[93.029,13.567],[93.038,13.575],[93.045,13.561],[93.04872131500008,13.54583358800005]]],[[[93.02919769300007,13.669583321000061],[93.03,13.669],[93.035,13.655],[93.041,13.637],[93.04,13.622],[93.026,13.639],[93.012,13.642],[92.996,13.638],[92.99,13.65],[93.0,13.66],[93.012,13.665],[93.019,13.66],[93.025,13.669],[93.02919769300007,13.669583321000061]]],[[[88.19290927100008,21.57372271400004],[88.194,21.573],[88.191,21.57],[88.179,21.569],[88.174,21.578],[88.171,21.587],[88.18,21.599],[88.187,21.587],[88.189,21.577],[88.19290927100008,21.57372271400004]]],[[[88.52997180500006,21.56019821900003],[88.53,21.553],[88.521,21.548],[88.51,21.554],[88.505,21.55],[88.491,21.554],[88.482,21.567],[88.485,21.576],[88.496,21.6],[88.505,21.592],[88.534,21.579],[88.52997180500006,21.56019821900003]]],[[[88.84526714800006,21.599526492000052],[88.847,21.599],[88.865,21.595],[88.877,21.59],[88.89,21.581],[88.897,21.572],[88.894,21.561],[88.867,21.559],[88.847,21.561],[88.832,21.576],[88.831,21.587],[88.834,21.606],[88.842,21.601],[88.84526714800006,21.599526492000052]]],[[[88.55285937100007,21.631195068000068],[88.557,21.63],[88.577,21.617],[88.588,21.609],[88.59,21.603],[88.579,21.58],[88.55,21.569],[88.543,21.577],[88.537,21.589],[88.521,21.595],[88.514,21.598],[88.512,21.61],[88.523,21.623],[88.522,21.631],[88.523,21.649],[88.528,21.648],[88.55285937100007,21.631195068000068]]],[[[88.30826337800005,21.706298122000078],[88.309,21.705],[88.333,21.702],[88.348,21.682],[88.345,21.67],[88.349,21.658],[88.35,21.641],[88.342,21.624],[88.332,21.615],[88.322,21.613],[88.311,21.608],[88.31,21.64],[88.315,21.656],[88.316,21.673],[88.31,21.691],[88.303,21.707],[88.30826337800005,21.706298122000078]]],[[[88.72656945100005,21.665689816000054],[88.737,21.657],[88.769,21.655],[88.77,21.631],[88.788,21.599],[88.795,21.59],[88.758,21.581],[88.75,21.591],[88.739,21.583],[88.71,21.591],[88.712,21.612],[88.715,21.623],[88.719,21.644],[88.709,21.66],[88.707,21.665],[88.697,21.675],[88.691,21.69],[88.695,21.699],[88.696,21.709],[88.704,21.684],[88.72656945100005,21.665689816000054]]],[[[88.21080780000005,21.670360565000067],[88.212,21.67],[88.228,21.656],[88.232,21.644],[88.222,21.631],[88.215,21.625],[88.21,21.612],[88.215,21.601],[88.204,21.603],[88.192,21.637],[88.187,21.656],[88.183,21.67],[88.181,21.688],[88.182,21.696],[88.188,21.71],[88.195,21.718],[88.208,21.719],[88.216,21.699],[88.199,21.693],[88.198,21.677],[88.21080780000005,21.670360565000067]]],[[[88.55887725100007,21.729892035000034],[88.56,21.73],[88.568,21.733],[88.572,21.727],[88.58,21.717],[88.587,21.7],[88.603,21.684],[88.599,21.669],[88.589,21.661],[88.593,21.654],[88.6,21.634],[88.591,21.62],[88.575,21.631],[88.555,21.64],[88.551,21.638],[88.53,21.655],[88.534,21.67],[88.526,21.695],[88.518,21.708],[88.522,21.717],[88.531,21.722],[88.541,21.737],[88.556,21.734],[88.55887725100007,21.729892035000034]]],[[[88.54485848600007,21.811844189000055],[88.548,21.809],[88.561,21.803],[88.571,21.79],[88.562,21.767],[88.572,21.737],[88.563,21.732],[88.553,21.737],[88.531,21.729],[88.523,21.719],[88.517,21.727],[88.512,21.735],[88.509,21.743],[88.504,21.756],[88.512,21.768],[88.508,21.778],[88.529,21.804],[88.54485848600007,21.811844189000055]]],[[[88.59830258800008,21.84728855000003],[88.6,21.846],[88.604,21.839],[88.617,21.83],[88.61,21.822],[88.61,21.811],[88.614,21.801],[88.608,21.798],[88.588,21.8],[88.577,21.816],[88.579,21.828],[88.582,21.839],[88.589,21.849],[88.594,21.849],[88.59830258800008,21.84728855000003]]],[[[88.16872406000005,21.785804750000068],[88.169,21.782],[88.171,21.757],[88.171,21.742],[88.17,21.731],[88.165,21.714],[88.155,21.687],[88.149,21.68],[88.137,21.678],[88.132,21.676],[88.155,21.678],[88.159,21.647],[88.155,21.642],[88.142,21.628],[88.126,21.624],[88.106,21.625],[88.092,21.628],[88.088,21.633],[88.086,21.636],[88.066,21.635],[88.052,21.64],[88.04,21.667],[88.042,21.662],[88.045,21.676],[88.049,21.687],[88.055,21.701],[88.06,21.71],[88.052,21.715],[88.059,21.725],[88.06,21.736],[88.071,21.744],[88.075,21.761],[88.079,21.772],[88.087,21.781],[88.086,21.786],[88.089,21.797],[88.1,21.817],[88.105,21.832],[88.116,21.85],[88.122,21.859],[88.137,21.875],[88.15,21.856],[88.156,21.838],[88.17,21.822],[88.176,21.808],[88.168,21.797],[88.16872406000005,21.785804750000068]]],[[[88.64632574300003,21.91717324900003],[88.648,21.916],[88.667,21.913],[88.653,21.873],[88.641,21.872],[88.653,21.868],[88.648,21.836],[88.643,21.806],[88.637,21.786],[88.621,21.796],[88.618,21.808],[88.616,21.835],[88.609,21.838],[88.6,21.849],[88.598,21.864],[88.604,21.877],[88.619,21.896],[88.628,21.892],[88.629,21.893],[88.63,21.907],[88.645,21.919],[88.64632574300003,21.91717324900003]]],[[[88.66370896500007,22.018627063000054],[88.665,22.017],[88.681,22.015],[88.704,22.003],[88.708,21.992],[88.7,21.983],[88.688,21.972],[88.685,21.973],[88.691,21.96],[88.686,21.955],[88.681,21.953],[88.681,21.948],[88.672,21.947],[88.663,21.954],[88.652,21.955],[88.64,21.954],[88.629,21.959],[88.633,21.986],[88.645,22.007],[88.656,22.02],[88.66370896500007,22.018627063000054]]],[[[88.07023948200003,21.92172391200006],[88.049,21.916],[88.057,21.959],[88.126,22.02],[88.145,22.027],[88.086,21.938],[88.07023948200003,21.92172391200006]]],[[[68.16786193800004,23.73413848900003],[68.166,23.732],[68.168,23.771],[68.195,23.787],[68.195,23.78],[68.174,23.748],[68.16786193800004,23.73413848900003]]],[[[68.32771812000004,23.93327196100006],[68.322,23.933],[68.325,23.94],[68.32771812000004,23.93327196100006]]]]}}]}